tipo,activo,from,open,close,max,min,volume
binary,FB-OTC,1782036120,564.650085,565.066305,565.920025,564.650085,0
binary,FB-OTC,1782036180,565.157065,565.454285,565.454285,564.248605,0
binary,FB-OTC,1782036240,565.454165,567.523245,567.523245,565.377655,0
binary,FB-OTC,1782036300,567.523825,566.847525,567.619835,566.561965,0
binary,FB-OTC,1782036360,566.843355,566.033095,567.186785,565.948625,0
binary,FB-OTC,1782036420,565.812715,564.480785,566.063245,564.071545,0
binary,FB-OTC,1782036480,564.411195,563.656825,564.719515,563.337515,0
binary,FB-OTC,1782036540,563.657525,565.793405,565.892855,563.620145,0
binary,FB-OTC,1782036600,565.790735,566.350985,566.499095,565.388885,0
binary,FB-OTC,1782036660,566.348595,566.676165,566.959045,566.169065,0
binary,FB-OTC,1782036720,566.706635,566.257375,567.044775,565.837765,0
binary,FB-OTC,1782036780,566.191095,565.933435,566.365945,565.146785,0
binary,FB-OTC,1782036840,565.963785,566.138875,566.454285,565.872835,0
binary,FB-OTC,1782036900,566.183665,564.271015,566.183665,564.136385,0
binary,FB-OTC,1782036960,564.204285,564.299965,565.090095,564.201685,0
binary,FB-OTC,1782037020,564.299115,564.911075,564.968705,564.151355,0
binary,FB-OTC,1782037080,564.867195,564.931105,565.702485,564.442035,0
binary,FB-OTC,1782037140,564.932865,563.670455,565.102975,563.296325,0
binary,FB-OTC,1782037200,563.524205,564.724555,564.979305,563.284575,0
binary,FB-OTC,1782037260,564.720935,565.625655,566.140465,564.578225,0
binary,FB-OTC,1782037320,565.630165,566.081145,566.354055,565.349645,0
binary,FB-OTC,1782037380,566.081765,567.857045,568.507615,566.081765,0
binary,FB-OTC,1782037440,567.972135,567.296625,568.139595,567.247315,0
binary,FB-OTC,1782037500,567.296335,567.204815,567.836735,566.601865,0
binary,FB-OTC,1782037560,567.188875,567.579595,567.667485,566.969225,0
binary,FB-OTC,1782037620,567.856115,566.920805,567.905265,566.920805,0
binary,FB-OTC,1782037680,566.904835,566.970425,567.473175,566.549325,0
binary,FB-OTC,1782037740,566.971615,565.843305,566.971615,565.827605,0
binary,FB-OTC,1782037800,565.860305,565.281925,566.037625,565.106335,0
binary,FB-OTC,1782037860,565.279495,565.853345,566.497095,564.768785,0
binary,FB-OTC,1782037920,565.843475,566.220215,566.889925,565.540815,0
binary,FB-OTC,1782037980,566.257475,567.200955,567.200955,565.979515,0
binary,FB-OTC,1782038040,567.201125,567.148695,567.345765,566.000785,0
binary,FB-OTC,1782038100,567.102375,568.327545,568.497775,566.741185,0
binary,FB-OTC,1782038160,568.325125,569.051855,569.051855,567.851805,0
binary,FB-OTC,1782038220,569.053025,568.035745,569.495225,567.696255,0
binary,FB-OTC,1782038280,568.031555,567.406495,568.149415,566.954145,0
binary,FB-OTC,1782038340,567.401915,566.149215,567.401915,566.065215,0
binary,FB-OTC,1782038400,566.046955,564.952915,566.046955,564.854575,0
binary,FB-OTC,1782038460,564.957195,564.741475,564.967335,564.397115,0
binary,FB-OTC,1782038520,564.744145,563.772455,565.030935,563.317785,0
binary,FB-OTC,1782038580,563.602955,563.829375,564.254495,563.305445,0
binary,FB-OTC,1782038640,563.887175,563.909965,565.247115,563.822775,0
binary,FB-OTC,1782038700,563.912785,562.258185,564.242355,561.837645,0
binary,FB-OTC,1782038760,562.258365,562.348365,563.739805,562.038425,0
binary,FB-OTC,1782038820,562.350675,563.144785,563.787915,562.346945,0
binary,FB-OTC,1782038880,563.142335,562.957795,563.640305,562.491345,0
binary,FB-OTC,1782038940,562.959685,563.554965,563.796265,562.588235,0
binary,FB-OTC,1782039000,563.572935,563.309645,563.700655,562.701035,0
binary,FB-OTC,1782039060,563.429625,562.551135,563.550365,562.224055,0
binary,FB-OTC,1782039120,562.542705,563.132315,563.923345,562.540575,0
binary,FB-OTC,1782039180,563.145415,562.713725,563.354155,562.295615,0
binary,FB-OTC,1782039240,562.867365,562.722455,563.234505,562.106695,0
binary,FB-OTC,1782039300,562.719365,562.343375,563.014745,562.213375,0
binary,FB-OTC,1782039360,562.343755,562.213895,562.852935,561.874635,0
binary,FB-OTC,1782039420,562.174575,561.837225,563.369305,561.707775,0
binary,FB-OTC,1782039480,561.682235,561.546565,561.965285,561.104955,0
binary,FB-OTC,1782039540,561.546495,561.131045,561.574385,561.007025,0
binary,FB-OTC,1782039600,561.169905,561.605235,562.123695,561.034075,0
binary,FB-OTC,1782039660,561.601225,562.733985,562.969585,561.430685,0
binary,FB-OTC,1782039720,562.730985,562.745425,562.900485,561.952585,0
binary,FB-OTC,1782039780,562.744385,560.681375,562.857705,560.590215,0
binary,FB-OTC,1782039840,560.686105,560.394415,560.821145,559.416495,0
binary,FB-OTC,1782039900,560.404035,560.947525,561.328335,560.120255,0
binary,FB-OTC,1782039960,561.011555,560.743335,561.590755,560.636435,0
binary,FB-OTC,1782040020,560.831825,561.790405,561.846555,560.676635,0
binary,FB-OTC,1782040080,561.797665,562.552365,563.098555,561.610095,0
binary,FB-OTC,1782040140,562.496165,564.074835,564.156135,562.491525,0
binary,FB-OTC,1782040200,564.089585,564.625145,564.628035,563.395395,0
binary,FB-OTC,1782040260,564.604135,564.408605,564.640435,563.484715,0
binary,FB-OTC,1782040320,564.498915,564.044405,564.993845,563.819915,0
binary,FB-OTC,1782040380,564.049105,563.709035,564.268615,563.283345,0
binary,FB-OTC,1782040440,563.707495,563.143465,563.858995,562.952985,0
binary,FB-OTC,1782040500,563.148075,563.422955,564.200275,562.794615,0
binary,FB-OTC,1782040560,563.420945,564.360835,565.120785,563.211295,0
binary,FB-OTC,1782040620,564.363575,564.253495,564.929525,563.939625,0
binary,FB-OTC,1782040680,564.272875,565.005165,565.307725,564.252165,0
binary,FB-OTC,1782040740,565.007975,564.621015,565.194435,564.111765,0
binary,FB-OTC,1782040800,564.637405,565.866785,566.480115,564.319345,0
binary,FB-OTC,1782040860,565.864565,564.781335,566.234135,564.599575,0
binary,FB-OTC,1782040920,564.781685,565.453585,565.757565,564.391145,0
binary,FB-OTC,1782040980,565.514985,565.259775,566.032545,565.118505,0
binary,FB-OTC,1782041040,565.256165,565.257765,565.743975,565.164605,0
binary,FB-OTC,1782041100,565.258655,565.612815,565.979625,565.258655,0
binary,FB-OTC,1782041160,565.627605,564.449585,566.300415,564.425975,0
binary,FB-OTC,1782041220,564.461135,563.955655,564.551725,563.761235,0
binary,FB-OTC,1782041280,563.952065,563.949165,564.409425,562.948695,0
binary,FB-OTC,1782041340,563.960745,562.769275,564.286215,562.741035,0
binary,FB-OTC,1782041400,562.745415,562.770965,562.975885,561.993095,0
binary,FB-OTC,1782041460,562.769745,561.333585,563.029235,560.911135,0
binary,FB-OTC,1782041520,561.334715,560.018245,561.334715,560.003705,0
binary,FB-OTC,1782041580,559.960595,560.375295,561.104755,559.735695,0
binary,FB-OTC,1782041640,560.430225,561.734045,561.928905,560.197975,0
binary,FB-OTC,1782041700,561.732695,560.879865,562.187085,560.879865,0
binary,FB-OTC,1782041760,560.876045,560.475025,561.366035,560.470205,0
binary,FB-OTC,1782041820,560.570775,559.973655,560.809885,559.432785,0
binary,FB-OTC,1782041880,559.930405,561.796155,561.936115,559.697205,0
binary,FB-OTC,1782041940,561.796255,562.343425,562.343725,561.664345,0
binary,FB-OTC,1782042000,562.042915,561.518125,562.669805,561.454465,0
binary,FB-OTC,1782042060,561.567435,562.391985,562.391985,561.467145,0
binary,FB-OTC,1782042120,562.323545,561.523285,562.658485,561.454705,0
binary,FB-OTC,1782042180,561.514055,561.881435,562.247575,561.514055,0
binary,FB-OTC,1782042240,561.880725,562.734645,563.337575,561.626895,0
binary,FB-OTC,1782042300,562.760225,563.730415,563.914065,562.760225,0
binary,FB-OTC,1782042360,563.731185,563.801865,564.016185,563.168255,0
binary,FB-OTC,1782042420,563.798745,562.869185,563.868035,562.734825,0
binary,FB-OTC,1782042480,562.769825,563.593275,563.993545,562.769825,0
binary,FB-OTC,1782042540,563.633435,563.506985,564.218885,562.972135,0
binary,FB-OTC,1782042600,563.439875,561.861685,563.470115,561.280695,0
binary,FB-OTC,1782042660,561.790325,561.995425,562.811465,561.469985,0
binary,FB-OTC,1782042720,562.041535,560.992005,562.334685,560.937625,0
binary,FB-OTC,1782042780,560.989615,560.056135,561.029695,559.170545,0
binary,FB-OTC,1782042840,560.055295,559.544985,560.298335,559.004295,0
binary,FB-OTC,1782042900,559.545225,560.449985,560.950405,559.545225,0
binary,FB-OTC,1782042960,560.448125,560.198515,560.629585,559.832395,0
binary,FB-OTC,1782043020,560.352195,561.403115,561.403115,560.165115,0
binary,FB-OTC,1782043080,561.435445,561.761175,562.530975,561.435445,0
binary,FB-OTC,1782043140,561.671445,562.713035,562.733535,561.254525,0
binary,FB-OTC,1782043200,562.709005,564.486375,564.580035,562.493045,0
binary,FB-OTC,1782043260,564.408275,563.304475,564.877085,563.304475,0
binary,FB-OTC,1782043320,563.302735,563.794775,563.841455,563.135985,0
binary,FB-OTC,1782043380,563.791285,562.856395,563.791285,562.829775,0
binary,FB-OTC,1782043440,562.832435,561.597515,562.929225,561.252785,0
binary,FB-OTC,1782043500,561.601415,561.943755,562.040325,561.039645,0
binary,FB-OTC,1782043560,561.947535,560.319845,561.951515,560.133455,0
binary,FB-OTC,1782043620,560.324125,561.469445,561.515335,560.227855,0
binary,FB-OTC,1782043680,561.466745,561.903345,562.160835,561.114505,0
binary,FB-OTC,1782043740,561.909355,561.821285,562.141075,561.415135,0
binary,FB-OTC,1782043800,561.818925,560.891965,561.937995,560.619745,0
binary,FB-OTC,1782043860,560.849865,560.941875,561.896905,560.173605,0
binary,FB-OTC,1782043920,560.943125,560.331665,561.115935,560.331665,0
binary,FB-OTC,1782043980,560.328165,560.069485,561.026375,559.987625,0
binary,FB-OTC,1782044040,560.102485,560.014645,561.137305,559.569645,0
binary,FB-OTC,1782044100,560.018685,559.063145,560.771415,558.989125,0
binary,FB-OTC,1782044160,559.078365,558.965595,559.485125,558.825385,0
binary,FB-OTC,1782044220,559.058895,561.471765,561.479415,558.908665,0
binary,FB-OTC,1782044280,561.478645,562.615345,562.622885,561.045885,0
binary,FB-OTC,1782044340,562.613655,562.136045,562.622005,561.299055,0
binary,FB-OTC,1782044400,562.137855,561.155255,562.447905,560.908675,0
binary,FB-OTC,1782044460,561.159165,562.241485,562.554985,560.595495,0
binary,FB-OTC,1782044520,562.278435,562.720285,563.162135,561.508375,0
binary,FB-OTC,1782044580,562.724845,563.543525,563.816775,562.302205,0
binary,FB-OTC,1782044640,563.475655,562.909235,563.660995,562.653085,0
binary,FB-OTC,1782044700,562.912865,562.760925,563.106605,562.287865,0
binary,FB-OTC,1782044760,562.785455,562.808015,563.352005,562.385035,0
binary,FB-OTC,1782044820,562.808285,563.134255,563.336395,562.420085,0
binary,FB-OTC,1782044880,563.219155,563.229155,563.486345,562.282085,0
binary,FB-OTC,1782044940,563.226545,562.883505,563.771565,562.614365,0
binary,FB-OTC,1782045000,562.857835,561.844135,563.227655,561.653415,0
binary,FB-OTC,1782045060,561.846925,562.496085,562.775235,561.794385,0
binary,FB-OTC,1782045120,562.394945,561.808795,562.573375,561.133805,0
binary,FB-OTC,1782045180,561.797985,561.192265,561.982595,560.965155,0
binary,FB-OTC,1782045240,561.227505,561.637675,561.948535,560.649335,0
binary,FB-OTC,1782045300,561.609105,562.266295,562.361455,561.408845,0
binary,FB-OTC,1782045360,562.270785,562.319455,563.124025,562.140425,0
binary,FB-OTC,1782045420,562.490755,562.433635,563.212005,561.678705,0
binary,FB-OTC,1782045480,562.437815,563.680785,563.765435,562.331075,0
binary,FB-OTC,1782045540,563.683915,563.951275,564.567695,563.683395,0
binary,FB-OTC,1782045600,563.946955,564.428505,564.436205,563.426375,0
binary,FB-OTC,1782045660,564.414465,564.115255,565.379815,564.103445,0
binary,FB-OTC,1782045720,564.109785,564.002965,564.357755,563.512455,0
binary,FB-OTC,1782045780,563.998235,564.025655,564.596385,563.455835,0
binary,FB-OTC,1782045840,564.029785,563.896345,564.647655,563.883025,0
binary,FB-OTC,1782045900,563.908075,563.563755,564.322875,563.366045,0
binary,FB-OTC,1782045960,563.559665,563.344435,563.937055,562.867795,0
binary,FB-OTC,1782046020,563.344925,564.980665,565.057445,563.235905,0
binary,FB-OTC,1782046080,565.042005,565.404675,565.595445,564.679225,0
binary,FB-OTC,1782046140,565.406345,564.580475,565.431085,564.419975,0
binary,FB-OTC,1782046200,564.584545,563.611685,565.156605,563.611685,0
binary,FB-OTC,1782046260,563.654925,563.294665,564.062135,563.062255,0
binary,FB-OTC,1782046320,563.327415,563.384745,563.647565,562.700875,0
binary,FB-OTC,1782046380,563.388715,563.821585,564.015885,562.731885,0
binary,FB-OTC,1782046440,563.823425,562.338005,563.872905,562.335605,0
binary,FB-OTC,1782046500,562.389025,563.567515,563.712225,562.026425,0
binary,FB-OTC,1782046560,563.566985,563.537465,563.660835,562.386805,0
binary,FB-OTC,1782046620,563.506125,563.861585,563.861585,562.573855,0
binary,FB-OTC,1782046680,563.866395,564.608945,564.830605,563.817845,0
binary,FB-OTC,1782046740,564.592025,564.084475,564.592025,563.458285,0
binary,FB-OTC,1782046800,564.085205,562.990545,564.085205,562.955055,0
binary,FB-OTC,1782046860,562.994645,563.944495,564.329725,562.741335,0
binary,FB-OTC,1782046920,563.998955,565.319145,565.847425,563.998955,0
binary,FB-OTC,1782046980,565.314675,564.300065,565.665125,564.271345,0
binary,FB-OTC,1782047040,564.304025,564.422265,564.487825,563.920675,0
binary,FB-OTC,1782047100,564.378965,563.108645,564.557415,562.792655,0
binary,FB-OTC,1782047160,563.111785,562.606485,563.918135,562.606485,0
binary,FB-OTC,1782047220,562.733255,564.336205,564.670665,562.638915,0
binary,FB-OTC,1782047280,564.339045,564.179215,564.997155,563.301945,0
binary,FB-OTC,1782047340,564.174545,564.702975,565.752505,564.174545,0
binary,FB-OTC,1782047400,564.703205,562.851315,564.705545,562.851315,0
binary,FB-OTC,1782047460,562.851495,563.743895,564.311385,562.851495,0
binary,FB-OTC,1782047520,563.738505,564.615435,565.058475,563.570555,0
binary,FB-OTC,1782047580,564.619665,564.636315,565.389185,564.460475,0
binary,FB-OTC,1782047640,564.640095,564.939765,565.131175,564.256745,0
binary,FB-OTC,1782047700,564.935785,565.628425,565.915465,564.542955,0
binary,FB-OTC,1782047760,565.668765,565.100485,565.669665,563.853515,0
binary,FB-OTC,1782047820,565.091955,565.894935,565.894935,564.924625,0
binary,FB-OTC,1782047880,565.896315,566.003445,566.429195,565.701035,0
binary,FB-OTC,1782047940,565.946155,565.215865,565.994285,564.659755,0
binary,FB-OTC,1782048000,565.161165,564.326205,565.197165,564.056105,0
binary,FB-OTC,1782048060,564.328135,564.576625,565.040855,564.152585,0
binary,FB-OTC,1782048120,564.580445,564.500805,564.928885,564.251235,0
binary,FB-OTC,1782048180,564.501995,564.332965,564.780425,563.466815,0
binary,FB-OTC,1782048240,564.330235,563.266645,564.971075,563.260325,0
binary,FB-OTC,1782048300,563.262685,562.309995,563.333855,562.240025,0
binary,FB-OTC,1782048360,562.314775,562.465795,562.470615,561.394955,0
binary,FB-OTC,1782048420,562.461225,564.075445,564.342255,562.430865,0
binary,FB-OTC,1782048480,564.078005,563.716965,564.411855,563.556285,0
binary,FB-OTC,1782048540,563.715935,563.818485,564.433315,563.149335,0
binary,FB-OTC,1782048600,563.815245,564.173575,564.547395,563.760075,0
binary,FB-OTC,1782048660,564.178355,562.901025,564.289005,562.754885,0
binary,FB-OTC,1782048720,562.900055,562.509875,563.635705,562.509875,0
binary,FB-OTC,1782048780,562.507485,562.279215,562.911945,561.821515,0
binary,FB-OTC,1782048840,562.246985,563.888245,564.009735,561.870385,0
binary,FB-OTC,1782048900,563.889685,564.472965,564.472965,563.338985,0
binary,FB-OTC,1782048960,564.377485,564.526495,564.763895,563.875895,0
binary,FB-OTC,1782049020,564.531215,564.788715,565.063105,564.006685,0
binary,FB-OTC,1782049080,564.816285,564.012765,564.841865,563.578855,0
binary,FB-OTC,1782049140,564.088835,564.299495,565.487455,564.004575,0
binary,FB-OTC,1782049200,564.262065,564.939725,565.068205,563.703555,0
binary,FB-OTC,1782049260,564.944515,564.105195,564.980775,564.042155,0
binary,FB-OTC,1782049320,564.247375,564.075605,564.966295,563.807855,0
binary,FB-OTC,1782049380,564.095635,563.602315,564.695565,563.397955,0
binary,FB-OTC,1782049440,563.725245,562.793895,563.725245,562.393245,0
binary,FB-OTC,1782049500,562.791055,562.527025,563.025415,562.390275,0
binary,FB-OTC,1782049560,562.522535,562.754945,562.894955,561.992545,0
binary,FB-OTC,1782049620,562.758865,562.416675,562.936585,562.193325,0
binary,FB-OTC,1782049680,562.403715,561.616535,562.501035,561.229305,0
binary,FB-OTC,1782049740,561.772585,562.488375,562.488375,561.426745,0
binary,FB-OTC,1782049800,562.443375,562.730635,563.129745,562.089955,0
binary,FB-OTC,1782049860,562.650575,563.971295,564.007975,562.435645,0
binary,FB-OTC,1782049920,563.970305,564.853815,565.209955,563.897075,0
binary,FB-OTC,1782049980,564.892045,565.089585,565.531115,564.776195,0
binary,FB-OTC,1782050040,565.088475,565.787925,565.871625,564.589155,0
binary,FB-OTC,1782050100,565.825465,566.834425,567.009235,565.825465,0
binary,FB-OTC,1782050160,566.853905,568.068165,568.116855,566.630295,0
binary,FB-OTC,1782050220,568.132645,569.221255,569.403665,567.654975,0
binary,FB-OTC,1782050280,569.269855,569.476665,570.362755,569.075065,0
binary,FB-OTC,1782050340,569.480705,568.757155,569.676995,568.055645,0
binary,FB-OTC,1782050400,568.705535,568.510025,569.178735,567.921355,0
binary,FB-OTC,1782050460,568.510225,569.790375,569.886195,568.283195,0
binary,FB-OTC,1782050520,569.742045,567.931055,569.742045,567.901195,0
binary,FB-OTC,1782050580,567.936365,567.529975,568.438265,567.349085,0
binary,FB-OTC,1782050640,567.531505,566.326385,567.645795,566.179765,0
binary,FB-OTC,1782050700,566.325825,566.973085,567.605195,566.325825,0
binary,FB-OTC,1782050760,566.971105,566.725795,567.454625,566.452875,0
binary,FB-OTC,1782050820,566.740725,567.405885,567.405885,566.603815,0
binary,FB-OTC,1782050880,567.406565,568.271425,568.271425,566.898895,0
binary,FB-OTC,1782050940,568.221495,568.843965,569.133495,568.088805,0
binary,FB-OTC,1782051000,568.848235,568.241315,569.193795,568.228835,0
binary,FB-OTC,1782051060,568.240945,570.298465,570.612635,567.984135,0
binary,FB-OTC,1782051120,570.275555,569.059255,570.869105,568.873395,0
binary,FB-OTC,1782051180,569.067725,570.801075,570.801075,569.067725,0
binary,FB-OTC,1782051240,570.799195,569.833935,571.411215,569.630955,0
binary,FB-OTC,1782051300,569.830045,569.136195,570.096805,568.984815,0
binary,FB-OTC,1782051360,569.138785,568.456245,569.854075,568.326985,0
binary,FB-OTC,1782051420,568.452795,569.166465,569.254005,568.311045,0
binary,FB-OTC,1782051480,569.166635,569.684635,569.690135,568.610055,0
binary,FB-OTC,1782051540,569.683575,570.074615,570.465685,569.457555,0
binary,FB-OTC,1782051600,570.071925,569.130655,570.362455,568.979045,0
binary,FB-OTC,1782051660,569.129445,568.051725,569.243105,567.714345,0
binary,FB-OTC,1782051720,568.120075,567.498305,568.129585,567.031395,0
binary,FB-OTC,1782051780,567.400695,567.087575,567.576985,566.606925,0
binary,FB-OTC,1782051840,567.088185,568.173455,568.520905,567.072075,0
binary,FB-OTC,1782051900,568.142965,568.391195,568.597565,567.364495,0
binary,FB-OTC,1782051960,568.428585,567.810465,568.600415,567.781625,0
binary,FB-OTC,1782052020,567.852685,567.689565,567.976505,566.754175,0
binary,FB-OTC,1782052080,567.641255,567.460375,568.072605,567.236835,0
binary,FB-OTC,1782052140,567.457845,567.055215,568.165655,566.960745,0
binary,FB-OTC,1782052200,566.892965,565.674125,567.073165,565.403475,0
binary,FB-OTC,1782052260,565.679565,566.129695,566.319385,565.269095,0
binary,FB-OTC,1782052320,566.177465,565.741725,566.398765,565.407235,0
binary,FB-OTC,1782052380,565.741095,565.659585,566.646175,565.460025,0
binary,FB-OTC,1782052440,565.622355,566.479495,567.035015,565.622355,0
binary,FB-OTC,1782052500,566.476965,565.607685,566.476965,564.916255,0
binary,FB-OTC,1782052560,565.640485,564.430735,565.845035,564.359265,0
binary,FB-OTC,1782052620,564.456615,563.597095,564.928265,563.582625,0
binary,FB-OTC,1782052680,563.599235,561.877845,563.686505,561.786305,0
binary,FB-OTC,1782052740,561.833875,560.496985,561.926505,559.694135,0
binary,FB-OTC,1782052800,560.496945,561.338745,561.526005,560.144005,0
binary,FB-OTC,1782052860,561.325065,561.292175,561.696945,561.175985,0
binary,FB-OTC,1782052920,561.368455,560.929315,561.514535,560.835845,0
binary,FB-OTC,1782052980,561.054145,560.408535,561.132875,560.408535,0
binary,FB-OTC,1782053040,560.373655,560.525985,561.053905,560.373655,0
binary,FB-OTC,1782053100,560.530795,559.855275,560.932685,558.983815,0
binary,FB-OTC,1782053160,559.852275,558.288605,559.967975,558.288605,0
binary,FB-OTC,1782053220,558.313805,559.524575,559.703285,557.916245,0
binary,FB-OTC,1782053280,559.527855,558.242815,559.533185,557.563675,0
binary,FB-OTC,1782053340,558.394955,559.151805,559.454165,557.908795,0
binary,FB-OTC,1782053400,559.173065,558.893045,560.109675,558.888925,0
binary,FB-OTC,1782053460,558.895865,558.250185,559.252435,558.003065,0
binary,FB-OTC,1782053520,558.245275,557.706635,559.181465,557.606335,0
binary,FB-OTC,1782053580,557.705355,556.996715,557.848485,556.632455,0
binary,FB-OTC,1782053640,556.995695,556.523045,557.359185,556.420955,0
binary,FB-OTC,1782053700,556.461325,557.817145,557.817785,556.252285,0
binary,FB-OTC,1782053760,557.780955,556.969495,558.108115,556.208855,0
binary,FB-OTC,1782053820,556.968125,558.439105,558.439105,556.839585,0
binary,FB-OTC,1782053880,558.540005,558.269075,558.919545,558.123195,0
binary,FB-OTC,1782053940,558.265685,558.580965,558.908845,558.109095,0
binary,FB-OTC,1782054000,558.544705,558.530415,558.986205,558.268225,0
binary,FB-OTC,1782054060,558.532265,558.392225,559.000135,558.333065,0
binary,FB-OTC,1782054120,558.393675,558.880595,559.120745,558.052625,0
binary,FB-OTC,1782054180,558.826035,558.630755,559.364045,558.319255,0
binary,FB-OTC,1782054240,558.626045,560.328545,560.694625,558.581245,0
binary,FB-OTC,1782054300,560.326645,561.609005,561.625265,559.792665,0
binary,FB-OTC,1782054360,561.604595,561.495905,562.435785,561.193505,0
binary,FB-OTC,1782054420,561.478095,562.412305,562.412305,561.321355,0
binary,FB-OTC,1782054480,562.414865,564.198635,564.198635,562.186505,0
binary,FB-OTC,1782054540,564.196045,564.914915,565.041545,564.022785,0
binary,FB-OTC,1782054600,564.916625,565.884025,566.150825,564.916625,0
binary,FB-OTC,1782054660,565.886105,565.391135,566.085165,565.362345,0
binary,FB-OTC,1782054720,565.393355,565.481495,565.946665,565.372425,0
binary,FB-OTC,1782054780,565.379725,563.549365,565.395365,563.523735,0
binary,FB-OTC,1782054840,563.548285,562.889945,563.851375,562.698695,0
binary,FB-OTC,1782054900,562.897855,562.620595,563.053675,561.944385,0
binary,FB-OTC,1782054960,562.630005,562.381485,562.750345,561.679545,0
binary,FB-OTC,1782055020,562.383155,563.955425,563.955425,562.360535,0
binary,FB-OTC,1782055080,563.951525,563.922705,564.548015,563.431735,0
binary,FB-OTC,1782055140,563.920075,564.980815,565.354105,563.893595,0
binary,FB-OTC,1782055200,564.983705,563.279345,565.373925,563.279345,0
binary,FB-OTC,1782055260,563.435335,562.922155,563.842115,562.877635,0
binary,FB-OTC,1782055320,562.921105,562.308555,562.921105,562.106025,0
binary,FB-OTC,1782055380,562.304125,562.250685,562.409845,561.145285,0
binary,FB-OTC,1782055440,562.252395,563.908505,563.915945,562.102135,0
binary,FB-OTC,1782055500,563.908535,563.383255,564.197175,563.129675,0
binary,FB-OTC,1782055560,563.381685,562.866185,563.652395,562.818245,0
binary,FB-OTC,1782055620,562.968155,563.332475,563.439955,562.465835,0
binary,FB-OTC,1782055680,563.469035,564.931915,564.931915,563.468865,0
binary,FB-OTC,1782055740,564.928295,565.567115,565.913865,564.895865,0
binary,FB-OTC,1782055800,565.568255,564.181265,565.990485,564.181265,0
binary,FB-OTC,1782055860,564.183115,563.520125,564.543425,563.372425,0
binary,FB-OTC,1782055920,563.454595,563.243135,563.454595,562.568915,0
binary,FB-OTC,1782055980,563.148645,562.421045,563.323415,562.058295,0
binary,FB-OTC,1782056040,562.434375,562.451925,562.807005,560.817875,0
binary,FB-OTC,1782056100,562.460755,562.825405,562.883435,561.902285,0
binary,FB-OTC,1782056160,562.827845,563.579675,564.048755,562.823305,0
binary,FB-OTC,1782056220,563.557995,565.482405,565.734885,563.503365,0
binary,FB-OTC,1782056280,565.480145,565.464555,566.465775,565.377925,0
binary,FB-OTC,1782056340,565.466315,565.771595,566.143885,564.278105,0
binary,FB-OTC,1782056400,565.776045,566.221225,566.641595,565.775905,0
binary,FB-OTC,1782056460,566.212965,565.857685,566.460065,565.284325,0
binary,FB-OTC,1782056520,565.836595,565.519515,566.472465,565.368755,0
binary,FB-OTC,1782056580,565.422105,564.819015,565.952375,564.778675,0
binary,FB-OTC,1782056640,564.794125,564.992245,565.520335,564.627095,0
binary,FB-OTC,1782056700,565.016895,565.751675,565.779595,564.717905,0
binary,FB-OTC,1782056760,565.781625,566.418835,566.418835,565.332025,0
binary,FB-OTC,1782056820,566.419065,564.973005,566.443805,564.824415,0
binary,FB-OTC,1782056880,564.977835,565.098025,565.238075,564.292955,0
binary,FB-OTC,1782056940,565.047195,565.015505,565.335815,564.562305,0
binary,FB-OTC,1782057000,565.108135,564.735965,565.560225,564.642995,0
binary,FB-OTC,1782057060,564.788415,565.360505,565.360505,564.369655,0
binary,FB-OTC,1782057120,565.360155,564.982245,565.433875,564.130425,0
binary,FB-OTC,1782057180,564.896645,564.901755,565.178945,564.276695,0
binary,FB-OTC,1782057240,564.823775,565.205705,565.677095,564.415475,0
binary,FB-OTC,1782057300,565.184615,563.974575,565.228365,563.914725,0
binary,FB-OTC,1782057360,563.971915,563.824165,564.517935,563.793915,0
binary,FB-OTC,1782057420,563.825815,564.267315,564.699145,563.246975,0
binary,FB-OTC,1782057480,564.271945,563.549835,564.532155,563.549835,0
binary,FB-OTC,1782057540,563.551665,564.402305,564.436645,563.349645,0
binary,FB-OTC,1782057600,564.497825,564.728685,565.284255,564.497825,0
binary,FB-OTC,1782057660,564.724625,564.184475,565.159125,563.604975,0
binary,FB-OTC,1782057720,564.116185,564.411945,565.300465,564.012995,0
binary,FB-OTC,1782057780,564.411725,565.265325,565.481175,564.270065,0
binary,FB-OTC,1782057840,565.434105,566.134005,566.199155,564.968715,0
binary,FB-OTC,1782057900,566.134635,565.343245,566.722285,565.161855,0
binary,FB-OTC,1782057960,565.277315,564.650565,565.445235,564.599385,0
binary,FB-OTC,1782058020,564.653905,565.273525,565.410465,564.388195,0
binary,FB-OTC,1782058080,565.314265,567.266045,567.266045,565.121335,0
binary,FB-OTC,1782058140,567.234365,565.335945,567.272705,565.255015,0
binary,FB-OTC,1782058200,565.324375,565.279805,565.722475,565.069535,0
binary,FB-OTC,1782058260,565.057245,566.806635,566.806635,564.990645,0
binary,FB-OTC,1782058320,566.768205,566.409065,567.104505,566.269045,0
binary,FB-OTC,1782058380,566.378545,567.603475,568.032945,566.378545,0
binary,FB-OTC,1782058440,567.608115,567.127285,568.568585,566.911865,0
binary,FB-OTC,1782058500,567.070195,567.559095,568.207515,567.070195,0
binary,FB-OTC,1782058560,567.559575,568.087225,568.295355,567.512575,0
binary,FB-OTC,1782058620,568.091965,565.895075,568.268205,565.873385,0
binary,FB-OTC,1782058680,565.898615,566.079995,566.302375,565.425735,0
binary,FB-OTC,1782058740,566.079085,566.629825,567.070235,565.950365,0
binary,FB-OTC,1782058800,566.631545,566.534425,567.451985,566.150865,0
binary,FB-OTC,1782058860,566.488505,565.835585,566.494885,565.280395,0
binary,FB-OTC,1782058920,565.837415,563.407385,565.848725,563.230685,0
binary,FB-OTC,1782058980,563.300225,561.428235,563.301145,561.325725,0
binary,FB-OTC,1782059040,561.441245,561.478545,562.204615,561.225845,0
binary,FB-OTC,1782059100,561.474865,561.695435,561.882335,560.898395,0
binary,FB-OTC,1782059160,561.696355,561.988285,562.212725,560.975765,0
binary,FB-OTC,1782059220,562.028565,562.742795,563.785305,561.945335,0
binary,FB-OTC,1782059280,562.782795,562.053325,562.872535,561.832575,0
binary,FB-OTC,1782059340,562.057395,563.537415,563.785805,561.861755,0
binary,FB-OTC,1782059400,563.533145,564.179895,564.394065,563.533145,0
binary,FB-OTC,1782059460,564.052315,564.591735,565.101485,563.368155,0
binary,FB-OTC,1782059520,564.587335,563.845455,564.732265,563.177195,0
binary,FB-OTC,1782059580,563.872675,563.232895,564.621565,563.150235,0
binary,FB-OTC,1782059640,563.157055,562.926225,564.108485,562.926225,0
binary,FB-OTC,1782059700,562.925805,562.555205,563.291755,562.555115,0
binary,FB-OTC,1782059760,562.526095,562.011475,562.757175,561.677265,0
binary,FB-OTC,1782059820,562.108285,562.891665,562.985625,562.108285,0
binary,FB-OTC,1782059880,562.893175,562.699495,563.041065,562.254325,0
binary,FB-OTC,1782059940,562.699885,562.098055,563.407785,561.776225,0
binary,FB-OTC,1782060000,562.097145,562.374815,562.589175,561.753085,0
binary,FB-OTC,1782060060,562.389795,563.161895,563.303035,561.906355,0
binary,FB-OTC,1782060120,563.158115,562.302125,563.788045,562.302125,0
binary,FB-OTC,1782060180,562.299955,563.352085,563.352085,561.969985,0
binary,FB-OTC,1782060240,563.354995,563.322865,564.793915,563.319105,0
binary,FB-OTC,1782060300,563.323475,564.190435,564.801505,563.068485,0
binary,FB-OTC,1782060360,564.192585,562.935055,564.387495,562.886095,0
binary,FB-OTC,1782060420,562.922825,562.919275,563.605995,562.709995,0
binary,FB-OTC,1782060480,562.987375,564.678775,564.680605,562.796595,0
binary,FB-OTC,1782060540,564.653995,563.785895,564.695195,563.029605,0
binary,FB-OTC,1782060600,563.784845,563.431635,564.021045,562.884555,0
binary,FB-OTC,1782060660,563.475715,563.449555,563.740125,562.737735,0
binary,FB-OTC,1782060720,563.450125,564.311765,564.615625,563.060945,0
binary,FB-OTC,1782060780,564.317625,565.444295,565.799625,564.238275,0
binary,FB-OTC,1782060840,565.442615,564.495505,565.442615,564.220505,0
binary,FB-OTC,1782060900,564.447445,563.326975,564.453345,563.326975,0
binary,FB-OTC,1782060960,563.319705,562.720655,563.845895,562.598335,0
binary,FB-OTC,1782061020,562.721965,563.939495,563.943635,562.170175,0
binary,FB-OTC,1782061080,563.749355,563.308625,564.143995,562.957055,0
binary,FB-OTC,1782061140,563.254075,563.814865,564.059105,563.011805,0
binary,FB-OTC,1782061200,563.798905,563.251195,564.419305,563.241725,0
binary,FB-OTC,1782061260,563.338665,562.535475,563.338665,561.828325,0
binary,FB-OTC,1782061320,562.534695,562.308615,563.480235,562.210185,0
binary,FB-OTC,1782061380,562.307455,561.381155,562.307455,561.286435,0
binary,FB-OTC,1782061440,561.383955,561.745925,561.745925,560.745025,0
binary,FB-OTC,1782061500,561.649485,561.868935,562.823115,561.113935,0
binary,FB-OTC,1782061560,561.830715,560.640925,561.919755,560.477705,0
binary,FB-OTC,1782061620,560.642825,561.696005,562.102545,560.628845,0
binary,FB-OTC,1782061680,561.693525,562.309555,562.431295,561.369145,0
binary,FB-OTC,1782061740,562.300465,563.420475,563.421575,561.513305,0
binary,FB-OTC,1782061800,563.423605,564.578965,564.986825,563.096545,0
binary,FB-OTC,1782061860,564.540095,564.439035,565.101205,564.260375,0
binary,FB-OTC,1782061920,564.413355,564.197155,564.802135,564.079625,0
binary,FB-OTC,1782061980,564.127645,563.577275,564.285575,563.229655,0
binary,FB-OTC,1782062040,563.556875,563.234475,563.700225,562.457045,0
binary,FB-OTC,1782062100,563.235935,563.010985,563.302885,562.517765,0
binary,FB-OTC,1782062160,563.007775,561.951235,563.034715,561.942625,0
binary,FB-OTC,1782062220,561.903325,560.583765,562.188735,560.583105,0
binary,FB-OTC,1782062280,560.590235,560.567935,560.797235,560.080345,0
binary,FB-OTC,1782062340,560.554275,562.264495,562.324995,560.037075,0
binary,FB-OTC,1782062400,562.146605,563.974945,563.974945,562.142355,0
binary,FB-OTC,1782062460,563.973475,564.423185,564.591355,563.165215,0
binary,FB-OTC,1782062520,564.403245,564.005075,565.102015,563.934375,0
binary,FB-OTC,1782062580,564.000745,563.650945,564.052305,563.089695,0
binary,FB-OTC,1782062640,563.749655,564.682595,564.737815,563.382655,0
binary,FB-OTC,1782062700,564.711105,564.447065,564.862045,563.901565,0
binary,FB-OTC,1782062760,564.419965,564.205385,565.040195,563.964515,0
binary,FB-OTC,1782062820,564.208755,564.662245,564.811315,563.982105,0
binary,FB-OTC,1782062880,564.606705,563.725885,564.763415,563.720695,0
binary,FB-OTC,1782062940,563.760635,564.633285,564.692585,563.185885,0
binary,FB-OTC,1782063000,564.622845,565.452585,565.474575,564.118785,0
binary,FB-OTC,1782063060,565.516215,565.379685,566.497635,565.379685,0
binary,FB-OTC,1782063120,565.345965,565.232365,565.509915,564.677195,0
binary,FB-OTC,1782063180,565.210965,566.673095,566.715085,565.039455,0
binary,FB-OTC,1782063240,566.662115,565.067795,566.662115,564.879155,0
binary,FB-OTC,1782063300,565.068625,565.737435,566.158765,564.969725,0
binary,FB-OTC,1782063360,565.819015,564.690815,566.491695,564.300995,0
binary,FB-OTC,1782063420,564.693285,563.606455,565.120565,563.422375,0
binary,FB-OTC,1782063480,563.608045,563.532135,563.822095,562.968765,0
binary,FB-OTC,1782063540,563.637135,561.297645,563.888215,561.289285,0
binary,FB-OTC,1782063600,561.322925,562.138415,562.467885,561.202445,0
binary,FB-OTC,1782063660,562.140985,561.611575,562.463515,561.432175,0
binary,FB-OTC,1782063720,561.612375,561.530775,562.321725,561.221715,0
binary,FB-OTC,1782063780,561.633675,561.412255,562.049645,561.285125,0
binary,FB-OTC,1782063840,561.475555,562.736415,562.736415,560.992195,0
binary,FB-OTC,1782063900,562.816835,562.658795,563.528815,562.141975,0
binary,FB-OTC,1782063960,562.728895,561.894405,562.872675,561.688405,0
binary,FB-OTC,1782064020,561.873035,562.205865,562.600375,561.758475,0
binary,FB-OTC,1782064080,562.273655,562.423995,563.265895,562.273655,0
binary,FB-OTC,1782064140,562.425565,561.649275,562.536535,560.427385,0
binary,FB-OTC,1782064200,561.580935,560.182405,561.885245,560.182405,0
binary,FB-OTC,1782064260,560.179735,561.322525,561.460845,559.853235,0
binary,FB-OTC,1782064320,561.387385,561.976495,562.217175,561.271995,0
binary,FB-OTC,1782064380,562.081935,562.570725,562.780455,561.451895,0
binary,FB-OTC,1782064440,562.584705,563.408575,564.137845,562.433255,0
binary,FB-OTC,1782064500,563.411535,564.242445,564.285305,562.962435,0
binary,FB-OTC,1782064560,563.829195,563.900435,564.862385,563.573435,0
binary,FB-OTC,1782064620,563.903535,564.556985,564.675975,563.826785,0
binary,FB-OTC,1782064680,564.621515,564.990425,565.529845,564.350265,0
binary,FB-OTC,1782064740,564.929895,566.618115,566.700755,564.786645,0
binary,FB-OTC,1782064800,566.615915,567.849725,568.192045,566.366995,0
binary,FB-OTC,1782064860,567.808225,566.692515,568.001945,566.672285,0
binary,FB-OTC,1782064920,566.693375,567.543855,567.823715,566.689835,0
binary,FB-OTC,1782064980,567.605875,569.541805,569.706265,567.530905,0
binary,FB-OTC,1782065040,569.590145,569.073025,569.618705,568.273995,0
binary,FB-OTC,1782065100,568.949755,567.424895,569.056975,567.420615,0
binary,FB-OTC,1782065160,567.424505,567.494775,568.117515,567.143885,0
binary,FB-OTC,1782065220,567.493325,566.843905,567.642445,566.725695,0
binary,FB-OTC,1782065280,566.928155,566.151065,567.158715,565.755375,0
binary,FB-OTC,1782065340,566.380625,566.610175,567.297625,565.841405,0
binary,FB-OTC,1782065400,566.700125,565.058195,566.761695,564.946575,0
binary,FB-OTC,1782065460,565.056635,562.860035,565.254925,562.856355,0
binary,FB-OTC,1782065520,562.817545,563.877805,563.877805,562.523295,0
binary,FB-OTC,1782065580,563.876025,563.456205,563.876025,563.073485,0
binary,FB-OTC,1782065640,563.312085,562.136415,563.800405,562.039415,0
binary,FB-OTC,1782065700,562.136675,561.024145,562.148675,560.726175,0
binary,FB-OTC,1782065760,561.025945,562.442895,562.476285,560.947775,0
binary,FB-OTC,1782065820,562.443745,562.481685,562.717645,561.991355,0
binary,FB-OTC,1782065880,562.485975,563.132585,563.273985,561.951715,0
binary,FB-OTC,1782065940,563.177695,563.690955,564.122215,563.177695,0
binary,FB-OTC,1782066000,563.672995,562.790785,564.504135,562.659115,0
binary,FB-OTC,1782066060,562.803945,562.157735,563.000515,562.157735,0
binary,FB-OTC,1782066120,562.222755,561.098375,562.320085,561.098375,0
binary,FB-OTC,1782066180,561.076165,561.618745,562.115495,560.994305,0
binary,FB-OTC,1782066240,561.738935,561.278025,561.738935,560.684955,0
binary,FB-OTC,1782066300,561.561955,560.972285,561.838885,560.735865,0
binary,FB-OTC,1782066360,560.971395,561.287435,562.348905,560.971395,0
binary,FB-OTC,1782066420,561.255795,561.913805,561.913805,561.050855,0
binary,FB-OTC,1782066480,561.949115,561.485085,562.504955,561.420055,0
binary,FB-OTC,1782066540,561.540845,560.985855,561.759815,560.353995,0
binary,FB-OTC,1782066600,560.982255,562.115455,562.115455,560.588265,0
binary,FB-OTC,1782066660,562.086575,562.785265,563.011075,562.056165,0
binary,FB-OTC,1782066720,562.795275,562.936255,563.080335,561.861085,0
binary,FB-OTC,1782066780,562.997935,563.226675,563.226885,562.435825,0
binary,FB-OTC,1782066840,563.039635,562.111105,563.361935,561.530155,0
binary,FB-OTC,1782067200,562.111105,576.934925,576.934925,562.111105,0
binary,FB-OTC,1782067260,576.930715,576.338345,577.100465,576.215195,0
binary,FB-OTC,1782067320,576.335465,576.471035,577.131475,576.186495,0
binary,FB-OTC,1782067380,576.517175,576.332545,576.882295,575.803275,0
binary,FB-OTC,1782067440,576.328705,576.928655,577.087215,575.582035,0
binary,FB-OTC,1782067500,577.071485,576.386995,577.180775,576.153915,0
binary,FB-OTC,1782067560,576.386115,576.886985,577.234725,576.178165,0
binary,FB-OTC,1782067620,576.984705,576.729345,577.711895,576.729345,0
binary,FB-OTC,1782067680,576.726935,574.859635,576.808335,574.816365,0
binary,FB-OTC,1782067740,574.858935,574.165605,575.254555,574.118965,0
binary,FB-OTC,1782067800,574.266825,575.025285,575.375535,574.038175,0
binary,FB-OTC,1782067860,575.053835,575.150965,575.423605,574.565725,0
binary,FB-OTC,1782067920,575.157795,574.340415,575.157795,573.706575,0
binary,FB-OTC,1782067980,574.247835,573.941885,574.370875,573.313235,0
binary,FB-OTC,1782068040,573.942475,573.544365,574.464775,573.544365,0
binary,FB-OTC,1782068100,573.480775,573.420085,573.704675,572.976635,0
binary,FB-OTC,1782068160,573.397635,574.269305,574.776925,573.317925,0
binary,FB-OTC,1782068220,574.265765,574.534805,574.554625,573.114295,0
binary,FB-OTC,1782068280,574.510575,575.242425,575.277325,574.144765,0
binary,FB-OTC,1782068340,575.245035,574.263075,575.335175,573.972825,0
binary,FB-OTC,1782068400,574.225685,574.842065,575.342965,573.569135,0
binary,FB-OTC,1782068460,574.800665,575.518975,575.813555,574.777305,0
binary,FB-OTC,1782068520,575.489485,575.744365,576.314015,575.164415,0
binary,FB-OTC,1782068580,575.728075,575.320165,575.848555,574.335185,0
binary,FB-OTC,1782068640,575.270965,575.554295,576.589985,575.024635,0
binary,FB-OTC,1782068700,575.522395,574.292575,575.679075,574.109435,0
binary,FB-OTC,1782068760,574.289545,573.294485,574.614575,572.758135,0
binary,FB-OTC,1782068820,573.290285,573.071005,574.165415,573.024995,0
binary,FB-OTC,1782068880,573.069805,572.064365,573.969225,571.830045,0
binary,FB-OTC,1782068940,571.999165,571.755955,572.865255,571.515545,0
binary,FB-OTC,1782069000,571.617175,572.218365,573.175805,571.553505,0
binary,FB-OTC,1782069060,572.218435,571.818105,572.222335,571.065125,0
binary,FB-OTC,1782069120,571.822785,571.995915,572.167345,571.544595,0
binary,FB-OTC,1782069180,572.013805,569.956725,572.069375,569.901165,0
binary,FB-OTC,1782069240,570.009135,569.112315,570.077035,568.801955,0
binary,FB-OTC,1782069300,569.216025,568.801465,569.365825,568.766945,0
binary,FB-OTC,1782069360,568.799375,567.990515,569.347855,567.990515,0
binary,FB-OTC,1782069420,567.999755,568.743615,569.030175,567.147475,0
binary,FB-OTC,1782069480,568.813845,568.382745,569.056435,568.200145,0
binary,FB-OTC,1782069540,568.387105,569.502315,569.779345,568.199755,0
binary,FB-OTC,1782069600,569.506645,568.874075,569.656975,567.970485,0
binary,FB-OTC,1782069660,568.871085,569.321865,569.428985,568.610275,0
binary,FB-OTC,1782069720,569.114185,569.434325,569.819155,569.034155,0
binary,FB-OTC,1782069780,569.498715,570.182975,570.299315,569.230725,0
binary,FB-OTC,1782069840,570.178625,570.601315,570.999085,570.059455,0
binary,FB-OTC,1782069900,570.377185,570.599415,570.908355,569.908395,0
binary,FB-OTC,1782069960,570.642025,570.093085,570.790655,569.823715,0
binary,FB-OTC,1782070020,570.078655,569.042845,570.333615,568.860375,0
binary,FB-OTC,1782070080,569.038185,570.596265,570.596265,569.036075,0
binary,FB-OTC,1782070140,570.680305,570.862935,571.261795,570.452885,0
binary,FB-OTC,1782070200,570.625215,571.195335,571.318885,569.952185,0
binary,FB-OTC,1782070260,571.195115,568.812505,571.195115,568.713405,0
binary,FB-OTC,1782070320,568.809555,568.351125,569.292165,568.299315,0
binary,FB-OTC,1782070380,568.394875,567.748975,569.123475,567.709335,0
binary,FB-OTC,1782070440,567.749475,568.802675,569.191805,567.712805,0
binary,FB-OTC,1782070500,568.772975,567.755935,569.159195,567.646965,0
binary,FB-OTC,1782070560,567.765015,568.051085,568.591015,567.765015,0
binary,FB-OTC,1782070620,568.046875,567.796445,568.297035,567.543645,0
binary,FB-OTC,1782070680,567.800215,569.186585,569.208065,567.797015,0
binary,FB-OTC,1782070740,569.182725,567.784275,569.191025,567.552805,0
binary,FB-OTC,1782070800,567.788455,567.198155,567.908175,566.893005,0
binary,FB-OTC,1782070860,567.194295,566.670925,567.316685,566.103555,0
binary,FB-OTC,1782070920,566.672165,567.689465,567.895435,566.400485,0
binary,FB-OTC,1782070980,567.688195,566.425975,567.813695,566.295465,0
binary,FB-OTC,1782071040,566.400905,566.805915,567.620375,565.706675,0
binary,FB-OTC,1782071100,566.906385,566.943505,567.150115,566.302855,0
binary,FB-OTC,1782071160,566.966065,567.283005,567.283005,566.224185,0
binary,FB-OTC,1782071220,567.156655,566.928455,567.671135,566.864355,0
binary,FB-OTC,1782071280,566.990245,566.423025,566.992735,565.604045,0
binary,FB-OTC,1782071340,566.456435,567.585975,568.671145,566.456435,0
binary,FB-OTC,1782071400,567.571205,568.074025,568.195965,567.006715,0
binary,FB-OTC,1782071460,568.078485,567.717095,568.270465,566.812605,0
binary,FB-OTC,1782071520,567.798935,567.997235,568.938045,567.798935,0
binary,FB-OTC,1782071580,567.996155,568.343035,568.467295,567.310225,0
binary,FB-OTC,1782071640,568.383935,569.562195,569.953845,567.849985,0
binary,FB-OTC,1782071700,569.608485,568.142485,569.711265,567.577805,0
binary,FB-OTC,1782071760,568.145695,567.632605,568.145695,567.214935,0
binary,FB-OTC,1782071820,567.629575,565.753245,567.803135,565.730475,0
binary,FB-OTC,1782071880,565.753865,565.437475,566.513225,565.189095,0
binary,FB-OTC,1782071940,565.513045,565.513715,565.852175,565.201345,0
binary,FB-OTC,1782072000,565.505565,564.778545,566.316535,564.756735,0
binary,FB-OTC,1782072060,565.197065,566.172385,566.504805,564.568855,0
binary,FB-OTC,1782072120,566.170755,567.967645,568.068955,565.938555,0
binary,FB-OTC,1782072180,568.013505,568.083795,568.436505,567.580075,0
binary,FB-OTC,1782072240,568.087585,568.616885,569.355645,568.022365,0
binary,FB-OTC,1782072300,568.578155,568.020875,568.849475,567.774505,0
binary,FB-OTC,1782072360,568.020535,567.316555,568.309005,566.647415,0
binary,FB-OTC,1782072420,567.354325,568.523405,568.523405,567.023575,0
binary,FB-OTC,1782072480,568.451515,570.740605,570.740605,568.443985,0
binary,FB-OTC,1782072540,570.740105,571.551965,571.671055,570.735885,0
binary,FB-OTC,1782072600,571.663965,571.107105,571.797625,570.960735,0
binary,FB-OTC,1782072660,571.049165,571.810265,572.014025,571.010685,0
binary,FB-OTC,1782072720,571.805875,573.200075,573.226715,571.587995,0
binary,FB-OTC,1782072780,573.196685,573.182165,573.358575,572.725925,0
binary,FB-OTC,1782072840,573.182125,574.802825,575.052995,572.913055,0
binary,FB-OTC,1782072900,574.805305,573.165255,574.872505,572.932535,0
binary,FB-OTC,1782072960,573.060155,571.786025,573.152415,571.503345,0
binary,FB-OTC,1782073020,571.759915,573.428305,573.885395,571.373225,0
binary,FB-OTC,1782073080,573.422005,574.008225,574.071205,572.966365,0
binary,FB-OTC,1782073140,574.006415,574.528485,574.921735,573.875095,0
binary,FB-OTC,1782073200,574.525225,575.424445,575.567355,574.367905,0
binary,FB-OTC,1782073260,575.420025,574.547405,575.509345,574.547405,0
binary,FB-OTC,1782073320,574.543665,574.295825,575.033945,574.192365,0
binary,FB-OTC,1782073380,574.283005,573.973825,574.517795,573.468025,0
binary,FB-OTC,1782073440,573.928015,574.597915,574.773775,573.840815,0
binary,FB-OTC,1782073500,574.595385,575.244735,575.244735,573.700535,0
binary,FB-OTC,1782073560,575.243465,575.717785,575.796765,574.325085,0
binary,FB-OTC,1782073620,575.790145,575.590355,576.243295,575.140035,0
binary,FB-OTC,1782073680,575.542265,574.063335,575.771795,573.877505,0
binary,FB-OTC,1782073740,574.026695,574.027935,574.990295,573.936755,0
binary,FB-OTC,1782073800,573.935265,573.731245,574.425045,573.557345,0
binary,FB-OTC,1782073860,573.726315,572.960285,574.288045,572.959865,0
binary,FB-OTC,1782073920,572.963055,573.486365,573.521725,572.552025,0
binary,FB-OTC,1782073980,573.497295,572.624695,573.497295,572.433785,0
binary,FB-OTC,1782074040,572.511075,570.946035,572.511075,570.904065,0
binary,FB-OTC,1782074100,570.948235,570.449365,570.973945,569.560055,0
binary,FB-OTC,1782074160,570.448425,570.345185,570.721485,570.078935,0
binary,FB-OTC,1782074220,570.348215,570.126935,570.623805,569.585875,0
binary,FB-OTC,1782074280,570.132415,571.446725,571.735455,570.132415,0
binary,FB-OTC,1782074340,571.471685,569.607815,571.636835,569.224475,0
binary,FB-OTC,1782074400,569.569855,569.072435,569.730285,568.842185,0
binary,FB-OTC,1782074460,569.032265,568.884485,569.420315,568.387385,0
binary,FB-OTC,1782074520,568.886375,569.321745,569.836665,568.872975,0
binary,FB-OTC,1782074580,569.339615,568.743565,569.883305,568.675975,0
binary,FB-OTC,1782074640,568.811845,568.501145,569.057525,567.926325,0
binary,FB-OTC,1782074700,568.506045,569.727905,569.727905,568.291815,0
binary,FB-OTC,1782074760,569.726365,569.013235,569.726365,568.578955,0
binary,FB-OTC,1782074820,569.011885,568.244125,569.019145,567.881485,0
binary,FB-OTC,1782074880,568.235725,565.743045,568.259085,565.606865,0
binary,FB-OTC,1782074940,565.747285,564.970305,565.877715,564.516645,0
binary,FB-OTC,1782075000,565.043365,564.406455,565.384545,563.942295,0
binary,FB-OTC,1782075060,564.372775,564.306715,565.114485,563.952865,0
binary,FB-OTC,1782075120,564.316375,564.961335,565.561235,563.816065,0
binary,FB-OTC,1782075180,565.085335,564.609495,565.363725,564.015905,0
binary,FB-OTC,1782075240,564.604865,566.091715,566.267445,564.575955,0
binary,FB-OTC,1782075300,566.065265,566.400425,566.583465,565.650055,0
binary,FB-OTC,1782075360,566.399365,566.537105,566.778995,566.075325,0
binary,FB-OTC,1782075420,566.535015,564.802785,566.650275,564.802785,0
binary,FB-OTC,1782075480,564.805185,565.744665,565.744665,564.577005,0
binary,FB-OTC,1782075540,565.742325,565.504595,566.393595,564.941635,0
binary,FB-OTC,1782075600,565.507185,565.004975,565.507185,564.694135,0
binary,FB-OTC,1782075660,565.007655,564.740315,565.364805,564.653275,0
binary,FB-OTC,1782075720,564.749925,564.441675,564.940595,564.057025,0
binary,FB-OTC,1782075780,564.437935,566.723205,567.005675,564.412475,0
binary,FB-OTC,1782075840,566.723725,567.039555,567.185955,566.437725,0
binary,FB-OTC,1782075900,567.037985,567.483835,567.913575,566.902325,0
binary,FB-OTC,1782075960,567.481385,567.626425,568.377685,566.923035,0
binary,FB-OTC,1782076020,567.678485,567.955805,568.376775,566.940215,0
binary,FB-OTC,1782076080,567.924025,567.617455,568.727435,567.199455,0
binary,FB-OTC,1782076140,567.616965,566.636265,568.122175,566.484805,0
binary,FB-OTC,1782076200,566.638115,566.346905,567.001965,566.047375,0
binary,FB-OTC,1782076260,566.399715,566.567195,567.074745,566.251965,0
binary,FB-OTC,1782076320,566.563555,566.215525,567.082245,565.864015,0
binary,FB-OTC,1782076380,566.211075,566.300125,566.669085,566.093025,0
binary,FB-OTC,1782076440,566.300295,567.210415,567.432325,565.864105,0
binary,FB-OTC,1782076500,567.208705,568.167805,568.167805,566.723895,0
binary,FB-OTC,1782076560,568.113315,569.288775,569.288805,567.510425,0
binary,FB-OTC,1782076620,569.395365,569.297595,569.986595,568.759135,0
binary,FB-OTC,1782076680,569.298255,567.053085,569.298255,566.526645,0
binary,FB-OTC,1782076740,567.050305,567.377265,567.776555,566.883905,0
binary,FB-OTC,1782076800,567.338365,568.332805,568.594095,567.168675,0
binary,FB-OTC,1782076860,568.340375,569.557965,569.557965,568.094035,0
binary,FB-OTC,1782076920,569.576585,569.435555,570.010085,569.075475,0
binary,FB-OTC,1782076980,569.576475,568.972295,569.576475,568.629355,0
binary,FB-OTC,1782077040,568.757795,569.084945,569.802535,568.403365,0
binary,FB-OTC,1782077100,569.151435,568.930335,569.169255,568.338725,0
binary,FB-OTC,1782077160,568.922225,567.971935,568.929825,567.788975,0
binary,FB-OTC,1782077220,567.985655,568.439975,568.620215,567.985655,0
binary,FB-OTC,1782077280,568.510065,567.694955,568.687355,567.220145,0
binary,FB-OTC,1782077340,567.694435,567.561905,568.417195,567.205285,0
binary,FB-OTC,1782077400,567.521855,567.227205,567.548155,566.903055,0
binary,FB-OTC,1782077460,567.230805,566.831065,567.895945,566.789025,0
binary,FB-OTC,1782077520,566.827005,565.673245,566.910705,565.524915,0
binary,FB-OTC,1782077580,565.658685,565.237595,565.938085,564.809145,0
binary,FB-OTC,1782077640,565.267535,564.208405,565.586365,564.116035,0
binary,FB-OTC,1782077700,564.209685,563.588695,564.258335,563.196575,0
binary,FB-OTC,1782077760,563.579345,563.026275,563.579345,562.896355,0
binary,FB-OTC,1782077820,563.022615,563.075985,563.580775,562.692875,0
binary,FB-OTC,1782077880,563.077995,562.321555,563.095135,561.771525,0
binary,FB-OTC,1782077940,562.387895,562.400695,562.685335,561.669865,0
binary,FB-OTC,1782078000,562.449315,563.510765,563.555325,562.160765,0
binary,FB-OTC,1782078060,563.591765,564.652425,564.723755,563.309795,0
binary,FB-OTC,1782078120,564.650595,564.727985,565.264855,564.350195,0
binary,FB-OTC,1782078180,564.731765,564.634305,564.982335,563.777635,0
binary,FB-OTC,1782078240,564.637245,566.425635,566.617095,564.637245,0
binary,FB-OTC,1782078300,566.431465,567.371295,567.862915,566.320545,0
binary,FB-OTC,1782078360,567.240465,568.258355,568.390485,566.896185,0
binary,FB-OTC,1782078420,568.522395,568.320755,569.691025,568.059805,0
binary,FB-OTC,1782078480,568.488465,568.168135,568.494425,567.300265,0
binary,FB-OTC,1782078540,568.161565,569.312115,569.363685,568.138235,0
binary,FB-OTC,1782078600,569.313735,568.186725,569.346745,568.146705,0
binary,FB-OTC,1782078660,568.189435,568.031055,568.292125,567.346395,0
binary,FB-OTC,1782078720,568.030805,566.591985,568.036705,566.311635,0
binary,FB-OTC,1782078780,566.699565,566.037555,567.585265,565.968385,0
binary,FB-OTC,1782078840,566.137485,565.963445,566.162515,565.219995,0
binary,FB-OTC,1782078900,565.964345,565.252515,566.356305,565.057835,0
binary,FB-OTC,1782078960,565.255445,564.465005,565.494815,563.801035,0
binary,FB-OTC,1782079020,564.566315,564.873905,565.351115,564.474815,0
binary,FB-OTC,1782079080,564.807045,565.078265,565.580615,564.606195,0
binary,FB-OTC,1782079140,565.116515,564.453015,565.201735,564.130855,0
binary,FB-OTC,1782079200,564.390285,563.523455,564.423355,563.092905,0
binary,FB-OTC,1782079260,563.526045,562.953525,563.770745,562.649795,0
binary,FB-OTC,1782079320,562.966695,561.604375,563.040905,561.528015,0
binary,FB-OTC,1782079380,561.607925,560.441895,561.726325,560.434345,0
binary,FB-OTC,1782079440,560.440905,561.042735,561.195615,560.440905,0
binary,FB-OTC,1782079500,560.951115,562.126875,562.126875,560.621715,0
binary,FB-OTC,1782079560,562.181175,562.702565,562.834195,562.008355,0
binary,FB-OTC,1782079620,562.716025,560.850355,562.935715,560.627485,0
binary,FB-OTC,1782079680,560.879505,563.086525,563.101495,560.727135,0
binary,FB-OTC,1782079740,563.090805,563.384675,564.143165,562.865215,0
binary,FB-OTC,1782079800,563.381965,562.774685,563.867345,562.229145,0
binary,FB-OTC,1782079860,562.731335,561.698995,562.981485,561.577535,0
binary,FB-OTC,1782079920,561.733455,561.173755,562.141615,561.173755,0
binary,FB-OTC,1782079980,561.114635,559.928845,561.114635,559.837105,0
binary,FB-OTC,1782080040,559.923975,559.030435,559.960625,558.643375,0
binary,FB-OTC,1782080100,559.032105,558.050025,559.032205,557.946415,0
binary,FB-OTC,1782080160,558.042275,557.106485,558.397625,556.590905,0
binary,FB-OTC,1782080220,557.211265,557.242085,557.349915,556.508585,0
binary,FB-OTC,1782080280,557.238925,557.473885,557.712475,556.566305,0
binary,FB-OTC,1782080340,557.485995,556.676305,557.961285,556.676305,0
binary,FB-OTC,1782080400,556.667645,556.817965,556.974175,556.310495,0
binary,FB-OTC,1782080460,556.840685,555.859115,557.014495,555.772575,0
binary,FB-OTC,1782080520,555.925885,556.015795,556.051175,555.299525,0
binary,FB-OTC,1782080580,555.997065,554.771795,556.101485,554.310245,0
binary,FB-OTC,1782080640,554.805555,556.884355,556.910655,554.470855,0
binary,FB-OTC,1782080700,556.596935,556.644265,557.015605,555.979095,0
binary,FB-OTC,1782080760,556.584905,556.318695,557.093535,556.278985,0
binary,FB-OTC,1782080820,556.274305,556.223575,556.727525,555.985605,0
binary,FB-OTC,1782080880,556.227175,554.601145,556.227175,554.601145,0
binary,FB-OTC,1782080940,554.588755,553.775685,555.018985,553.583855,0
binary,FB-OTC,1782081000,553.706215,553.258585,554.126205,553.258585,0
binary,FB-OTC,1782081060,553.257385,553.311315,553.772625,552.599875,0
binary,FB-OTC,1782081120,553.472035,551.755125,553.739635,551.507525,0
binary,FB-OTC,1782081180,551.686395,552.700175,552.838945,551.682885,0
binary,FB-OTC,1782081240,552.696475,552.082215,553.107975,551.970215,0
binary,FB-OTC,1782081300,552.080805,552.681755,552.951885,552.077005,0
binary,FB-OTC,1782081360,552.774185,553.298975,553.858255,552.774185,0
binary,FB-OTC,1782081420,553.303435,552.857995,553.381985,552.648995,0
binary,FB-OTC,1782081480,552.859435,552.479225,553.141915,552.086735,0
binary,FB-OTC,1782081540,552.411205,553.047165,553.604425,552.177305,0
binary,FB-OTC,1782081600,552.988795,552.310485,553.188875,552.144195,0
binary,FB-OTC,1782081660,552.312255,552.630015,553.321055,552.190485,0
binary,FB-OTC,1782081720,552.628765,553.204415,553.204415,552.273295,0
binary,FB-OTC,1782081780,553.138935,553.584165,553.606205,552.626805,0
binary,FB-OTC,1782081840,553.611405,552.861605,553.717965,552.861605,0
binary,FB-OTC,1782081900,552.856985,551.902855,552.938655,551.862755,0
binary,FB-OTC,1782081960,551.901995,551.211885,552.102795,551.066095,0
binary,FB-OTC,1782082020,551.212245,551.432985,552.061205,550.652295,0
binary,FB-OTC,1782082080,551.217445,551.790035,552.010415,550.922755,0
binary,FB-OTC,1782082140,551.791385,552.844515,553.041365,551.732035,0
binary,FB-OTC,1782082200,552.820155,551.575925,553.157545,551.575925,0
binary,FB-OTC,1782082260,551.577945,550.749435,551.644955,550.055175,0
binary,FB-OTC,1782082320,550.802905,550.889865,551.407955,550.197255,0
binary,FB-OTC,1782082380,550.891345,553.232515,553.232515,550.709755,0
binary,FB-OTC,1782082440,553.232185,554.204245,554.902335,553.147515,0
binary,FB-OTC,1782082500,554.173175,553.489355,554.283965,552.951295,0
binary,FB-OTC,1782082560,553.565635,552.573765,553.691855,552.160685,0
binary,FB-OTC,1782082620,552.487865,552.015375,552.623635,551.795895,0
binary,FB-OTC,1782082680,552.019015,553.099315,553.099315,551.973525,0
binary,FB-OTC,1782082740,553.001795,554.228545,554.307675,552.463175,0
binary,FB-OTC,1782082800,554.234545,554.293075,554.807095,554.071415,0
binary,FB-OTC,1782082860,554.297715,552.849545,554.451515,552.782815,0
binary,FB-OTC,1782082920,552.853485,553.068295,553.424355,552.457025,0
binary,FB-OTC,1782082980,553.067315,552.786175,553.191135,552.541115,0
binary,FB-OTC,1782083040,552.818505,552.723015,552.830395,552.062955,0
binary,FB-OTC,1782083100,552.708105,550.237245,552.708105,550.237245,0
binary,FB-OTC,1782083160,550.241295,549.616345,550.242415,549.564435,0
binary,FB-OTC,1782083220,549.616525,550.403175,550.477695,548.863755,0
binary,FB-OTC,1782083280,550.411555,550.799815,550.991675,549.885375,0
binary,FB-OTC,1782083340,550.678075,549.121095,550.882905,548.980945,0
binary,FB-OTC,1782083400,549.122835,548.397065,549.150635,547.736145,0
binary,FB-OTC,1782083460,548.544185,548.480475,548.988985,548.206725,0
binary,FB-OTC,1782083520,548.477075,548.396005,549.454755,548.292115,0
binary,FB-OTC,1782083580,548.399545,548.524355,549.021555,548.282805,0
binary,FB-OTC,1782083640,548.520895,548.253515,548.936255,547.883665,0
binary,FB-OTC,1782083700,548.251215,549.981165,550.073945,547.859745,0
binary,FB-OTC,1782083760,549.976545,549.693285,550.278605,549.347205,0
binary,FB-OTC,1782083820,549.762055,550.360085,550.877595,549.699905,0
binary,FB-OTC,1782083880,550.347275,550.936215,551.311255,550.213085,0
binary,FB-OTC,1782083940,550.798505,551.261305,551.677955,550.073485,0
binary,FB-OTC,1782084000,551.265385,549.700615,551.506955,549.629735,0
binary,FB-OTC,1782084060,549.658525,548.516735,549.731905,548.496455,0
binary,FB-OTC,1782084120,548.479475,547.626475,548.800435,547.605125,0
binary,FB-OTC,1782084180,547.620505,547.103795,547.641975,546.530025,0
binary,FB-OTC,1782084240,547.011235,546.984025,547.610035,546.592435,0
binary,FB-OTC,1782084300,546.987645,547.274825,547.402025,546.861085,0
binary,FB-OTC,1782084360,547.271785,546.503925,547.610195,546.503925,0
binary,FB-OTC,1782084420,546.502845,545.653465,546.502845,545.427725,0
binary,FB-OTC,1782084480,545.654535,545.519845,545.863325,544.806865,0
binary,FB-OTC,1782084540,545.519035,546.640565,546.837405,545.519035,0
binary,FB-OTC,1782084600,546.609565,548.012465,548.272675,546.541275,0
binary,FB-OTC,1782084660,548.009735,546.906435,548.098785,546.646155,0
binary,FB-OTC,1782084720,546.866135,546.520155,547.521695,546.234185,0
binary,FB-OTC,1782084780,546.609125,547.508705,548.620675,546.609125,0
binary,FB-OTC,1782084840,547.470495,547.964695,548.427565,547.335355,0
binary,FB-OTC,1782084900,548.280185,548.472045,548.835695,547.383095,0
binary,FB-OTC,1782084960,548.474805,547.798975,548.526975,547.762045,0
binary,FB-OTC,1782085020,547.846345,549.056685,549.077735,547.823065,0
binary,FB-OTC,1782085080,549.073295,549.608745,550.076425,548.619125,0
binary,FB-OTC,1782085140,549.608965,550.545085,550.545085,549.440975,0
binary,FB-OTC,1782085200,550.541555,551.667625,551.676015,550.480565,0
binary,FB-OTC,1782085260,551.663065,550.769335,551.736355,550.455815,0
binary,FB-OTC,1782085320,550.751215,551.313545,551.504955,550.618725,0
binary,FB-OTC,1782085380,551.335975,552.462615,552.534065,551.027105,0
binary,FB-OTC,1782085440,552.459425,552.202775,552.881675,551.450945,0
binary,FB-OTC,1782085500,552.202905,553.422185,553.637215,552.191325,0
binary,FB-OTC,1782085560,553.424735,554.644915,554.960665,553.334205,0
binary,FB-OTC,1782085620,554.595385,556.299405,556.299405,554.489645,0
binary,FB-OTC,1782085680,556.302935,556.618745,556.722975,555.883925,0
binary,FB-OTC,1782085740,556.831075,554.683505,556.831075,554.683505,0
binary,FB-OTC,1782085800,554.592495,554.220455,554.716845,553.629915,0
binary,FB-OTC,1782085860,554.219025,554.890955,554.890955,553.774355,0
binary,FB-OTC,1782085920,554.886555,553.170535,554.886555,553.107355,0
binary,FB-OTC,1782085980,553.240845,552.676335,553.714785,552.592165,0
binary,FB-OTC,1782086040,552.619745,552.283915,552.805795,551.268805,0
binary,FB-OTC,1782086100,552.200635,551.038515,552.908275,550.619545,0
binary,FB-OTC,1782086160,551.032185,551.077955,551.296435,550.293195,0
binary,FB-OTC,1782086220,551.074805,550.759165,551.647335,550.569685,0
binary,FB-OTC,1782086280,550.813115,549.943605,551.265945,549.943605,0
binary,FB-OTC,1782086340,550.035825,550.975385,551.051075,550.035825,0
binary,FB-OTC,1782086400,550.999605,550.272665,551.488405,549.792685,0
binary,FB-OTC,1782086460,550.217335,550.120145,550.419535,549.613835,0
binary,FB-OTC,1782086520,550.121375,549.777615,550.121375,549.117745,0
binary,FB-OTC,1782086580,549.779395,549.371375,549.779395,548.906695,0
binary,FB-OTC,1782086640,549.374585,548.917485,549.551425,548.605715,0
binary,FB-OTC,1782086700,548.915715,547.484235,549.220345,547.402205,0
binary,FB-OTC,1782086760,547.488465,546.766135,547.992645,546.546915,0
binary,FB-OTC,1782086820,546.767715,546.378725,546.814335,545.702015,0
binary,FB-OTC,1782086880,546.381415,546.835405,547.105875,546.316985,0
binary,FB-OTC,1782086940,546.854135,546.505985,546.881915,545.929145,0
binary,FB-OTC,1782087000,546.538315,547.854115,547.991985,546.084515,0
binary,FB-OTC,1782087060,547.794505,548.344935,548.527695,547.654145,0
binary,FB-OTC,1782087120,548.344315,547.735155,548.589575,547.703135,0
binary,FB-OTC,1782087180,547.793095,548.088315,548.569915,547.636475,0
binary,FB-OTC,1782087240,548.023905,548.104965,548.721545,547.227525,0
binary,FB-OTC,1782087300,548.106365,547.888945,548.234535,547.575095,0
binary,FB-OTC,1782087360,547.890225,546.734585,547.890225,546.340785,0
binary,FB-OTC,1782087420,546.738495,546.755825,547.134515,546.475845,0
binary,FB-OTC,1782087480,546.762125,546.883155,547.127765,546.335385,0
binary,FB-OTC,1782087540,546.919945,546.061595,547.305335,546.061595,0
binary,FB-OTC,1782087600,546.065975,546.038985,546.305145,545.597035,0
binary,FB-OTC,1782087660,546.041005,544.706925,546.563065,544.625715,0
binary,FB-OTC,1782087720,544.809205,545.332645,545.473845,544.579115,0
binary,FB-OTC,1782087780,545.353725,544.741505,545.353725,544.361765,0
binary,FB-OTC,1782087840,544.739775,544.297265,545.157135,543.933385,0
binary,FB-OTC,1782087900,544.293575,543.722785,544.342215,543.420115,0
binary,FB-OTC,1782087960,543.727195,542.599165,544.009235,542.592495,0
binary,FB-OTC,1782088020,542.597555,542.806825,543.049805,542.304945,0
binary,FB-OTC,1782088080,542.888415,542.924255,543.309905,542.383755,0
binary,FB-OTC,1782088140,543.021245,542.603805,543.247075,541.974125,0
binary,FB-OTC,1782088200,542.604595,544.465255,544.465255,542.413745,0
binary,FB-OTC,1782088260,544.467325,543.365125,544.731035,543.365125,0
binary,FB-OTC,1782088320,543.409375,543.864285,544.200875,543.008115,0
binary,FB-OTC,1782088380,543.817245,542.831675,544.178095,542.831675,0
binary,FB-OTC,1782088440,542.821605,542.819655,543.141555,542.573675,0
binary,FB-OTC,1782088500,542.913865,541.282595,543.179505,541.282595,0
binary,FB-OTC,1782088560,541.281955,541.115515,541.512615,540.655985,0
binary,FB-OTC,1782088620,541.114495,540.847595,541.135025,540.190845,0
binary,FB-OTC,1782088680,540.933255,539.306135,540.933255,539.283665,0
binary,FB-OTC,1782088740,539.259975,540.848435,540.858825,539.259975,0
binary,FB-OTC,1782088800,540.848505,541.116395,541.614405,540.607355,0
binary,FB-OTC,1782088860,541.119255,539.845165,541.119465,539.691705,0
binary,FB-OTC,1782088920,539.849545,539.843655,540.238445,539.254155,0
binary,FB-OTC,1782088980,539.844195,538.093375,539.904285,537.689905,0
binary,FB-OTC,1782089040,538.059235,539.406205,539.688075,537.885275,0
binary,FB-OTC,1782089100,539.399955,539.029185,539.858185,538.977155,0
binary,FB-OTC,1782089160,539.017205,539.090805,539.888295,539.004175,0
binary,FB-OTC,1782089220,539.093555,539.338045,539.662745,539.058205,0
binary,FB-OTC,1782089280,539.342025,540.596695,540.596695,539.288455,0
binary,FB-OTC,1782089340,540.604145,540.992275,540.992275,539.737315,0
binary,FB-OTC,1782089400,540.993185,540.165855,541.174175,539.644625,0
binary,FB-OTC,1782089460,540.212085,539.723995,540.637715,539.722125,0
binary,FB-OTC,1782089520,539.694095,540.284255,540.556025,539.518115,0
binary,FB-OTC,1782089580,540.292775,539.825535,540.917275,539.796065,0
binary,FB-OTC,1782089640,539.825815,540.686345,540.797055,539.543795,0
binary,FB-OTC,1782089700,540.683405,542.095305,542.286275,540.156355,0
binary,FB-OTC,1782089760,542.099965,541.201855,542.100285,541.119465,0
binary,FB-OTC,1782089820,541.199675,541.631735,542.195165,541.172715,0
binary,FB-OTC,1782089880,541.473385,541.585675,542.047255,541.154145,0
binary,FB-OTC,1782089940,541.588035,541.951895,542.648845,541.418445,0
binary,FB-OTC,1782090000,541.920055,542.499775,542.999745,541.745635,0
binary,FB-OTC,1782090060,542.504165,542.908765,543.198665,542.329675,0
binary,FB-OTC,1782090120,542.936835,543.394565,544.052805,542.936835,0
binary,FB-OTC,1782090180,543.275555,544.642425,544.792275,543.272985,0
binary,FB-OTC,1782090240,544.647105,544.355555,544.913375,544.355555,0
binary,FB-OTC,1782090300,544.283725,544.757545,545.271915,544.216085,0
binary,FB-OTC,1782090360,544.757995,544.515625,545.029835,543.949015,0
binary,FB-OTC,1782090420,544.482565,543.799315,544.703055,543.515045,0
binary,FB-OTC,1782090480,543.900815,543.688285,544.420795,543.298565,0
binary,FB-OTC,1782090540,543.687775,544.260185,544.286025,543.155145,0
binary,FB-OTC,1782090600,544.250255,544.538745,544.926075,544.037775,0
binary,FB-OTC,1782090660,544.537775,545.558035,545.596945,544.340025,0
binary,FB-OTC,1782090720,545.494925,546.390315,546.582485,545.410915,0
binary,FB-OTC,1782090780,546.455655,547.074805,547.127345,546.246245,0
binary,FB-OTC,1782090840,547.086715,547.630195,547.892285,547.085005,0
binary,FB-OTC,1782090900,547.621455,547.483585,548.169435,547.203935,0
binary,FB-OTC,1782090960,547.520155,547.031175,548.089105,546.757625,0
binary,FB-OTC,1782091020,547.049775,546.467735,547.141365,545.549805,0
binary,FB-OTC,1782091080,546.463535,548.176855,548.176855,546.458395,0
binary,FB-OTC,1782091140,548.176255,548.502765,548.722925,548.108265,0
binary,FB-OTC,1782091200,548.499815,549.989505,549.989505,548.182185,0
binary,FB-OTC,1782091260,549.994215,551.066255,551.560855,549.925755,0
binary,FB-OTC,1782091320,551.037335,551.364755,551.388005,550.393055,0
binary,FB-OTC,1782091380,551.327845,550.406935,551.364615,549.946865,0
binary,FB-OTC,1782091440,550.407465,551.187945,551.645865,550.405505,0
binary,FB-OTC,1782091500,551.189285,550.468565,551.868405,550.373945,0
binary,FB-OTC,1782091560,550.464755,550.593315,551.346695,550.282695,0
binary,FB-OTC,1782091620,550.596695,550.547695,551.082595,550.124865,0
binary,FB-OTC,1782091680,550.551795,550.505765,550.845495,550.345265,0
binary,FB-OTC,1782091740,550.530125,549.816435,551.166775,549.702305,0
binary,FB-OTC,1782091800,549.816875,549.109155,550.174565,549.048595,0
binary,FB-OTC,1782091860,549.108525,548.215195,549.525585,548.112685,0
binary,FB-OTC,1782091920,548.221975,547.498585,548.620555,547.466475,0
binary,FB-OTC,1782091980,547.502305,548.538215,549.079585,547.323785,0
binary,FB-OTC,1782092040,548.430705,548.488005,549.277545,548.333855,0
binary,FB-OTC,1782092100,548.449015,548.894925,548.975935,548.349105,0
binary,FB-OTC,1782092160,548.784335,548.666955,549.275595,548.537105,0
binary,FB-OTC,1782092220,548.669445,548.550725,549.194705,548.241935,0
binary,FB-OTC,1782092280,548.555035,548.094965,548.843405,547.944755,0
binary,FB-OTC,1782092340,548.092755,548.651865,548.829275,547.764065,0
binary,FB-OTC,1782092400,548.641135,549.074755,549.079075,547.985215,0
binary,FB-OTC,1782092460,549.077595,548.540985,549.285645,548.347905,0
binary,FB-OTC,1782092520,548.515565,549.644985,550.124325,548.509805,0
binary,FB-OTC,1782092580,549.647675,549.038435,549.647675,548.660105,0
binary,FB-OTC,1782092640,549.119255,549.634545,549.634545,548.588635,0
binary,FB-OTC,1782092700,549.569175,550.256785,551.058295,549.405795,0
binary,FB-OTC,1782092760,550.265515,548.762335,550.294635,548.684515,0
binary,FB-OTC,1782092820,548.766265,547.590505,548.813975,547.587615,0
binary,FB-OTC,1782092880,547.593365,548.648655,548.833125,547.273515,0
binary,FB-OTC,1782092940,548.651985,548.858435,549.933725,547.792655,0
binary,FB-OTC,1782093000,548.860155,549.306085,549.459965,548.246115,0
binary,FB-OTC,1782093060,549.300755,550.484445,550.484445,549.065675,0
binary,FB-OTC,1782093120,550.455245,550.869995,550.934905,550.016395,0
binary,FB-OTC,1782093180,550.868855,550.988535,551.523295,550.597475,0
binary,FB-OTC,1782093240,550.986365,551.088545,551.554515,550.476755,0
binary,FB-OTC,1782093300,551.087775,549.741985,551.310745,549.700875,0
binary,FB-OTC,1782093360,549.744545,549.129485,549.918735,548.597345,0
binary,FB-OTC,1782093420,549.057225,551.067305,551.084575,549.005365,0
binary,FB-OTC,1782093480,551.064765,550.371705,551.216865,549.942545,0
binary,FB-OTC,1782093540,550.371205,551.001235,551.139335,550.371205,0
binary,FB-OTC,1782093600,550.969115,551.291155,551.362615,550.753975,0
binary,FB-OTC,1782093660,551.287495,554.089025,554.175355,551.129085,0
binary,FB-OTC,1782093720,553.764325,555.099195,555.099195,553.639415,0
binary,FB-OTC,1782093780,555.071055,555.538975,555.636755,554.338955,0
binary,FB-OTC,1782093840,555.524345,554.419765,556.008685,554.419765,0
binary,FB-OTC,1782093900,554.417515,556.613495,556.649615,553.938245,0
binary,FB-OTC,1782093960,556.517195,555.351975,556.673775,554.960255,0
binary,FB-OTC,1782094020,555.354185,554.554715,555.604325,554.072805,0
binary,FB-OTC,1782094080,554.553155,553.308155,554.553155,553.119175,0
binary,FB-OTC,1782094140,553.343525,553.083875,554.273635,553.033665,0
binary,FB-OTC,1782094200,553.086565,553.241635,553.484345,552.423305,0
binary,FB-OTC,1782094260,553.236655,553.949595,554.452805,553.236655,0
binary,FB-OTC,1782094320,553.937915,553.905065,553.937915,553.030585,0
binary,FB-OTC,1782094380,553.909825,553.634745,554.035425,553.035595,0
binary,FB-OTC,1782094440,553.635075,553.599925,554.383465,553.348625,0
binary,FB-OTC,1782094500,553.604025,552.572355,553.691355,552.254285,0
binary,FB-OTC,1782094560,552.513185,552.709255,553.159325,552.497245,0
binary,FB-OTC,1782094620,552.705435,550.820885,552.705435,550.790495,0
binary,FB-OTC,1782094680,550.820115,551.119985,551.590275,550.489305,0
binary,FB-OTC,1782094740,551.118245,550.003435,551.544745,549.809685,0
binary,FB-OTC,1782094800,550.004385,549.551945,550.512035,549.478615,0
binary,FB-OTC,1782094860,549.551975,549.415645,549.603585,548.381275,0
binary,FB-OTC,1782094920,549.414465,549.335705,549.935565,549.326235,0
binary,FB-OTC,1782094980,549.339285,548.418065,550.170235,548.401045,0
binary,FB-OTC,1782095040,548.300775,549.700275,549.700275,548.032535,0
binary,FB-OTC,1782095100,549.699795,549.916505,550.410395,549.502575,0
binary,FB-OTC,1782095160,549.911975,548.628465,550.220725,548.434895,0
binary,FB-OTC,1782095220,548.630035,549.665745,549.855955,548.577735,0
binary,FB-OTC,1782095280,549.662675,550.454275,550.566095,549.490015,0
binary,FB-OTC,1782095340,550.451755,552.606905,552.700715,550.420715,0
binary,FB-OTC,1782095400,552.611345,552.836195,553.713375,552.574435,0
binary,FB-OTC,1782095460,552.834505,553.418245,554.164295,552.834505,0
binary,FB-OTC,1782095520,553.178415,553.432005,553.694215,553.109745,0
binary,FB-OTC,1782095580,553.430395,553.739475,554.021185,552.944135,0
binary,FB-OTC,1782095640,553.741075,553.285045,554.186705,552.941775,0
binary,FB-OTC,1782095700,553.333475,554.584905,554.630315,553.312665,0
binary,FB-OTC,1782095760,554.588865,554.784015,555.040765,554.254955,0
binary,FB-OTC,1782095820,554.782255,554.190405,554.938875,553.256155,0
binary,FB-OTC,1782095880,554.321375,555.120415,555.194045,553.998865,0
binary,FB-OTC,1782095940,555.005095,554.140565,555.353865,553.856175,0
binary,FB-OTC,1782096000,554.142405,553.570295,554.358635,553.242855,0
binary,FB-OTC,1782096060,553.573235,553.294555,554.368525,553.234515,0
binary,FB-OTC,1782096120,553.339435,552.963675,553.728595,552.714635,0
binary,FB-OTC,1782096180,552.927665,554.763075,554.820545,552.838375,0
binary,FB-OTC,1782096240,554.760665,554.488035,555.043285,554.353625,0
binary,FB-OTC,1782096300,554.413225,554.416265,554.598185,553.401475,0
binary,FB-OTC,1782096360,554.495735,553.715655,554.497145,553.711145,0
