nivel,clave,total,wins,losses,winrate,ajuste_confianza,decision_aprendizaje,confiabilidad_muestra,activo,direccion,familia_setup,tipo_mercado,estado_tendencia,firma_pa,firma_mercado,firma_estrategia,firma_evidencias_exacta
MERCADO_EVIDENCIAS,MERCADO_EVIDENCIAS|MERCADO_NORMAL,41,21,20,51.22,0.0,NEUTRO,MEDIA,COFFEE-OTC,put,REACCIÓN_ZONA,RANGO,INDEFINIDA,IMPULSO_BAJISTA_MEDIO+RECHAZO_VENDEDOR_CONFIRMADO,MERCADO_NORMAL+MERCADO_RANGO+TENDENCIA_INDEFINIDA,,
FAMILIA,FAMILIA|REACCIÓN_ZONA,28,12,16,42.86,-1.86,DEBIL,MEDIA,COFFEE-OTC,put,REACCIÓN_ZONA,RANGO,INDEFINIDA,IMPULSO_BAJISTA_MEDIO+RECHAZO_VENDEDOR_CONFIRMADO,MERCADO_NORMAL+MERCADO_RANGO+TENDENCIA_INDEFINIDA,,
SETUP_EVIDENCIAS,SETUP_EVIDENCIAS|INDEFINIDO+REACCIÓN_ZONA+ZONA_RECHAZO_CONFIRMADO,26,10,16,38.46,-2.33,DEBIL,MEDIA,COFFEE-OTC,put,REACCIÓN_ZONA,RANGO,INDEFINIDA,IMPULSO_BAJISTA_MEDIO+RECHAZO_VENDEDOR_CONFIRMADO,MERCADO_NORMAL+MERCADO_RANGO+TENDENCIA_INDEFINIDA,,
MERCADO_EVIDENCIAS,MERCADO_EVIDENCIAS|TENDENCIA_DEBIL,23,14,9,60.87,1.61,FAVORABLE,MEDIA,AIG-OTC,put,REACCIÓN_ZONA,RANGO,ALCISTA_DEBIL,IMPULSO_BAJISTA_MEDIO+RECHAZO_VENDEDOR_CONFIRMADO,MERCADO_NORMAL+MERCADO_RANGO+SCORE_MERCADO_ALTO+TENDENCIA_DEBIL,,
PA,PA|IMPULSO_BAJISTA_MEDIO,22,11,11,50.0,0.0,NEUTRO,MEDIA,COFFEE-OTC,put,REACCIÓN_ZONA,RANGO,INDEFINIDA,IMPULSO_BAJISTA_MEDIO+RECHAZO_VENDEDOR_CONFIRMADO,MERCADO_NORMAL+MERCADO_RANGO+TENDENCIA_INDEFINIDA,,
PA_DIRECCION,PA_DIRECCION|IMPULSO_BAJISTA_MEDIO|PUT,22,11,11,50.0,0.0,NEUTRO,MEDIA,COFFEE-OTC,put,REACCIÓN_ZONA,RANGO,INDEFINIDA,IMPULSO_BAJISTA_MEDIO+RECHAZO_VENDEDOR_CONFIRMADO,MERCADO_NORMAL+MERCADO_RANGO+TENDENCIA_INDEFINIDA,,
PA,PA|RECHAZO_VENDEDOR_CONFIRMADO,20,11,9,55.0,0.0,NEUTRO,MEDIA,COFFEE-OTC,put,REACCIÓN_ZONA,RANGO,INDEFINIDA,IMPULSO_BAJISTA_MEDIO+RECHAZO_VENDEDOR_CONFIRMADO,MERCADO_NORMAL+MERCADO_RANGO+TENDENCIA_INDEFINIDA,,
PA_DIRECCION,PA_DIRECCION|RECHAZO_VENDEDOR_CONFIRMADO|PUT,20,11,9,55.0,0.0,NEUTRO,MEDIA,COFFEE-OTC,put,REACCIÓN_ZONA,RANGO,INDEFINIDA,IMPULSO_BAJISTA_MEDIO+RECHAZO_VENDEDOR_CONFIRMADO,MERCADO_NORMAL+MERCADO_RANGO+TENDENCIA_INDEFINIDA,,
FAMILIA_MERCADO,FAMILIA_MERCADO|REACCIÓN_ZONA|RANGO,20,10,10,50.0,0.0,NEUTRO,MEDIA,COFFEE-OTC,put,REACCIÓN_ZONA,RANGO,INDEFINIDA,IMPULSO_BAJISTA_MEDIO+RECHAZO_VENDEDOR_CONFIRMADO,MERCADO_NORMAL+MERCADO_RANGO+TENDENCIA_INDEFINIDA,,
MERCADO_EVIDENCIAS,MERCADO_EVIDENCIAS|MERCADO_RANGO,20,10,10,50.0,0.0,NEUTRO,MEDIA,COFFEE-OTC,put,REACCIÓN_ZONA,RANGO,INDEFINIDA,IMPULSO_BAJISTA_MEDIO+RECHAZO_VENDEDOR_CONFIRMADO,MERCADO_NORMAL+MERCADO_RANGO+TENDENCIA_INDEFINIDA,,
FAMILIA_DIRECCION,FAMILIA_DIRECCION|REACCIÓN_ZONA|PUT,17,9,8,52.94,0.0,NEUTRO,BAJA,COFFEE-OTC,put,REACCIÓN_ZONA,RANGO,INDEFINIDA,IMPULSO_BAJISTA_MEDIO+RECHAZO_VENDEDOR_CONFIRMADO,MERCADO_NORMAL+MERCADO_RANGO+TENDENCIA_INDEFINIDA,,
MERCADO_EVIDENCIAS,MERCADO_EVIDENCIAS|TENDENCIA_BAJISTA,16,9,7,56.25,0.0,NEUTRO,BAJA,EURCAD-OTC,put,CONTINUACIÓN,TENDENCIA,BAJISTA_FUERTE,IMPULSO_BAJISTA_MEDIO+RECHAZO_VENDEDOR_HISTORICO,MERCADO_NORMAL+TENDENCIA_BAJISTA+TENDENCIA_FUERTE+TENDENCIA_LIMPIA,,
FAMILIA_TENDENCIA,FAMILIA_TENDENCIA|REACCIÓN_ZONA|ALCISTA_DEBIL,15,7,8,46.67,-1.0,DEBIL,BAJA,AIG-OTC,put,REACCIÓN_ZONA,RANGO,ALCISTA_DEBIL,IMPULSO_BAJISTA_MEDIO+RECHAZO_VENDEDOR_CONFIRMADO,MERCADO_NORMAL+MERCADO_RANGO+SCORE_MERCADO_ALTO+TENDENCIA_DEBIL,,
PA,PA|RECHAZO_VENDEDOR_HISTORICO,14,9,5,64.29,1.37,FAVORABLE,BAJA,EURCAD-OTC,put,CONTINUACIÓN,TENDENCIA,BAJISTA_FUERTE,IMPULSO_BAJISTA_MEDIO+RECHAZO_VENDEDOR_HISTORICO,MERCADO_NORMAL+TENDENCIA_BAJISTA+TENDENCIA_FUERTE+TENDENCIA_LIMPIA,,
PA_DIRECCION,PA_DIRECCION|RECHAZO_VENDEDOR_HISTORICO|PUT,14,9,5,64.29,1.37,FAVORABLE,BAJA,EURCAD-OTC,put,CONTINUACIÓN,TENDENCIA,BAJISTA_FUERTE,IMPULSO_BAJISTA_MEDIO+RECHAZO_VENDEDOR_HISTORICO,MERCADO_NORMAL+TENDENCIA_BAJISTA+TENDENCIA_FUERTE+TENDENCIA_LIMPIA,,
FAMILIA,FAMILIA|CONTINUACIÓN,13,8,5,61.54,1.17,FAVORABLE,BAJA,EURCAD-OTC,put,CONTINUACIÓN,TENDENCIA,BAJISTA_FUERTE,IMPULSO_BAJISTA_MEDIO+RECHAZO_VENDEDOR_HISTORICO,MERCADO_NORMAL+TENDENCIA_BAJISTA+TENDENCIA_FUERTE+TENDENCIA_LIMPIA,,
FAMILIA_MERCADO,FAMILIA_MERCADO|CONTINUACIÓN|TENDENCIA,13,8,5,61.54,1.17,FAVORABLE,BAJA,EURCAD-OTC,put,CONTINUACIÓN,TENDENCIA,BAJISTA_FUERTE,IMPULSO_BAJISTA_MEDIO+RECHAZO_VENDEDOR_HISTORICO,MERCADO_NORMAL+TENDENCIA_BAJISTA+TENDENCIA_FUERTE+TENDENCIA_LIMPIA,,
SETUP_EVIDENCIAS,SETUP_EVIDENCIAS|CONTINUACION+CONTINUACIÓN+PULLBACK_GENERICO,13,8,5,61.54,1.17,FAVORABLE,BAJA,EURCAD-OTC,put,CONTINUACIÓN,TENDENCIA,BAJISTA_FUERTE,IMPULSO_BAJISTA_MEDIO+RECHAZO_VENDEDOR_HISTORICO,MERCADO_NORMAL+TENDENCIA_BAJISTA+TENDENCIA_FUERTE+TENDENCIA_LIMPIA,,
FAMILIA_DIRECCION,FAMILIA_DIRECCION|CONTINUACIÓN|PUT,12,7,5,58.33,0.92,FAVORABLE,BAJA,EURCAD-OTC,put,CONTINUACIÓN,TENDENCIA,BAJISTA_FUERTE,IMPULSO_BAJISTA_MEDIO+RECHAZO_VENDEDOR_HISTORICO,MERCADO_NORMAL+TENDENCIA_BAJISTA+TENDENCIA_FUERTE+TENDENCIA_LIMPIA,,
MERCADO_EVIDENCIAS,MERCADO_EVIDENCIAS|MERCADO_NORMAL+MERCADO_RANGO+TENDENCIA_DEBIL,11,7,4,63.64,0.73,FAVORABLE,MUY_BAJA,LUNA-OTC,put,REACCIÓN_ZONA,RANGO,ALCISTA_DEBIL,IMPULSO_BAJISTA_MEDIO+RECHAZO_VENDEDOR_CONFIRMADO,MERCADO_NORMAL+MERCADO_RANGO+TENDENCIA_DEBIL,,
FAMILIA_DIRECCION,FAMILIA_DIRECCION|REACCIÓN_ZONA|CALL,11,3,8,27.27,-1.25,DEBIL,MUY_BAJA,EURUSD-OTC,call,REACCIÓN_ZONA,RANGO,INDEFINIDA,IMPULSO_ALCISTA_MEDIO+RECHAZO_COMPRADOR_CONFIRMADO,MERCADO_NORMAL+MERCADO_RANGO+TENDENCIA_INDEFINIDA,,
SETUP_MERCADO,SETUP_MERCADO|INDEFINIDO+REACCIÓN_ZONA+ZONA_RECHAZO_CONFIRMADO|MERCADO_NORMAL+MERCADO_RANGO+TENDENCIA_DEBIL,10,6,4,60.0,0.58,FAVORABLE,MUY_BAJA,LUNA-OTC,put,REACCIÓN_ZONA,RANGO,ALCISTA_DEBIL,IMPULSO_BAJISTA_MEDIO+RECHAZO_VENDEDOR_CONFIRMADO,MERCADO_NORMAL+MERCADO_RANGO+TENDENCIA_DEBIL,,
PA,PA|IMPULSO_BAJISTA_MEDIO+RECHAZO_VENDEDOR_HISTORICO,10,6,4,60.0,0.58,FAVORABLE,MUY_BAJA,EURCAD-OTC,put,CONTINUACIÓN,TENDENCIA,BAJISTA_FUERTE,IMPULSO_BAJISTA_MEDIO+RECHAZO_VENDEDOR_HISTORICO,MERCADO_NORMAL+TENDENCIA_BAJISTA+TENDENCIA_FUERTE+TENDENCIA_LIMPIA,,
PA_SETUP,PA_SETUP|IMPULSO_BAJISTA_MEDIO+RECHAZO_VENDEDOR_HISTORICO|CONTINUACION+CONTINUACIÓN+PULLBACK_GENERICO,10,6,4,60.0,0.58,FAVORABLE,MUY_BAJA,EURCAD-OTC,put,CONTINUACIÓN,TENDENCIA,BAJISTA_FUERTE,IMPULSO_BAJISTA_MEDIO+RECHAZO_VENDEDOR_HISTORICO,MERCADO_NORMAL+TENDENCIA_BAJISTA+TENDENCIA_FUERTE+TENDENCIA_LIMPIA,,
PA,PA|IMPULSO_BAJISTA_MEDIO+RECHAZO_VENDEDOR_CONFIRMADO,10,3,7,30.0,-1.25,DEBIL,MUY_BAJA,COFFEE-OTC,put,REACCIÓN_ZONA,RANGO,INDEFINIDA,IMPULSO_BAJISTA_MEDIO+RECHAZO_VENDEDOR_CONFIRMADO,MERCADO_NORMAL+MERCADO_RANGO+TENDENCIA_INDEFINIDA,,
PA,PA|RECHAZO_COMPRADOR_CONFIRMADO,10,3,7,30.0,-1.25,DEBIL,MUY_BAJA,EURUSD-OTC,call,REACCIÓN_ZONA,RANGO,INDEFINIDA,IMPULSO_ALCISTA_MEDIO+RECHAZO_COMPRADOR_CONFIRMADO,MERCADO_NORMAL+MERCADO_RANGO+TENDENCIA_INDEFINIDA,,
PA_DIRECCION,PA_DIRECCION|RECHAZO_COMPRADOR_CONFIRMADO|CALL,10,3,7,30.0,-1.25,DEBIL,MUY_BAJA,EURUSD-OTC,call,REACCIÓN_ZONA,RANGO,INDEFINIDA,IMPULSO_ALCISTA_MEDIO+RECHAZO_COMPRADOR_CONFIRMADO,MERCADO_NORMAL+MERCADO_RANGO+TENDENCIA_INDEFINIDA,,
PA,PA|IMPULSO_ALCISTA_MEDIO,9,3,6,33.33,-1.11,DEBIL,MUY_BAJA,EURUSD-OTC,call,REACCIÓN_ZONA,RANGO,INDEFINIDA,IMPULSO_ALCISTA_MEDIO+RECHAZO_COMPRADOR_CONFIRMADO,MERCADO_NORMAL+MERCADO_RANGO+TENDENCIA_INDEFINIDA,,
PA_DIRECCION,PA_DIRECCION|IMPULSO_ALCISTA_MEDIO|CALL,9,3,6,33.33,-1.11,DEBIL,MUY_BAJA,EURUSD-OTC,call,REACCIÓN_ZONA,RANGO,INDEFINIDA,IMPULSO_ALCISTA_MEDIO+RECHAZO_COMPRADOR_CONFIRMADO,MERCADO_NORMAL+MERCADO_RANGO+TENDENCIA_INDEFINIDA,,
PA_SETUP,PA_SETUP|IMPULSO_BAJISTA_MEDIO+RECHAZO_VENDEDOR_CONFIRMADO|INDEFINIDO+REACCIÓN_ZONA+ZONA_RECHAZO_CONFIRMADO,8,2,6,25.0,-1.25,DEBIL,MUY_BAJA,COFFEE-OTC,put,REACCIÓN_ZONA,RANGO,INDEFINIDA,IMPULSO_BAJISTA_MEDIO+RECHAZO_VENDEDOR_CONFIRMADO,MERCADO_NORMAL+MERCADO_RANGO+TENDENCIA_INDEFINIDA,,
FAMILIA_MERCADO,FAMILIA_MERCADO|REACCIÓN_ZONA|TENDENCIA,8,2,6,25.0,-1.25,DEBIL,MUY_BAJA,MANAUSD-OTC,put,REACCIÓN_ZONA,TENDENCIA,BAJISTA_NORMAL,IMPULSO_BAJISTA_MEDIO+RECHAZO_VENDEDOR_CONFIRMADO+RECHAZO_VENDEDOR_HISTORICO,MERCADO_NORMAL+TENDENCIA_BAJISTA,,
MERCADO_EVIDENCIAS,MERCADO_EVIDENCIAS|SCORE_MERCADO_ALTO,7,4,3,57.14,0.0,NEUTRO,MUY_BAJA,AIG-OTC,put,REACCIÓN_ZONA,RANGO,ALCISTA_DEBIL,IMPULSO_BAJISTA_MEDIO+RECHAZO_VENDEDOR_CONFIRMADO,MERCADO_NORMAL+MERCADO_RANGO+SCORE_MERCADO_ALTO+TENDENCIA_DEBIL,,
PA,PA|IMPULSO_ALCISTA_MEDIO+RECHAZO_COMPRADOR_CONFIRMADO,6,2,4,33.33,-1.11,DEBIL,MUY_BAJA,EURUSD-OTC,call,REACCIÓN_ZONA,RANGO,INDEFINIDA,IMPULSO_ALCISTA_MEDIO+RECHAZO_COMPRADOR_CONFIRMADO,MERCADO_NORMAL+MERCADO_RANGO+TENDENCIA_INDEFINIDA,,
PA_SETUP,PA_SETUP|IMPULSO_ALCISTA_MEDIO+RECHAZO_COMPRADOR_CONFIRMADO|INDEFINIDO+REACCIÓN_ZONA+ZONA_RECHAZO_CONFIRMADO,6,2,4,33.33,-1.11,DEBIL,MUY_BAJA,EURUSD-OTC,call,REACCIÓN_ZONA,RANGO,INDEFINIDA,IMPULSO_ALCISTA_MEDIO+RECHAZO_COMPRADOR_CONFIRMADO,MERCADO_NORMAL+MERCADO_RANGO+TENDENCIA_INDEFINIDA,,
MERCADO_EVIDENCIAS,MERCADO_EVIDENCIAS|TENDENCIA_ALCISTA,6,2,4,33.33,-1.11,DEBIL,MUY_BAJA,AIG-OTC,call,REACCIÓN_ZONA,TENDENCIA,ALCISTA_DEBIL,IMPULSO_ALCISTA_MEDIO+RECHAZO_COMPRADOR_CONFIRMADO,MERCADO_NORMAL+TENDENCIA_ALCISTA+TENDENCIA_DEBIL,,
FAMILIA_TENDENCIA,FAMILIA_TENDENCIA|REACCIÓN_ZONA|BAJISTA_DEBIL,5,4,1,80.0,1.25,FAVORABLE,MUY_BAJA,EURUSD-OTC,put,REACCIÓN_ZONA,RANGO,BAJISTA_DEBIL,IMPULSO_BAJISTA_FUERTE+RECHAZO_VENDEDOR_CONFIRMADO,MERCADO_NORMAL+MERCADO_RANGO+TENDENCIA_DEBIL,,
MERCADO_EVIDENCIAS,MERCADO_EVIDENCIAS|TENDENCIA_LIMPIA,5,3,2,60.0,0.58,FAVORABLE,MUY_BAJA,EURCAD-OTC,put,CONTINUACIÓN,TENDENCIA,BAJISTA_FUERTE,IMPULSO_BAJISTA_MEDIO+RECHAZO_VENDEDOR_HISTORICO,MERCADO_NORMAL+TENDENCIA_BAJISTA+TENDENCIA_FUERTE+TENDENCIA_LIMPIA,,
FAMILIA_TENDENCIA,FAMILIA_TENDENCIA|CONTINUACIÓN|BAJISTA_NORMAL,5,3,2,60.0,0.58,FAVORABLE,MUY_BAJA,AIG-OTC,put,CONTINUACIÓN,TENDENCIA,BAJISTA_NORMAL,IMPULSO_BAJISTA_MEDIO+RECHAZO_VENDEDOR_HISTORICO,MERCADO_NORMAL+TENDENCIA_BAJISTA+TENDENCIA_LIMPIA,,
MERCADO_EVIDENCIAS,MERCADO_EVIDENCIAS|MERCADO_NORMAL+TENDENCIA_BAJISTA,5,3,2,60.0,0.58,FAVORABLE,MUY_BAJA,MANAUSD-OTC,put,REACCIÓN_ZONA,TENDENCIA,BAJISTA_NORMAL,IMPULSO_BAJISTA_MEDIO+RECHAZO_VENDEDOR_CONFIRMADO+RECHAZO_VENDEDOR_HISTORICO,MERCADO_NORMAL+TENDENCIA_BAJISTA,,
ACTIVO_DIRECCION,ACTIVO_DIRECCION|NZDJPY-OTC|CALL,5,2,3,40.0,-0.83,DEBIL,MUY_BAJA,NZDJPY-OTC,call,REACCIÓN_ZONA,RANGO,BAJISTA_DEBIL,IMPULSO_ALCISTA_MEDIO+RECHAZO_COMPRADOR_CONFIRMADO,MERCADO_NORMAL+MERCADO_RANGO+TENDENCIA_DEBIL,,
ACTIVO_DIRECCION,ACTIVO_DIRECCION|COFFEE-OTC|PUT,4,3,1,75.0,0.0,MUESTRA_INSUFICIENTE,INSUFICIENTE,COFFEE-OTC,put,REACCIÓN_ZONA,RANGO,INDEFINIDA,IMPULSO_BAJISTA_MEDIO+RECHAZO_VENDEDOR_CONFIRMADO,MERCADO_NORMAL+MERCADO_RANGO+TENDENCIA_INDEFINIDA,,
MERCADO_EVIDENCIAS,MERCADO_EVIDENCIAS|MERCADO_NORMAL+MERCADO_RANGO+SCORE_MERCADO_ALTO+TENDENCIA_DEBIL,4,3,1,75.0,0.0,MUESTRA_INSUFICIENTE,INSUFICIENTE,AIG-OTC,put,REACCIÓN_ZONA,RANGO,ALCISTA_DEBIL,IMPULSO_BAJISTA_MEDIO+RECHAZO_VENDEDOR_CONFIRMADO,MERCADO_NORMAL+MERCADO_RANGO+SCORE_MERCADO_ALTO+TENDENCIA_DEBIL,,
SETUP_MERCADO,SETUP_MERCADO|INDEFINIDO+REACCIÓN_ZONA+ZONA_RECHAZO_CONFIRMADO|MERCADO_NORMAL+MERCADO_RANGO+SCORE_MERCADO_ALTO+TENDENCIA_DEBIL,4,3,1,75.0,0.0,MUESTRA_INSUFICIENTE,INSUFICIENTE,AIG-OTC,put,REACCIÓN_ZONA,RANGO,ALCISTA_DEBIL,IMPULSO_BAJISTA_MEDIO+RECHAZO_VENDEDOR_CONFIRMADO,MERCADO_NORMAL+MERCADO_RANGO+SCORE_MERCADO_ALTO+TENDENCIA_DEBIL,,
ACTIVO_DIRECCION,ACTIVO_DIRECCION|EURCAD-OTC|PUT,4,3,1,75.0,0.0,MUESTRA_INSUFICIENTE,INSUFICIENTE,EURCAD-OTC,put,CONTINUACIÓN,TENDENCIA,BAJISTA_FUERTE,IMPULSO_BAJISTA_MEDIO+RECHAZO_VENDEDOR_HISTORICO,MERCADO_NORMAL+TENDENCIA_BAJISTA+TENDENCIA_FUERTE+TENDENCIA_LIMPIA,,
ACTIVO_DIRECCION,ACTIVO_DIRECCION|AIG-OTC|PUT,4,2,2,50.0,0.0,MUESTRA_INSUFICIENTE,INSUFICIENTE,AIG-OTC,put,REACCIÓN_ZONA,RANGO,ALCISTA_DEBIL,IMPULSO_BAJISTA_MEDIO+RECHAZO_VENDEDOR_CONFIRMADO,MERCADO_NORMAL+MERCADO_RANGO+SCORE_MERCADO_ALTO+TENDENCIA_DEBIL,,
ACTIVO_FAMILIA,ACTIVO_FAMILIA|EURUSD-OTC|REACCIÓN_ZONA,4,2,2,50.0,0.0,MUESTRA_INSUFICIENTE,INSUFICIENTE,EURUSD-OTC,put,REACCIÓN_ZONA,RANGO,ALCISTA_DEBIL,IMPULSO_BAJISTA_MEDIO+RECHAZO_VENDEDOR_CONFIRMADO,MERCADO_NORMAL+MERCADO_RANGO+TENDENCIA_DEBIL,,
FAMILIA_TENDENCIA,FAMILIA_TENDENCIA|CONTINUACIÓN|BAJISTA_FUERTE,4,1,3,25.0,0.0,MUESTRA_INSUFICIENTE,INSUFICIENTE,EURCAD-OTC,put,CONTINUACIÓN,TENDENCIA,BAJISTA_FUERTE,IMPULSO_BAJISTA_MEDIO+RECHAZO_VENDEDOR_HISTORICO,MERCADO_NORMAL+TENDENCIA_BAJISTA+TENDENCIA_FUERTE+TENDENCIA_LIMPIA,,
MERCADO_EVIDENCIAS,MERCADO_EVIDENCIAS|TENDENCIA_FUERTE,4,1,3,25.0,0.0,MUESTRA_INSUFICIENTE,INSUFICIENTE,EURCAD-OTC,put,CONTINUACIÓN,TENDENCIA,BAJISTA_FUERTE,IMPULSO_BAJISTA_MEDIO+RECHAZO_VENDEDOR_HISTORICO,MERCADO_NORMAL+TENDENCIA_BAJISTA+TENDENCIA_FUERTE+TENDENCIA_LIMPIA,,
ACTIVO_FAMILIA,ACTIVO_FAMILIA|NZDJPY-OTC|REACCIÓN_ZONA,4,1,3,25.0,0.0,MUESTRA_INSUFICIENTE,INSUFICIENTE,NZDJPY-OTC,call,REACCIÓN_ZONA,RANGO,BAJISTA_DEBIL,IMPULSO_ALCISTA_MEDIO+RECHAZO_COMPRADOR_CONFIRMADO,MERCADO_NORMAL+MERCADO_RANGO+TENDENCIA_DEBIL,,
ACTIVO_DIRECCION,ACTIVO_DIRECCION|USDMXN-OTC|PUT,4,1,3,25.0,0.0,MUESTRA_INSUFICIENTE,INSUFICIENTE,USDMXN-OTC,put,CONTINUACIÓN,TENDENCIA,BAJISTA_NORMAL,IMPULSO_BAJISTA_MEDIO+RECHAZO_VENDEDOR_HISTORICO,MERCADO_NORMAL+TENDENCIA_BAJISTA,,
FAMILIA_TENDENCIA,FAMILIA_TENDENCIA|REACCIÓN_ZONA|INDEFINIDA,4,0,4,0.0,0.0,MUESTRA_INSUFICIENTE,INSUFICIENTE,COFFEE-OTC,put,REACCIÓN_ZONA,RANGO,INDEFINIDA,IMPULSO_BAJISTA_MEDIO+RECHAZO_VENDEDOR_CONFIRMADO,MERCADO_NORMAL+MERCADO_RANGO+TENDENCIA_INDEFINIDA,,
MERCADO_EVIDENCIAS,MERCADO_EVIDENCIAS|TENDENCIA_INDEFINIDA,4,0,4,0.0,0.0,MUESTRA_INSUFICIENTE,INSUFICIENTE,COFFEE-OTC,put,REACCIÓN_ZONA,RANGO,INDEFINIDA,IMPULSO_BAJISTA_MEDIO+RECHAZO_VENDEDOR_CONFIRMADO,MERCADO_NORMAL+MERCADO_RANGO+TENDENCIA_INDEFINIDA,,
MERCADO_EVIDENCIAS,MERCADO_EVIDENCIAS|MERCADO_NORMAL+MERCADO_RANGO+TENDENCIA_INDEFINIDA,4,0,4,0.0,0.0,MUESTRA_INSUFICIENTE,INSUFICIENTE,COFFEE-OTC,put,REACCIÓN_ZONA,RANGO,INDEFINIDA,IMPULSO_BAJISTA_MEDIO+RECHAZO_VENDEDOR_CONFIRMADO,MERCADO_NORMAL+MERCADO_RANGO+TENDENCIA_INDEFINIDA,,
SETUP_MERCADO,SETUP_MERCADO|INDEFINIDO+REACCIÓN_ZONA+ZONA_RECHAZO_CONFIRMADO|MERCADO_NORMAL+MERCADO_RANGO+TENDENCIA_INDEFINIDA,4,0,4,0.0,0.0,MUESTRA_INSUFICIENTE,INSUFICIENTE,COFFEE-OTC,put,REACCIÓN_ZONA,RANGO,INDEFINIDA,IMPULSO_BAJISTA_MEDIO+RECHAZO_VENDEDOR_CONFIRMADO,MERCADO_NORMAL+MERCADO_RANGO+TENDENCIA_INDEFINIDA,,
FAMILIA_TENDENCIA,FAMILIA_TENDENCIA|CONTINUACIÓN|BAJISTA_DEBIL,3,3,0,100.0,0.0,MUESTRA_INSUFICIENTE,INSUFICIENTE,AIG-OTC,put,CONTINUACIÓN,TENDENCIA,BAJISTA_DEBIL,RECHAZO_VENDEDOR_CONFIRMADO+RECHAZO_VENDEDOR_OBSERVADO,MERCADO_NORMAL+TENDENCIA_BAJISTA+TENDENCIA_DEBIL,,
MERCADO_EVIDENCIAS,MERCADO_EVIDENCIAS|MERCADO_NORMAL+TENDENCIA_BAJISTA+TENDENCIA_DEBIL,3,3,0,100.0,0.0,MUESTRA_INSUFICIENTE,INSUFICIENTE,AIG-OTC,put,CONTINUACIÓN,TENDENCIA,BAJISTA_DEBIL,RECHAZO_VENDEDOR_CONFIRMADO+RECHAZO_VENDEDOR_OBSERVADO,MERCADO_NORMAL+TENDENCIA_BAJISTA+TENDENCIA_DEBIL,,
SETUP_MERCADO,SETUP_MERCADO|CONTINUACION+CONTINUACIÓN+PULLBACK_GENERICO|MERCADO_NORMAL+TENDENCIA_BAJISTA+TENDENCIA_DEBIL,3,3,0,100.0,0.0,MUESTRA_INSUFICIENTE,INSUFICIENTE,AIG-OTC,put,CONTINUACIÓN,TENDENCIA,BAJISTA_DEBIL,RECHAZO_VENDEDOR_CONFIRMADO+RECHAZO_VENDEDOR_OBSERVADO,MERCADO_NORMAL+TENDENCIA_BAJISTA+TENDENCIA_DEBIL,,
ACTIVO_FAMILIA,ACTIVO_FAMILIA|EURCAD-OTC|REACCIÓN_ZONA,3,2,1,66.67,0.0,MUESTRA_INSUFICIENTE,INSUFICIENTE,EURCAD-OTC,put,REACCIÓN_ZONA,RANGO,ALCISTA_DEBIL,IMPULSO_BAJISTA_MEDIO+RECHAZO_VENDEDOR_CONFIRMADO+RECHAZO_VENDEDOR_HISTORICO,MERCADO_NORMAL+MERCADO_RANGO+TENDENCIA_DEBIL,,
ACTIVO_DIRECCION,ACTIVO_DIRECCION|EURUSD-OTC|PUT,3,2,1,66.67,0.0,MUESTRA_INSUFICIENTE,INSUFICIENTE,EURUSD-OTC,put,REACCIÓN_ZONA,RANGO,ALCISTA_DEBIL,IMPULSO_BAJISTA_MEDIO+RECHAZO_VENDEDOR_CONFIRMADO,MERCADO_NORMAL+MERCADO_RANGO+TENDENCIA_DEBIL,,
MERCADO_EVIDENCIAS,MERCADO_EVIDENCIAS|MERCADO_NORMAL+TENDENCIA_BAJISTA+TENDENCIA_LIMPIA,3,2,1,66.67,0.0,MUESTRA_INSUFICIENTE,INSUFICIENTE,AIG-OTC,put,CONTINUACIÓN,TENDENCIA,BAJISTA_NORMAL,IMPULSO_BAJISTA_MEDIO+RECHAZO_VENDEDOR_HISTORICO,MERCADO_NORMAL+TENDENCIA_BAJISTA+TENDENCIA_LIMPIA,,
PA_SETUP,PA_SETUP|RECHAZO_VENDEDOR_CONFIRMADO|INDEFINIDO+REACCIÓN_ZONA+ZONA_RECHAZO_CONFIRMADO,3,2,1,66.67,0.0,MUESTRA_INSUFICIENTE,INSUFICIENTE,EURCAD-OTC,put,REACCIÓN_ZONA,RANGO,ALCISTA_DEBIL,RECHAZO_VENDEDOR_CONFIRMADO,MERCADO_NORMAL+MERCADO_RANGO+SCORE_MERCADO_ALTO+TENDENCIA_DEBIL,,
PA_MERCADO,PA_MERCADO|IMPULSO_BAJISTA_MEDIO+RECHAZO_VENDEDOR_HISTORICO|MERCADO_NORMAL+TENDENCIA_BAJISTA,3,2,1,66.67,0.0,MUESTRA_INSUFICIENTE,INSUFICIENTE,LUNA-OTC,put,CONTINUACIÓN,TENDENCIA,BAJISTA_NORMAL,IMPULSO_BAJISTA_MEDIO+RECHAZO_VENDEDOR_HISTORICO,MERCADO_NORMAL+TENDENCIA_BAJISTA,,
SETUP_MERCADO,SETUP_MERCADO|CONTINUACION+CONTINUACIÓN+PULLBACK_GENERICO|MERCADO_NORMAL+TENDENCIA_BAJISTA,3,2,1,66.67,0.0,MUESTRA_INSUFICIENTE,INSUFICIENTE,LUNA-OTC,put,CONTINUACIÓN,TENDENCIA,BAJISTA_NORMAL,IMPULSO_BAJISTA_MEDIO+RECHAZO_VENDEDOR_HISTORICO,MERCADO_NORMAL+TENDENCIA_BAJISTA,,
PA_SETUP_MERCADO,PA_SETUP_MERCADO|IMPULSO_BAJISTA_MEDIO+RECHAZO_VENDEDOR_HISTORICO|CONTINUACION+CONTINUACIÓN+PULLBACK_GENERICO|MERCADO_NORMAL+TENDENCIA_BAJISTA,3,2,1,66.67,0.0,MUESTRA_INSUFICIENTE,INSUFICIENTE,LUNA-OTC,put,CONTINUACIÓN,TENDENCIA,BAJISTA_NORMAL,IMPULSO_BAJISTA_MEDIO+RECHAZO_VENDEDOR_HISTORICO,MERCADO_NORMAL+TENDENCIA_BAJISTA,,
FIRMA_EVIDENCIAS_EXACTA,FIRMA_EVIDENCIAS_EXACTA|BAJISTA_NORMAL+CONTINUACIÓN+IMPULSO_BAJISTA_MEDIO+MERCADO_NORMAL+PUT+RECHAZO_VENDEDOR_HISTORICO+TENDENCIA+TENDENCIA_BAJISTA,3,2,1,66.67,0.0,MUESTRA_INSUFICIENTE,INSUFICIENTE,LUNA-OTC,put,CONTINUACIÓN,TENDENCIA,BAJISTA_NORMAL,IMPULSO_BAJISTA_MEDIO+RECHAZO_VENDEDOR_HISTORICO,MERCADO_NORMAL+TENDENCIA_BAJISTA,,
ACTIVO_FAMILIA,ACTIVO_FAMILIA|COFFEE-OTC|REACCIÓN_ZONA,3,1,2,33.33,0.0,MUESTRA_INSUFICIENTE,INSUFICIENTE,COFFEE-OTC,put,REACCIÓN_ZONA,RANGO,INDEFINIDA,IMPULSO_BAJISTA_MEDIO+RECHAZO_VENDEDOR_CONFIRMADO,MERCADO_NORMAL+MERCADO_RANGO+TENDENCIA_INDEFINIDA,,
PA_MERCADO,PA_MERCADO|IMPULSO_BAJISTA_MEDIO+RECHAZO_VENDEDOR_CONFIRMADO|MERCADO_NORMAL+MERCADO_RANGO+TENDENCIA_DEBIL,3,1,2,33.33,0.0,MUESTRA_INSUFICIENTE,INSUFICIENTE,LUNA-OTC,put,REACCIÓN_ZONA,RANGO,ALCISTA_DEBIL,IMPULSO_BAJISTA_MEDIO+RECHAZO_VENDEDOR_CONFIRMADO,MERCADO_NORMAL+MERCADO_RANGO+TENDENCIA_DEBIL,,
PA_SETUP_MERCADO,PA_SETUP_MERCADO|IMPULSO_BAJISTA_MEDIO+RECHAZO_VENDEDOR_CONFIRMADO|INDEFINIDO+REACCIÓN_ZONA+ZONA_RECHAZO_CONFIRMADO|MERCADO_NORMAL+MERCADO_RANGO+TENDENCIA_DEBIL,3,1,2,33.33,0.0,MUESTRA_INSUFICIENTE,INSUFICIENTE,LUNA-OTC,put,REACCIÓN_ZONA,RANGO,ALCISTA_DEBIL,IMPULSO_BAJISTA_MEDIO+RECHAZO_VENDEDOR_CONFIRMADO,MERCADO_NORMAL+MERCADO_RANGO+TENDENCIA_DEBIL,,
FIRMA_EVIDENCIAS_EXACTA,FIRMA_EVIDENCIAS_EXACTA|ALCISTA_DEBIL+IMPULSO_BAJISTA_MEDIO+MERCADO_NORMAL+MERCADO_RANGO+PUT+RANGO+REACCIÓN_ZONA+RECHAZO_VENDEDOR_CONFIRMADO+TENDENCIA_DEBIL,3,1,2,33.33,0.0,MUESTRA_INSUFICIENTE,INSUFICIENTE,LUNA-OTC,put,REACCIÓN_ZONA,RANGO,ALCISTA_DEBIL,IMPULSO_BAJISTA_MEDIO+RECHAZO_VENDEDOR_CONFIRMADO,MERCADO_NORMAL+MERCADO_RANGO+TENDENCIA_DEBIL,,
MERCADO_EVIDENCIAS,MERCADO_EVIDENCIAS|MERCADO_NORMAL+TENDENCIA_ALCISTA+TENDENCIA_DEBIL,3,1,2,33.33,0.0,MUESTRA_INSUFICIENTE,INSUFICIENTE,AIG-OTC,call,REACCIÓN_ZONA,TENDENCIA,ALCISTA_DEBIL,IMPULSO_ALCISTA_MEDIO+RECHAZO_COMPRADOR_CONFIRMADO,MERCADO_NORMAL+TENDENCIA_ALCISTA+TENDENCIA_DEBIL,,
MERCADO_EVIDENCIAS,MERCADO_EVIDENCIAS|MERCADO_NORMAL+TENDENCIA_ALCISTA,3,1,2,33.33,0.0,MUESTRA_INSUFICIENTE,INSUFICIENTE,NZDJPY-OTC,call,CONTINUACIÓN,TENDENCIA,ALCISTA_NORMAL,IMPULSO_ALCISTA_MEDIO+RECHAZO_COMPRADOR_HISTORICO,MERCADO_NORMAL+TENDENCIA_ALCISTA,,
ACTIVO_FAMILIA,ACTIVO_FAMILIA|USDMXN-OTC|REACCIÓN_ZONA,3,1,2,33.33,0.0,MUESTRA_INSUFICIENTE,INSUFICIENTE,USDMXN-OTC,put,REACCIÓN_ZONA,TENDENCIA,BAJISTA_DEBIL,IMPULSO_BAJISTA_MEDIO+RECHAZO_VENDEDOR_CONFIRMADO,MERCADO_NORMAL+SCORE_MERCADO_ALTO+TENDENCIA_BAJISTA+TENDENCIA_DEBIL,,
ACTIVO_FAMILIA,ACTIVO_FAMILIA|AIG-OTC|REACCIÓN_ZONA,3,0,3,0.0,0.0,MUESTRA_INSUFICIENTE,INSUFICIENTE,AIG-OTC,put,REACCIÓN_ZONA,RANGO,ALCISTA_DEBIL,IMPULSO_BAJISTA_MEDIO+RECHAZO_VENDEDOR_CONFIRMADO,MERCADO_NORMAL+MERCADO_RANGO+SCORE_MERCADO_ALTO+TENDENCIA_DEBIL,,
CLAVE_ESPECIFICA,CLAVE_ESPECIFICA|EURCAD-OTC|PUT|REACCIÓN_ZONA|RANGO|ALCISTA_DEBIL,2,2,0,100.0,0.0,MUESTRA_INSUFICIENTE,INSUFICIENTE,EURCAD-OTC,put,REACCIÓN_ZONA,RANGO,ALCISTA_DEBIL,IMPULSO_BAJISTA_MEDIO+RECHAZO_VENDEDOR_CONFIRMADO+RECHAZO_VENDEDOR_HISTORICO,MERCADO_NORMAL+MERCADO_RANGO+TENDENCIA_DEBIL,,
PA,PA|IMPULSO_BAJISTA_MEDIO+RECHAZO_VENDEDOR_CONFIRMADO+RECHAZO_VENDEDOR_HISTORICO,2,2,0,100.0,0.0,MUESTRA_INSUFICIENTE,INSUFICIENTE,EURCAD-OTC,put,REACCIÓN_ZONA,RANGO,ALCISTA_DEBIL,IMPULSO_BAJISTA_MEDIO+RECHAZO_VENDEDOR_CONFIRMADO+RECHAZO_VENDEDOR_HISTORICO,MERCADO_NORMAL+MERCADO_RANGO+TENDENCIA_DEBIL,,
ACTIVO_FAMILIA,ACTIVO_FAMILIA|AIG-OTC|CONTINUACIÓN,2,2,0,100.0,0.0,MUESTRA_INSUFICIENTE,INSUFICIENTE,AIG-OTC,put,CONTINUACIÓN,TENDENCIA,BAJISTA_NORMAL,IMPULSO_BAJISTA_MEDIO+RECHAZO_VENDEDOR_HISTORICO,MERCADO_NORMAL+TENDENCIA_BAJISTA+TENDENCIA_LIMPIA,,
PA,PA|IMPULSO_BAJISTA_FUERTE,2,2,0,100.0,0.0,MUESTRA_INSUFICIENTE,INSUFICIENTE,EURUSD-OTC,put,REACCIÓN_ZONA,RANGO,BAJISTA_DEBIL,IMPULSO_BAJISTA_FUERTE+RECHAZO_VENDEDOR_CONFIRMADO,MERCADO_NORMAL+MERCADO_RANGO+TENDENCIA_DEBIL,,
PA_DIRECCION,PA_DIRECCION|IMPULSO_BAJISTA_FUERTE|PUT,2,2,0,100.0,0.0,MUESTRA_INSUFICIENTE,INSUFICIENTE,EURUSD-OTC,put,REACCIÓN_ZONA,RANGO,BAJISTA_DEBIL,IMPULSO_BAJISTA_FUERTE+RECHAZO_VENDEDOR_CONFIRMADO,MERCADO_NORMAL+MERCADO_RANGO+TENDENCIA_DEBIL,,
PA_MERCADO,PA_MERCADO|IMPULSO_ALCISTA_MEDIO+RECHAZO_COMPRADOR_CONFIRMADO|MERCADO_NORMAL+MERCADO_RANGO+TENDENCIA_DEBIL,2,2,0,100.0,0.0,MUESTRA_INSUFICIENTE,INSUFICIENTE,NZDJPY-OTC,call,REACCIÓN_ZONA,RANGO,BAJISTA_DEBIL,IMPULSO_ALCISTA_MEDIO+RECHAZO_COMPRADOR_CONFIRMADO,MERCADO_NORMAL+MERCADO_RANGO+TENDENCIA_DEBIL,,
PA_SETUP_MERCADO,PA_SETUP_MERCADO|IMPULSO_ALCISTA_MEDIO+RECHAZO_COMPRADOR_CONFIRMADO|INDEFINIDO+REACCIÓN_ZONA+ZONA_RECHAZO_CONFIRMADO|MERCADO_NORMAL+MERCADO_RANGO+TENDENCIA_DEBIL,2,2,0,100.0,0.0,MUESTRA_INSUFICIENTE,INSUFICIENTE,NZDJPY-OTC,call,REACCIÓN_ZONA,RANGO,BAJISTA_DEBIL,IMPULSO_ALCISTA_MEDIO+RECHAZO_COMPRADOR_CONFIRMADO,MERCADO_NORMAL+MERCADO_RANGO+TENDENCIA_DEBIL,,
ACTIVO_FAMILIA,ACTIVO_FAMILIA|COFFEE-OTC|CONTINUACIÓN,2,2,0,100.0,0.0,MUESTRA_INSUFICIENTE,INSUFICIENTE,COFFEE-OTC,put,CONTINUACIÓN,TENDENCIA,BAJISTA_DEBIL,IMPULSO_BAJISTA_MEDIO+RECHAZO_VENDEDOR_HISTORICO,MERCADO_NORMAL+TENDENCIA_BAJISTA+TENDENCIA_DEBIL,,
PA_MERCADO,PA_MERCADO|IMPULSO_BAJISTA_MEDIO+RECHAZO_VENDEDOR_HISTORICO|MERCADO_NORMAL+TENDENCIA_BAJISTA+TENDENCIA_DEBIL,2,2,0,100.0,0.0,MUESTRA_INSUFICIENTE,INSUFICIENTE,COFFEE-OTC,put,CONTINUACIÓN,TENDENCIA,BAJISTA_DEBIL,IMPULSO_BAJISTA_MEDIO+RECHAZO_VENDEDOR_HISTORICO,MERCADO_NORMAL+TENDENCIA_BAJISTA+TENDENCIA_DEBIL,,
PA_SETUP_MERCADO,PA_SETUP_MERCADO|IMPULSO_BAJISTA_MEDIO+RECHAZO_VENDEDOR_HISTORICO|CONTINUACION+CONTINUACIÓN+PULLBACK_GENERICO|MERCADO_NORMAL+TENDENCIA_BAJISTA+TENDENCIA_DEBIL,2,2,0,100.0,0.0,MUESTRA_INSUFICIENTE,INSUFICIENTE,COFFEE-OTC,put,CONTINUACIÓN,TENDENCIA,BAJISTA_DEBIL,IMPULSO_BAJISTA_MEDIO+RECHAZO_VENDEDOR_HISTORICO,MERCADO_NORMAL+TENDENCIA_BAJISTA+TENDENCIA_DEBIL,,
FIRMA_EVIDENCIAS_EXACTA,FIRMA_EVIDENCIAS_EXACTA|BAJISTA_DEBIL+CONTINUACIÓN+IMPULSO_BAJISTA_MEDIO+MERCADO_NORMAL+PUT+RECHAZO_VENDEDOR_HISTORICO+TENDENCIA+TENDENCIA_BAJISTA+TENDENCIA_DEBIL,2,2,0,100.0,0.0,MUESTRA_INSUFICIENTE,INSUFICIENTE,COFFEE-OTC,put,CONTINUACIÓN,TENDENCIA,BAJISTA_DEBIL,IMPULSO_BAJISTA_MEDIO+RECHAZO_VENDEDOR_HISTORICO,MERCADO_NORMAL+TENDENCIA_BAJISTA+TENDENCIA_DEBIL,,
PA_MERCADO,PA_MERCADO|IMPULSO_BAJISTA_MEDIO+RECHAZO_VENDEDOR_CONFIRMADO|MERCADO_NORMAL+MERCADO_RANGO+SCORE_MERCADO_ALTO+TENDENCIA_DEBIL,2,1,1,50.0,0.0,MUESTRA_INSUFICIENTE,INSUFICIENTE,AIG-OTC,put,REACCIÓN_ZONA,RANGO,ALCISTA_DEBIL,IMPULSO_BAJISTA_MEDIO+RECHAZO_VENDEDOR_CONFIRMADO,MERCADO_NORMAL+MERCADO_RANGO+SCORE_MERCADO_ALTO+TENDENCIA_DEBIL,,
PA_SETUP_MERCADO,PA_SETUP_MERCADO|IMPULSO_BAJISTA_MEDIO+RECHAZO_VENDEDOR_CONFIRMADO|INDEFINIDO+REACCIÓN_ZONA+ZONA_RECHAZO_CONFIRMADO|MERCADO_NORMAL+MERCADO_RANGO+SCORE_MERCADO_ALTO+TENDENCIA_DEBIL,2,1,1,50.0,0.0,MUESTRA_INSUFICIENTE,INSUFICIENTE,AIG-OTC,put,REACCIÓN_ZONA,RANGO,ALCISTA_DEBIL,IMPULSO_BAJISTA_MEDIO+RECHAZO_VENDEDOR_CONFIRMADO,MERCADO_NORMAL+MERCADO_RANGO+SCORE_MERCADO_ALTO+TENDENCIA_DEBIL,,
ACTIVO_FAMILIA,ACTIVO_FAMILIA|LUNA-OTC|REACCIÓN_ZONA,2,1,1,50.0,0.0,MUESTRA_INSUFICIENTE,INSUFICIENTE,LUNA-OTC,put,REACCIÓN_ZONA,RANGO,ALCISTA_DEBIL,IMPULSO_BAJISTA_MEDIO+RECHAZO_VENDEDOR_CONFIRMADO,MERCADO_NORMAL+MERCADO_RANGO+TENDENCIA_DEBIL,,
ACTIVO_DIRECCION,ACTIVO_DIRECCION|LUNA-OTC|PUT,2,1,1,50.0,0.0,MUESTRA_INSUFICIENTE,INSUFICIENTE,LUNA-OTC,put,REACCIÓN_ZONA,RANGO,ALCISTA_DEBIL,IMPULSO_BAJISTA_MEDIO+RECHAZO_VENDEDOR_CONFIRMADO,MERCADO_NORMAL+MERCADO_RANGO+TENDENCIA_DEBIL,,
ACTIVO_FAMILIA,ACTIVO_FAMILIA|EURCAD-OTC|CONTINUACIÓN,2,1,1,50.0,0.0,MUESTRA_INSUFICIENTE,INSUFICIENTE,EURCAD-OTC,put,CONTINUACIÓN,TENDENCIA,BAJISTA_FUERTE,IMPULSO_BAJISTA_MEDIO+RECHAZO_VENDEDOR_HISTORICO,MERCADO_NORMAL+TENDENCIA_BAJISTA+TENDENCIA_FUERTE+TENDENCIA_LIMPIA,,
CLAVE_ESPECIFICA,CLAVE_ESPECIFICA|EURCAD-OTC|PUT|CONTINUACIÓN|TENDENCIA|BAJISTA_FUERTE,2,1,1,50.0,0.0,MUESTRA_INSUFICIENTE,INSUFICIENTE,EURCAD-OTC,put,CONTINUACIÓN,TENDENCIA,BAJISTA_FUERTE,IMPULSO_BAJISTA_MEDIO+RECHAZO_VENDEDOR_HISTORICO,MERCADO_NORMAL+TENDENCIA_BAJISTA+TENDENCIA_FUERTE+TENDENCIA_LIMPIA,,
CLAVE_ESPECIFICA,CLAVE_ESPECIFICA|EURUSD-OTC|PUT|REACCIÓN_ZONA|RANGO|ALCISTA_DEBIL,2,1,1,50.0,0.0,MUESTRA_INSUFICIENTE,INSUFICIENTE,EURUSD-OTC,put,REACCIÓN_ZONA,RANGO,ALCISTA_DEBIL,IMPULSO_BAJISTA_MEDIO+RECHAZO_VENDEDOR_CONFIRMADO,MERCADO_NORMAL+MERCADO_RANGO+TENDENCIA_DEBIL,,
PA_MERCADO,PA_MERCADO|IMPULSO_BAJISTA_MEDIO+RECHAZO_VENDEDOR_HISTORICO|MERCADO_NORMAL+TENDENCIA_BAJISTA+TENDENCIA_LIMPIA,2,1,1,50.0,0.0,MUESTRA_INSUFICIENTE,INSUFICIENTE,AIG-OTC,put,CONTINUACIÓN,TENDENCIA,BAJISTA_NORMAL,IMPULSO_BAJISTA_MEDIO+RECHAZO_VENDEDOR_HISTORICO,MERCADO_NORMAL+TENDENCIA_BAJISTA+TENDENCIA_LIMPIA,,
SETUP_MERCADO,SETUP_MERCADO|CONTINUACION+CONTINUACIÓN+PULLBACK_GENERICO|MERCADO_NORMAL+TENDENCIA_BAJISTA+TENDENCIA_LIMPIA,2,1,1,50.0,0.0,MUESTRA_INSUFICIENTE,INSUFICIENTE,AIG-OTC,put,CONTINUACIÓN,TENDENCIA,BAJISTA_NORMAL,IMPULSO_BAJISTA_MEDIO+RECHAZO_VENDEDOR_HISTORICO,MERCADO_NORMAL+TENDENCIA_BAJISTA+TENDENCIA_LIMPIA,,
PA_SETUP_MERCADO,PA_SETUP_MERCADO|IMPULSO_BAJISTA_MEDIO+RECHAZO_VENDEDOR_HISTORICO|CONTINUACION+CONTINUACIÓN+PULLBACK_GENERICO|MERCADO_NORMAL+TENDENCIA_BAJISTA+TENDENCIA_LIMPIA,2,1,1,50.0,0.0,MUESTRA_INSUFICIENTE,INSUFICIENTE,AIG-OTC,put,CONTINUACIÓN,TENDENCIA,BAJISTA_NORMAL,IMPULSO_BAJISTA_MEDIO+RECHAZO_VENDEDOR_HISTORICO,MERCADO_NORMAL+TENDENCIA_BAJISTA+TENDENCIA_LIMPIA,,
FIRMA_EVIDENCIAS_EXACTA,FIRMA_EVIDENCIAS_EXACTA|BAJISTA_NORMAL+CONTINUACIÓN+IMPULSO_BAJISTA_MEDIO+MERCADO_NORMAL+PUT+RECHAZO_VENDEDOR_HISTORICO+TENDENCIA+TENDENCIA_BAJISTA+TENDENCIA_LIMPIA,2,1,1,50.0,0.0,MUESTRA_INSUFICIENTE,INSUFICIENTE,AIG-OTC,put,CONTINUACIÓN,TENDENCIA,BAJISTA_NORMAL,IMPULSO_BAJISTA_MEDIO+RECHAZO_VENDEDOR_HISTORICO,MERCADO_NORMAL+TENDENCIA_BAJISTA+TENDENCIA_LIMPIA,,
ACTIVO_DIRECCION,ACTIVO_DIRECCION|LTCUSD-OTC|PUT,2,1,1,50.0,0.0,MUESTRA_INSUFICIENTE,INSUFICIENTE,LTCUSD-OTC,put,CONTINUACIÓN,TENDENCIA,BAJISTA_FUERTE,IMPULSO_BAJISTA_MEDIO+RECHAZO_VENDEDOR_HISTORICO,MERCADO_NORMAL+TENDENCIA_BAJISTA+TENDENCIA_FUERTE,,
FAMILIA_TENDENCIA,FAMILIA_TENDENCIA|REACCIÓN_ZONA|BAJISTA_NORMAL,2,1,1,50.0,0.0,MUESTRA_INSUFICIENTE,INSUFICIENTE,MANAUSD-OTC,put,REACCIÓN_ZONA,TENDENCIA,BAJISTA_NORMAL,IMPULSO_BAJISTA_MEDIO+RECHAZO_VENDEDOR_CONFIRMADO+RECHAZO_VENDEDOR_HISTORICO,MERCADO_NORMAL+TENDENCIA_BAJISTA,,
SETUP_MERCADO,SETUP_MERCADO|INDEFINIDO+REACCIÓN_ZONA+ZONA_RECHAZO_CONFIRMADO|MERCADO_NORMAL+TENDENCIA_BAJISTA,2,1,1,50.0,0.0,MUESTRA_INSUFICIENTE,INSUFICIENTE,MANAUSD-OTC,put,REACCIÓN_ZONA,TENDENCIA,BAJISTA_NORMAL,IMPULSO_BAJISTA_MEDIO+RECHAZO_VENDEDOR_CONFIRMADO+RECHAZO_VENDEDOR_HISTORICO,MERCADO_NORMAL+TENDENCIA_BAJISTA,,
PA,PA|RECHAZO_COMPRADOR_HISTORICO,2,1,1,50.0,0.0,MUESTRA_INSUFICIENTE,INSUFICIENTE,EURCAD-OTC,call,REACCIÓN_ZONA,RANGO,ALCISTA_DEBIL,IMPULSO_ALCISTA_MEDIO+RECHAZO_COMPRADOR_HISTORICO,MERCADO_NORMAL+MERCADO_RANGO+TENDENCIA_DEBIL,,
PA_DIRECCION,PA_DIRECCION|RECHAZO_COMPRADOR_HISTORICO|CALL,2,1,1,50.0,0.0,MUESTRA_INSUFICIENTE,INSUFICIENTE,EURCAD-OTC,call,REACCIÓN_ZONA,RANGO,ALCISTA_DEBIL,IMPULSO_ALCISTA_MEDIO+RECHAZO_COMPRADOR_HISTORICO,MERCADO_NORMAL+MERCADO_RANGO+TENDENCIA_DEBIL,,
PA,PA|IMPULSO_ALCISTA_MEDIO+RECHAZO_COMPRADOR_HISTORICO,2,1,1,50.0,0.0,MUESTRA_INSUFICIENTE,INSUFICIENTE,EURCAD-OTC,call,REACCIÓN_ZONA,RANGO,ALCISTA_DEBIL,IMPULSO_ALCISTA_MEDIO+RECHAZO_COMPRADOR_HISTORICO,MERCADO_NORMAL+MERCADO_RANGO+TENDENCIA_DEBIL,,
ACTIVO_FAMILIA,ACTIVO_FAMILIA|USDMXN-OTC|CONTINUACIÓN,2,1,1,50.0,0.0,MUESTRA_INSUFICIENTE,INSUFICIENTE,USDMXN-OTC,put,CONTINUACIÓN,TENDENCIA,BAJISTA_NORMAL,IMPULSO_BAJISTA_MEDIO+RECHAZO_VENDEDOR_HISTORICO,MERCADO_NORMAL+TENDENCIA_BAJISTA,,
CLAVE_ESPECIFICA,CLAVE_ESPECIFICA|USDMXN-OTC|PUT|CONTINUACIÓN|TENDENCIA|BAJISTA_NORMAL,2,1,1,50.0,0.0,MUESTRA_INSUFICIENTE,INSUFICIENTE,USDMXN-OTC,put,CONTINUACIÓN,TENDENCIA,BAJISTA_NORMAL,IMPULSO_BAJISTA_MEDIO+RECHAZO_VENDEDOR_HISTORICO,MERCADO_NORMAL+TENDENCIA_BAJISTA,,
ACTIVO_DIRECCION,ACTIVO_DIRECCION|US2000-OTC|PUT,2,1,1,50.0,0.0,MUESTRA_INSUFICIENTE,INSUFICIENTE,US2000-OTC,put,REACCIÓN_ZONA,RANGO,BAJISTA_DEBIL,RECHAZO_VENDEDOR_CONFIRMADO,MERCADO_NORMAL+MERCADO_RANGO+TENDENCIA_DEBIL,,
PA_MERCADO,PA_MERCADO|RECHAZO_VENDEDOR_CONFIRMADO|MERCADO_NORMAL+MERCADO_RANGO+TENDENCIA_DEBIL,2,1,1,50.0,0.0,MUESTRA_INSUFICIENTE,INSUFICIENTE,US2000-OTC,put,REACCIÓN_ZONA,RANGO,BAJISTA_DEBIL,RECHAZO_VENDEDOR_CONFIRMADO,MERCADO_NORMAL+MERCADO_RANGO+TENDENCIA_DEBIL,,
PA_SETUP_MERCADO,PA_SETUP_MERCADO|RECHAZO_VENDEDOR_CONFIRMADO|INDEFINIDO+REACCIÓN_ZONA+ZONA_RECHAZO_CONFIRMADO|MERCADO_NORMAL+MERCADO_RANGO+TENDENCIA_DEBIL,2,1,1,50.0,0.0,MUESTRA_INSUFICIENTE,INSUFICIENTE,US2000-OTC,put,REACCIÓN_ZONA,RANGO,BAJISTA_DEBIL,RECHAZO_VENDEDOR_CONFIRMADO,MERCADO_NORMAL+MERCADO_RANGO+TENDENCIA_DEBIL,,
ACTIVO_DIRECCION,ACTIVO_DIRECCION|COFFEE-OTC|CALL,2,1,1,50.0,0.0,MUESTRA_INSUFICIENTE,INSUFICIENTE,COFFEE-OTC,call,REACCIÓN_ZONA,TENDENCIA,ALCISTA_DEBIL,RECHAZO_COMPRADOR_CONFIRMADO+RECHAZO_COMPRADOR_OBSERVADO,MERCADO_NORMAL+TENDENCIA_ALCISTA+TENDENCIA_DEBIL,,
PA,PA|RECHAZO_COMPRADOR_OBSERVADO,2,1,1,50.0,0.0,MUESTRA_INSUFICIENTE,INSUFICIENTE,COFFEE-OTC,call,REACCIÓN_ZONA,TENDENCIA,ALCISTA_DEBIL,RECHAZO_COMPRADOR_CONFIRMADO+RECHAZO_COMPRADOR_OBSERVADO,MERCADO_NORMAL+TENDENCIA_ALCISTA+TENDENCIA_DEBIL,,
PA_DIRECCION,PA_DIRECCION|RECHAZO_COMPRADOR_OBSERVADO|CALL,2,1,1,50.0,0.0,MUESTRA_INSUFICIENTE,INSUFICIENTE,COFFEE-OTC,call,REACCIÓN_ZONA,TENDENCIA,ALCISTA_DEBIL,RECHAZO_COMPRADOR_CONFIRMADO+RECHAZO_COMPRADOR_OBSERVADO,MERCADO_NORMAL+TENDENCIA_ALCISTA+TENDENCIA_DEBIL,,
ACTIVO_DIRECCION,ACTIVO_DIRECCION|USDNOK-OTC|PUT,2,1,1,50.0,0.0,MUESTRA_INSUFICIENTE,INSUFICIENTE,USDNOK-OTC,put,CONTINUACIÓN,TENDENCIA,BAJISTA_DEBIL,IMPULSO_BAJISTA_MEDIO+RECHAZO_VENDEDOR_HISTORICO,MERCADO_NORMAL+TENDENCIA_BAJISTA+TENDENCIA_DEBIL,,
CLAVE_ESPECIFICA,CLAVE_ESPECIFICA|AIG-OTC|PUT|REACCIÓN_ZONA|RANGO|ALCISTA_DEBIL,2,0,2,0.0,0.0,MUESTRA_INSUFICIENTE,INSUFICIENTE,AIG-OTC,put,REACCIÓN_ZONA,RANGO,ALCISTA_DEBIL,IMPULSO_BAJISTA_MEDIO+RECHAZO_VENDEDOR_CONFIRMADO,MERCADO_NORMAL+MERCADO_RANGO+SCORE_MERCADO_ALTO+TENDENCIA_DEBIL,,
MERCADO_EVIDENCIAS,MERCADO_EVIDENCIAS|MERCADO_NORMAL+TENDENCIA_BAJISTA+TENDENCIA_FUERTE,2,0,2,0.0,0.0,MUESTRA_INSUFICIENTE,INSUFICIENTE,LTCUSD-OTC,put,CONTINUACIÓN,TENDENCIA,BAJISTA_FUERTE,IMPULSO_BAJISTA_MEDIO+RECHAZO_VENDEDOR_HISTORICO,MERCADO_NORMAL+TENDENCIA_BAJISTA+TENDENCIA_FUERTE,,
SETUP_MERCADO,SETUP_MERCADO|CONTINUACION+CONTINUACIÓN+PULLBACK_GENERICO|MERCADO_NORMAL+TENDENCIA_BAJISTA+TENDENCIA_FUERTE,2,0,2,0.0,0.0,MUESTRA_INSUFICIENTE,INSUFICIENTE,LTCUSD-OTC,put,CONTINUACIÓN,TENDENCIA,BAJISTA_FUERTE,IMPULSO_BAJISTA_MEDIO+RECHAZO_VENDEDOR_HISTORICO,MERCADO_NORMAL+TENDENCIA_BAJISTA+TENDENCIA_FUERTE,,
PA_MERCADO,PA_MERCADO|IMPULSO_ALCISTA_MEDIO+RECHAZO_COMPRADOR_CONFIRMADO|MERCADO_NORMAL+MERCADO_RANGO+TENDENCIA_INDEFINIDA,2,0,2,0.0,0.0,MUESTRA_INSUFICIENTE,INSUFICIENTE,EURUSD-OTC,call,REACCIÓN_ZONA,RANGO,INDEFINIDA,IMPULSO_ALCISTA_MEDIO+RECHAZO_COMPRADOR_CONFIRMADO,MERCADO_NORMAL+MERCADO_RANGO+TENDENCIA_INDEFINIDA,,
PA_SETUP_MERCADO,PA_SETUP_MERCADO|IMPULSO_ALCISTA_MEDIO+RECHAZO_COMPRADOR_CONFIRMADO|INDEFINIDO+REACCIÓN_ZONA+ZONA_RECHAZO_CONFIRMADO|MERCADO_NORMAL+MERCADO_RANGO+TENDENCIA_INDEFINIDA,2,0,2,0.0,0.0,MUESTRA_INSUFICIENTE,INSUFICIENTE,EURUSD-OTC,call,REACCIÓN_ZONA,RANGO,INDEFINIDA,IMPULSO_ALCISTA_MEDIO+RECHAZO_COMPRADOR_CONFIRMADO,MERCADO_NORMAL+MERCADO_RANGO+TENDENCIA_INDEFINIDA,,
FIRMA_EVIDENCIAS_EXACTA,FIRMA_EVIDENCIAS_EXACTA|CALL+IMPULSO_ALCISTA_MEDIO+INDEFINIDA+MERCADO_NORMAL+MERCADO_RANGO+RANGO+REACCIÓN_ZONA+RECHAZO_COMPRADOR_CONFIRMADO+TENDENCIA_INDEFINIDA,2,0,2,0.0,0.0,MUESTRA_INSUFICIENTE,INSUFICIENTE,EURUSD-OTC,call,REACCIÓN_ZONA,RANGO,INDEFINIDA,IMPULSO_ALCISTA_MEDIO+RECHAZO_COMPRADOR_CONFIRMADO,MERCADO_NORMAL+MERCADO_RANGO+TENDENCIA_INDEFINIDA,,
PA_MERCADO,PA_MERCADO|IMPULSO_ALCISTA_MEDIO+RECHAZO_COMPRADOR_CONFIRMADO|MERCADO_NORMAL+TENDENCIA_ALCISTA+TENDENCIA_DEBIL,2,0,2,0.0,0.0,MUESTRA_INSUFICIENTE,INSUFICIENTE,AIG-OTC,call,REACCIÓN_ZONA,TENDENCIA,ALCISTA_DEBIL,IMPULSO_ALCISTA_MEDIO+RECHAZO_COMPRADOR_CONFIRMADO,MERCADO_NORMAL+TENDENCIA_ALCISTA+TENDENCIA_DEBIL,,
SETUP_MERCADO,SETUP_MERCADO|INDEFINIDO+REACCIÓN_ZONA+ZONA_RECHAZO_CONFIRMADO|MERCADO_NORMAL+TENDENCIA_ALCISTA+TENDENCIA_DEBIL,2,0,2,0.0,0.0,MUESTRA_INSUFICIENTE,INSUFICIENTE,AIG-OTC,call,REACCIÓN_ZONA,TENDENCIA,ALCISTA_DEBIL,IMPULSO_ALCISTA_MEDIO+RECHAZO_COMPRADOR_CONFIRMADO,MERCADO_NORMAL+TENDENCIA_ALCISTA+TENDENCIA_DEBIL,,
PA_SETUP_MERCADO,PA_SETUP_MERCADO|IMPULSO_ALCISTA_MEDIO+RECHAZO_COMPRADOR_CONFIRMADO|INDEFINIDO+REACCIÓN_ZONA+ZONA_RECHAZO_CONFIRMADO|MERCADO_NORMAL+TENDENCIA_ALCISTA+TENDENCIA_DEBIL,2,0,2,0.0,0.0,MUESTRA_INSUFICIENTE,INSUFICIENTE,AIG-OTC,call,REACCIÓN_ZONA,TENDENCIA,ALCISTA_DEBIL,IMPULSO_ALCISTA_MEDIO+RECHAZO_COMPRADOR_CONFIRMADO,MERCADO_NORMAL+TENDENCIA_ALCISTA+TENDENCIA_DEBIL,,
FIRMA_EVIDENCIAS_EXACTA,FIRMA_EVIDENCIAS_EXACTA|ALCISTA_DEBIL+CALL+IMPULSO_ALCISTA_MEDIO+MERCADO_NORMAL+REACCIÓN_ZONA+RECHAZO_COMPRADOR_CONFIRMADO+TENDENCIA+TENDENCIA_ALCISTA+TENDENCIA_DEBIL,2,0,2,0.0,0.0,MUESTRA_INSUFICIENTE,INSUFICIENTE,AIG-OTC,call,REACCIÓN_ZONA,TENDENCIA,ALCISTA_DEBIL,IMPULSO_ALCISTA_MEDIO+RECHAZO_COMPRADOR_CONFIRMADO,MERCADO_NORMAL+TENDENCIA_ALCISTA+TENDENCIA_DEBIL,,
FAMILIA_TENDENCIA,FAMILIA_TENDENCIA|REACCIÓN_ZONA|ALCISTA_NORMAL,2,0,2,0.0,0.0,MUESTRA_INSUFICIENTE,INSUFICIENTE,NZDJPY-OTC,call,REACCIÓN_ZONA,TENDENCIA,ALCISTA_NORMAL,IMPULSO_ALCISTA_MEDIO+RECHAZO_COMPRADOR_CONFIRMADO+RECHAZO_COMPRADOR_OBSERVADO,MERCADO_NORMAL+TENDENCIA_ALCISTA,,
SETUP_MERCADO,SETUP_MERCADO|INDEFINIDO+REACCIÓN_ZONA+ZONA_RECHAZO_CONFIRMADO|MERCADO_NORMAL+TENDENCIA_ALCISTA,2,0,2,0.0,0.0,MUESTRA_INSUFICIENTE,INSUFICIENTE,NZDJPY-OTC,call,REACCIÓN_ZONA,TENDENCIA,ALCISTA_NORMAL,IMPULSO_ALCISTA_MEDIO+RECHAZO_COMPRADOR_CONFIRMADO+RECHAZO_COMPRADOR_OBSERVADO,MERCADO_NORMAL+TENDENCIA_ALCISTA,,
CLAVE_ESPECIFICA,CLAVE_ESPECIFICA|LUNA-OTC|PUT|REACCIÓN_ZONA|RANGO|ALCISTA_DEBIL,1,1,0,100.0,0.0,MUESTRA_INSUFICIENTE,INSUFICIENTE,LUNA-OTC,put,REACCIÓN_ZONA,RANGO,ALCISTA_DEBIL,IMPULSO_BAJISTA_MEDIO+RECHAZO_VENDEDOR_CONFIRMADO,MERCADO_NORMAL+MERCADO_RANGO+TENDENCIA_DEBIL,,
SETUP_EVIDENCIAS,SETUP_EVIDENCIAS|REACCIÓN_ZONA+RECHAZO_BAJISTA+ZONA_RECHAZO_CONFIRMADO,1,1,0,100.0,0.0,MUESTRA_INSUFICIENTE,INSUFICIENTE,EURCAD-OTC,put,REACCIÓN_ZONA,RANGO,ALCISTA_DEBIL,IMPULSO_BAJISTA_MEDIO+RECHAZO_VENDEDOR_CONFIRMADO+RECHAZO_VENDEDOR_HISTORICO,MERCADO_NORMAL+MERCADO_RANGO+TENDENCIA_DEBIL,,
PA_MERCADO,PA_MERCADO|IMPULSO_BAJISTA_MEDIO+RECHAZO_VENDEDOR_CONFIRMADO+RECHAZO_VENDEDOR_HISTORICO|MERCADO_NORMAL+MERCADO_RANGO+TENDENCIA_DEBIL,1,1,0,100.0,0.0,MUESTRA_INSUFICIENTE,INSUFICIENTE,EURCAD-OTC,put,REACCIÓN_ZONA,RANGO,ALCISTA_DEBIL,IMPULSO_BAJISTA_MEDIO+RECHAZO_VENDEDOR_CONFIRMADO+RECHAZO_VENDEDOR_HISTORICO,MERCADO_NORMAL+MERCADO_RANGO+TENDENCIA_DEBIL,,
PA_SETUP,PA_SETUP|IMPULSO_BAJISTA_MEDIO+RECHAZO_VENDEDOR_CONFIRMADO+RECHAZO_VENDEDOR_HISTORICO|REACCIÓN_ZONA+RECHAZO_BAJISTA+ZONA_RECHAZO_CONFIRMADO,1,1,0,100.0,0.0,MUESTRA_INSUFICIENTE,INSUFICIENTE,EURCAD-OTC,put,REACCIÓN_ZONA,RANGO,ALCISTA_DEBIL,IMPULSO_BAJISTA_MEDIO+RECHAZO_VENDEDOR_CONFIRMADO+RECHAZO_VENDEDOR_HISTORICO,MERCADO_NORMAL+MERCADO_RANGO+TENDENCIA_DEBIL,,
SETUP_MERCADO,SETUP_MERCADO|REACCIÓN_ZONA+RECHAZO_BAJISTA+ZONA_RECHAZO_CONFIRMADO|MERCADO_NORMAL+MERCADO_RANGO+TENDENCIA_DEBIL,1,1,0,100.0,0.0,MUESTRA_INSUFICIENTE,INSUFICIENTE,EURCAD-OTC,put,REACCIÓN_ZONA,RANGO,ALCISTA_DEBIL,IMPULSO_BAJISTA_MEDIO+RECHAZO_VENDEDOR_CONFIRMADO+RECHAZO_VENDEDOR_HISTORICO,MERCADO_NORMAL+MERCADO_RANGO+TENDENCIA_DEBIL,,
PA_SETUP_MERCADO,PA_SETUP_MERCADO|IMPULSO_BAJISTA_MEDIO+RECHAZO_VENDEDOR_CONFIRMADO+RECHAZO_VENDEDOR_HISTORICO|REACCIÓN_ZONA+RECHAZO_BAJISTA+ZONA_RECHAZO_CONFIRMADO|MERCADO_NORMAL+MERCADO_RANGO+TENDENCIA_DEBIL,1,1,0,100.0,0.0,MUESTRA_INSUFICIENTE,INSUFICIENTE,EURCAD-OTC,put,REACCIÓN_ZONA,RANGO,ALCISTA_DEBIL,IMPULSO_BAJISTA_MEDIO+RECHAZO_VENDEDOR_CONFIRMADO+RECHAZO_VENDEDOR_HISTORICO,MERCADO_NORMAL+MERCADO_RANGO+TENDENCIA_DEBIL,,
FIRMA_EVIDENCIAS_EXACTA,FIRMA_EVIDENCIAS_EXACTA|ALCISTA_DEBIL+IMPULSO_BAJISTA_MEDIO+MERCADO_NORMAL+MERCADO_RANGO+PUT+RANGO+REACCIÓN_ZONA+RECHAZO_VENDEDOR_CONFIRMADO+RECHAZO_VENDEDOR_HISTORICO+TENDENCIA_DEBIL,1,1,0,100.0,0.0,MUESTRA_INSUFICIENTE,INSUFICIENTE,EURCAD-OTC,put,REACCIÓN_ZONA,RANGO,ALCISTA_DEBIL,IMPULSO_BAJISTA_MEDIO+RECHAZO_VENDEDOR_CONFIRMADO+RECHAZO_VENDEDOR_HISTORICO,MERCADO_NORMAL+MERCADO_RANGO+TENDENCIA_DEBIL,,
CLAVE_ESPECIFICA,CLAVE_ESPECIFICA|AIG-OTC|PUT|CONTINUACIÓN|TENDENCIA|BAJISTA_NORMAL,1,1,0,100.0,0.0,MUESTRA_INSUFICIENTE,INSUFICIENTE,AIG-OTC,put,CONTINUACIÓN,TENDENCIA,BAJISTA_NORMAL,IMPULSO_BAJISTA_MEDIO+RECHAZO_VENDEDOR_HISTORICO,MERCADO_NORMAL+TENDENCIA_BAJISTA+TENDENCIA_LIMPIA,,
CLAVE_ESPECIFICA,CLAVE_ESPECIFICA|AIG-OTC|PUT|CONTINUACIÓN|TENDENCIA|BAJISTA_DEBIL,1,1,0,100.0,0.0,MUESTRA_INSUFICIENTE,INSUFICIENTE,AIG-OTC,put,CONTINUACIÓN,TENDENCIA,BAJISTA_DEBIL,RECHAZO_VENDEDOR_CONFIRMADO+RECHAZO_VENDEDOR_OBSERVADO,MERCADO_NORMAL+TENDENCIA_BAJISTA+TENDENCIA_DEBIL,,
PA,PA|RECHAZO_VENDEDOR_OBSERVADO,1,1,0,100.0,0.0,MUESTRA_INSUFICIENTE,INSUFICIENTE,AIG-OTC,put,CONTINUACIÓN,TENDENCIA,BAJISTA_DEBIL,RECHAZO_VENDEDOR_CONFIRMADO+RECHAZO_VENDEDOR_OBSERVADO,MERCADO_NORMAL+TENDENCIA_BAJISTA+TENDENCIA_DEBIL,,
PA_DIRECCION,PA_DIRECCION|RECHAZO_VENDEDOR_OBSERVADO|PUT,1,1,0,100.0,0.0,MUESTRA_INSUFICIENTE,INSUFICIENTE,AIG-OTC,put,CONTINUACIÓN,TENDENCIA,BAJISTA_DEBIL,RECHAZO_VENDEDOR_CONFIRMADO+RECHAZO_VENDEDOR_OBSERVADO,MERCADO_NORMAL+TENDENCIA_BAJISTA+TENDENCIA_DEBIL,,
PA,PA|RECHAZO_VENDEDOR_CONFIRMADO+RECHAZO_VENDEDOR_OBSERVADO,1,1,0,100.0,0.0,MUESTRA_INSUFICIENTE,INSUFICIENTE,AIG-OTC,put,CONTINUACIÓN,TENDENCIA,BAJISTA_DEBIL,RECHAZO_VENDEDOR_CONFIRMADO+RECHAZO_VENDEDOR_OBSERVADO,MERCADO_NORMAL+TENDENCIA_BAJISTA+TENDENCIA_DEBIL,,
PA_MERCADO,PA_MERCADO|RECHAZO_VENDEDOR_CONFIRMADO+RECHAZO_VENDEDOR_OBSERVADO|MERCADO_NORMAL+TENDENCIA_BAJISTA+TENDENCIA_DEBIL,1,1,0,100.0,0.0,MUESTRA_INSUFICIENTE,INSUFICIENTE,AIG-OTC,put,CONTINUACIÓN,TENDENCIA,BAJISTA_DEBIL,RECHAZO_VENDEDOR_CONFIRMADO+RECHAZO_VENDEDOR_OBSERVADO,MERCADO_NORMAL+TENDENCIA_BAJISTA+TENDENCIA_DEBIL,,
PA_SETUP,PA_SETUP|RECHAZO_VENDEDOR_CONFIRMADO+RECHAZO_VENDEDOR_OBSERVADO|CONTINUACION+CONTINUACIÓN+PULLBACK_GENERICO,1,1,0,100.0,0.0,MUESTRA_INSUFICIENTE,INSUFICIENTE,AIG-OTC,put,CONTINUACIÓN,TENDENCIA,BAJISTA_DEBIL,RECHAZO_VENDEDOR_CONFIRMADO+RECHAZO_VENDEDOR_OBSERVADO,MERCADO_NORMAL+TENDENCIA_BAJISTA+TENDENCIA_DEBIL,,
PA_SETUP_MERCADO,PA_SETUP_MERCADO|RECHAZO_VENDEDOR_CONFIRMADO+RECHAZO_VENDEDOR_OBSERVADO|CONTINUACION+CONTINUACIÓN+PULLBACK_GENERICO|MERCADO_NORMAL+TENDENCIA_BAJISTA+TENDENCIA_DEBIL,1,1,0,100.0,0.0,MUESTRA_INSUFICIENTE,INSUFICIENTE,AIG-OTC,put,CONTINUACIÓN,TENDENCIA,BAJISTA_DEBIL,RECHAZO_VENDEDOR_CONFIRMADO+RECHAZO_VENDEDOR_OBSERVADO,MERCADO_NORMAL+TENDENCIA_BAJISTA+TENDENCIA_DEBIL,,
FIRMA_EVIDENCIAS_EXACTA,FIRMA_EVIDENCIAS_EXACTA|BAJISTA_DEBIL+CONTINUACIÓN+MERCADO_NORMAL+PUT+RECHAZO_VENDEDOR_CONFIRMADO+RECHAZO_VENDEDOR_OBSERVADO+TENDENCIA+TENDENCIA_BAJISTA+TENDENCIA_DEBIL,1,1,0,100.0,0.0,MUESTRA_INSUFICIENTE,INSUFICIENTE,AIG-OTC,put,CONTINUACIÓN,TENDENCIA,BAJISTA_DEBIL,RECHAZO_VENDEDOR_CONFIRMADO+RECHAZO_VENDEDOR_OBSERVADO,MERCADO_NORMAL+TENDENCIA_BAJISTA+TENDENCIA_DEBIL,,
ACTIVO_FAMILIA,ACTIVO_FAMILIA|MANAUSD-OTC|REACCIÓN_ZONA,1,1,0,100.0,0.0,MUESTRA_INSUFICIENTE,INSUFICIENTE,MANAUSD-OTC,put,REACCIÓN_ZONA,TENDENCIA,BAJISTA_NORMAL,IMPULSO_BAJISTA_MEDIO+RECHAZO_VENDEDOR_CONFIRMADO+RECHAZO_VENDEDOR_HISTORICO,MERCADO_NORMAL+TENDENCIA_BAJISTA,,
ACTIVO_DIRECCION,ACTIVO_DIRECCION|MANAUSD-OTC|PUT,1,1,0,100.0,0.0,MUESTRA_INSUFICIENTE,INSUFICIENTE,MANAUSD-OTC,put,REACCIÓN_ZONA,TENDENCIA,BAJISTA_NORMAL,IMPULSO_BAJISTA_MEDIO+RECHAZO_VENDEDOR_CONFIRMADO+RECHAZO_VENDEDOR_HISTORICO,MERCADO_NORMAL+TENDENCIA_BAJISTA,,
CLAVE_ESPECIFICA,CLAVE_ESPECIFICA|MANAUSD-OTC|PUT|REACCIÓN_ZONA|TENDENCIA|BAJISTA_NORMAL,1,1,0,100.0,0.0,MUESTRA_INSUFICIENTE,INSUFICIENTE,MANAUSD-OTC,put,REACCIÓN_ZONA,TENDENCIA,BAJISTA_NORMAL,IMPULSO_BAJISTA_MEDIO+RECHAZO_VENDEDOR_CONFIRMADO+RECHAZO_VENDEDOR_HISTORICO,MERCADO_NORMAL+TENDENCIA_BAJISTA,,
PA_MERCADO,PA_MERCADO|IMPULSO_BAJISTA_MEDIO+RECHAZO_VENDEDOR_CONFIRMADO+RECHAZO_VENDEDOR_HISTORICO|MERCADO_NORMAL+TENDENCIA_BAJISTA,1,1,0,100.0,0.0,MUESTRA_INSUFICIENTE,INSUFICIENTE,MANAUSD-OTC,put,REACCIÓN_ZONA,TENDENCIA,BAJISTA_NORMAL,IMPULSO_BAJISTA_MEDIO+RECHAZO_VENDEDOR_CONFIRMADO+RECHAZO_VENDEDOR_HISTORICO,MERCADO_NORMAL+TENDENCIA_BAJISTA,,
PA_SETUP,PA_SETUP|IMPULSO_BAJISTA_MEDIO+RECHAZO_VENDEDOR_CONFIRMADO+RECHAZO_VENDEDOR_HISTORICO|INDEFINIDO+REACCIÓN_ZONA+ZONA_RECHAZO_CONFIRMADO,1,1,0,100.0,0.0,MUESTRA_INSUFICIENTE,INSUFICIENTE,MANAUSD-OTC,put,REACCIÓN_ZONA,TENDENCIA,BAJISTA_NORMAL,IMPULSO_BAJISTA_MEDIO+RECHAZO_VENDEDOR_CONFIRMADO+RECHAZO_VENDEDOR_HISTORICO,MERCADO_NORMAL+TENDENCIA_BAJISTA,,
PA_SETUP_MERCADO,PA_SETUP_MERCADO|IMPULSO_BAJISTA_MEDIO+RECHAZO_VENDEDOR_CONFIRMADO+RECHAZO_VENDEDOR_HISTORICO|INDEFINIDO+REACCIÓN_ZONA+ZONA_RECHAZO_CONFIRMADO|MERCADO_NORMAL+TENDENCIA_BAJISTA,1,1,0,100.0,0.0,MUESTRA_INSUFICIENTE,INSUFICIENTE,MANAUSD-OTC,put,REACCIÓN_ZONA,TENDENCIA,BAJISTA_NORMAL,IMPULSO_BAJISTA_MEDIO+RECHAZO_VENDEDOR_CONFIRMADO+RECHAZO_VENDEDOR_HISTORICO,MERCADO_NORMAL+TENDENCIA_BAJISTA,,
FIRMA_EVIDENCIAS_EXACTA,FIRMA_EVIDENCIAS_EXACTA|BAJISTA_NORMAL+IMPULSO_BAJISTA_MEDIO+MERCADO_NORMAL+PUT+REACCIÓN_ZONA+RECHAZO_VENDEDOR_CONFIRMADO+RECHAZO_VENDEDOR_HISTORICO+TENDENCIA+TENDENCIA_BAJISTA,1,1,0,100.0,0.0,MUESTRA_INSUFICIENTE,INSUFICIENTE,MANAUSD-OTC,put,REACCIÓN_ZONA,TENDENCIA,BAJISTA_NORMAL,IMPULSO_BAJISTA_MEDIO+RECHAZO_VENDEDOR_CONFIRMADO+RECHAZO_VENDEDOR_HISTORICO,MERCADO_NORMAL+TENDENCIA_BAJISTA,,
CLAVE_ESPECIFICA,CLAVE_ESPECIFICA|EURUSD-OTC|PUT|REACCIÓN_ZONA|RANGO|BAJISTA_DEBIL,1,1,0,100.0,0.0,MUESTRA_INSUFICIENTE,INSUFICIENTE,EURUSD-OTC,put,REACCIÓN_ZONA,RANGO,BAJISTA_DEBIL,IMPULSO_BAJISTA_FUERTE+RECHAZO_VENDEDOR_CONFIRMADO,MERCADO_NORMAL+MERCADO_RANGO+TENDENCIA_DEBIL,,
PA,PA|IMPULSO_BAJISTA_FUERTE+RECHAZO_VENDEDOR_CONFIRMADO,1,1,0,100.0,0.0,MUESTRA_INSUFICIENTE,INSUFICIENTE,EURUSD-OTC,put,REACCIÓN_ZONA,RANGO,BAJISTA_DEBIL,IMPULSO_BAJISTA_FUERTE+RECHAZO_VENDEDOR_CONFIRMADO,MERCADO_NORMAL+MERCADO_RANGO+TENDENCIA_DEBIL,,
PA_MERCADO,PA_MERCADO|IMPULSO_BAJISTA_FUERTE+RECHAZO_VENDEDOR_CONFIRMADO|MERCADO_NORMAL+MERCADO_RANGO+TENDENCIA_DEBIL,1,1,0,100.0,0.0,MUESTRA_INSUFICIENTE,INSUFICIENTE,EURUSD-OTC,put,REACCIÓN_ZONA,RANGO,BAJISTA_DEBIL,IMPULSO_BAJISTA_FUERTE+RECHAZO_VENDEDOR_CONFIRMADO,MERCADO_NORMAL+MERCADO_RANGO+TENDENCIA_DEBIL,,
PA_SETUP,PA_SETUP|IMPULSO_BAJISTA_FUERTE+RECHAZO_VENDEDOR_CONFIRMADO|INDEFINIDO+REACCIÓN_ZONA+ZONA_RECHAZO_CONFIRMADO,1,1,0,100.0,0.0,MUESTRA_INSUFICIENTE,INSUFICIENTE,EURUSD-OTC,put,REACCIÓN_ZONA,RANGO,BAJISTA_DEBIL,IMPULSO_BAJISTA_FUERTE+RECHAZO_VENDEDOR_CONFIRMADO,MERCADO_NORMAL+MERCADO_RANGO+TENDENCIA_DEBIL,,
PA_SETUP_MERCADO,PA_SETUP_MERCADO|IMPULSO_BAJISTA_FUERTE+RECHAZO_VENDEDOR_CONFIRMADO|INDEFINIDO+REACCIÓN_ZONA+ZONA_RECHAZO_CONFIRMADO|MERCADO_NORMAL+MERCADO_RANGO+TENDENCIA_DEBIL,1,1,0,100.0,0.0,MUESTRA_INSUFICIENTE,INSUFICIENTE,EURUSD-OTC,put,REACCIÓN_ZONA,RANGO,BAJISTA_DEBIL,IMPULSO_BAJISTA_FUERTE+RECHAZO_VENDEDOR_CONFIRMADO,MERCADO_NORMAL+MERCADO_RANGO+TENDENCIA_DEBIL,,
FIRMA_EVIDENCIAS_EXACTA,FIRMA_EVIDENCIAS_EXACTA|BAJISTA_DEBIL+IMPULSO_BAJISTA_FUERTE+MERCADO_NORMAL+MERCADO_RANGO+PUT+RANGO+REACCIÓN_ZONA+RECHAZO_VENDEDOR_CONFIRMADO+TENDENCIA_DEBIL,1,1,0,100.0,0.0,MUESTRA_INSUFICIENTE,INSUFICIENTE,EURUSD-OTC,put,REACCIÓN_ZONA,RANGO,BAJISTA_DEBIL,IMPULSO_BAJISTA_FUERTE+RECHAZO_VENDEDOR_CONFIRMADO,MERCADO_NORMAL+MERCADO_RANGO+TENDENCIA_DEBIL,,
ACTIVO_FAMILIA,ACTIVO_FAMILIA|LTCUSD-OTC|REACCIÓN_ZONA,1,1,0,100.0,0.0,MUESTRA_INSUFICIENTE,INSUFICIENTE,LTCUSD-OTC,put,REACCIÓN_ZONA,RANGO,ALCISTA_DEBIL,IMPULSO_BAJISTA_AGOTANDOSE+RECHAZO_VENDEDOR_CONFIRMADO,MERCADO_NORMAL+MERCADO_RANGO+SCORE_MERCADO_ALTO+TENDENCIA_DEBIL,,
CLAVE_ESPECIFICA,CLAVE_ESPECIFICA|LTCUSD-OTC|PUT|REACCIÓN_ZONA|RANGO|ALCISTA_DEBIL,1,1,0,100.0,0.0,MUESTRA_INSUFICIENTE,INSUFICIENTE,LTCUSD-OTC,put,REACCIÓN_ZONA,RANGO,ALCISTA_DEBIL,IMPULSO_BAJISTA_AGOTANDOSE+RECHAZO_VENDEDOR_CONFIRMADO,MERCADO_NORMAL+MERCADO_RANGO+SCORE_MERCADO_ALTO+TENDENCIA_DEBIL,,
PA,PA|IMPULSO_BAJISTA_AGOTANDOSE,1,1,0,100.0,0.0,MUESTRA_INSUFICIENTE,INSUFICIENTE,LTCUSD-OTC,put,REACCIÓN_ZONA,RANGO,ALCISTA_DEBIL,IMPULSO_BAJISTA_AGOTANDOSE+RECHAZO_VENDEDOR_CONFIRMADO,MERCADO_NORMAL+MERCADO_RANGO+SCORE_MERCADO_ALTO+TENDENCIA_DEBIL,,
PA_DIRECCION,PA_DIRECCION|IMPULSO_BAJISTA_AGOTANDOSE|PUT,1,1,0,100.0,0.0,MUESTRA_INSUFICIENTE,INSUFICIENTE,LTCUSD-OTC,put,REACCIÓN_ZONA,RANGO,ALCISTA_DEBIL,IMPULSO_BAJISTA_AGOTANDOSE+RECHAZO_VENDEDOR_CONFIRMADO,MERCADO_NORMAL+MERCADO_RANGO+SCORE_MERCADO_ALTO+TENDENCIA_DEBIL,,
PA,PA|IMPULSO_BAJISTA_AGOTANDOSE+RECHAZO_VENDEDOR_CONFIRMADO,1,1,0,100.0,0.0,MUESTRA_INSUFICIENTE,INSUFICIENTE,LTCUSD-OTC,put,REACCIÓN_ZONA,RANGO,ALCISTA_DEBIL,IMPULSO_BAJISTA_AGOTANDOSE+RECHAZO_VENDEDOR_CONFIRMADO,MERCADO_NORMAL+MERCADO_RANGO+SCORE_MERCADO_ALTO+TENDENCIA_DEBIL,,
PA_MERCADO,PA_MERCADO|IMPULSO_BAJISTA_AGOTANDOSE+RECHAZO_VENDEDOR_CONFIRMADO|MERCADO_NORMAL+MERCADO_RANGO+SCORE_MERCADO_ALTO+TENDENCIA_DEBIL,1,1,0,100.0,0.0,MUESTRA_INSUFICIENTE,INSUFICIENTE,LTCUSD-OTC,put,REACCIÓN_ZONA,RANGO,ALCISTA_DEBIL,IMPULSO_BAJISTA_AGOTANDOSE+RECHAZO_VENDEDOR_CONFIRMADO,MERCADO_NORMAL+MERCADO_RANGO+SCORE_MERCADO_ALTO+TENDENCIA_DEBIL,,
PA_SETUP,PA_SETUP|IMPULSO_BAJISTA_AGOTANDOSE+RECHAZO_VENDEDOR_CONFIRMADO|INDEFINIDO+REACCIÓN_ZONA+ZONA_RECHAZO_CONFIRMADO,1,1,0,100.0,0.0,MUESTRA_INSUFICIENTE,INSUFICIENTE,LTCUSD-OTC,put,REACCIÓN_ZONA,RANGO,ALCISTA_DEBIL,IMPULSO_BAJISTA_AGOTANDOSE+RECHAZO_VENDEDOR_CONFIRMADO,MERCADO_NORMAL+MERCADO_RANGO+SCORE_MERCADO_ALTO+TENDENCIA_DEBIL,,
PA_SETUP_MERCADO,PA_SETUP_MERCADO|IMPULSO_BAJISTA_AGOTANDOSE+RECHAZO_VENDEDOR_CONFIRMADO|INDEFINIDO+REACCIÓN_ZONA+ZONA_RECHAZO_CONFIRMADO|MERCADO_NORMAL+MERCADO_RANGO+SCORE_MERCADO_ALTO+TENDENCIA_DEBIL,1,1,0,100.0,0.0,MUESTRA_INSUFICIENTE,INSUFICIENTE,LTCUSD-OTC,put,REACCIÓN_ZONA,RANGO,ALCISTA_DEBIL,IMPULSO_BAJISTA_AGOTANDOSE+RECHAZO_VENDEDOR_CONFIRMADO,MERCADO_NORMAL+MERCADO_RANGO+SCORE_MERCADO_ALTO+TENDENCIA_DEBIL,,
FIRMA_EVIDENCIAS_EXACTA,FIRMA_EVIDENCIAS_EXACTA|ALCISTA_DEBIL+IMPULSO_BAJISTA_AGOTANDOSE+MERCADO_NORMAL+MERCADO_RANGO+PUT+RANGO+REACCIÓN_ZONA+RECHAZO_VENDEDOR_CONFIRMADO+SCORE_MERCADO_ALTO+TENDENCIA_DEBIL,1,1,0,100.0,0.0,MUESTRA_INSUFICIENTE,INSUFICIENTE,LTCUSD-OTC,put,REACCIÓN_ZONA,RANGO,ALCISTA_DEBIL,IMPULSO_BAJISTA_AGOTANDOSE+RECHAZO_VENDEDOR_CONFIRMADO,MERCADO_NORMAL+MERCADO_RANGO+SCORE_MERCADO_ALTO+TENDENCIA_DEBIL,,
PA_MERCADO,PA_MERCADO|RECHAZO_VENDEDOR_CONFIRMADO|MERCADO_NORMAL+MERCADO_RANGO+SCORE_MERCADO_ALTO+TENDENCIA_DEBIL,1,1,0,100.0,0.0,MUESTRA_INSUFICIENTE,INSUFICIENTE,EURCAD-OTC,put,REACCIÓN_ZONA,RANGO,ALCISTA_DEBIL,RECHAZO_VENDEDOR_CONFIRMADO,MERCADO_NORMAL+MERCADO_RANGO+SCORE_MERCADO_ALTO+TENDENCIA_DEBIL,,
PA_SETUP_MERCADO,PA_SETUP_MERCADO|RECHAZO_VENDEDOR_CONFIRMADO|INDEFINIDO+REACCIÓN_ZONA+ZONA_RECHAZO_CONFIRMADO|MERCADO_NORMAL+MERCADO_RANGO+SCORE_MERCADO_ALTO+TENDENCIA_DEBIL,1,1,0,100.0,0.0,MUESTRA_INSUFICIENTE,INSUFICIENTE,EURCAD-OTC,put,REACCIÓN_ZONA,RANGO,ALCISTA_DEBIL,RECHAZO_VENDEDOR_CONFIRMADO,MERCADO_NORMAL+MERCADO_RANGO+SCORE_MERCADO_ALTO+TENDENCIA_DEBIL,,
FIRMA_EVIDENCIAS_EXACTA,FIRMA_EVIDENCIAS_EXACTA|ALCISTA_DEBIL+MERCADO_NORMAL+MERCADO_RANGO+PUT+RANGO+REACCIÓN_ZONA+RECHAZO_VENDEDOR_CONFIRMADO+SCORE_MERCADO_ALTO+TENDENCIA_DEBIL,1,1,0,100.0,0.0,MUESTRA_INSUFICIENTE,INSUFICIENTE,EURCAD-OTC,put,REACCIÓN_ZONA,RANGO,ALCISTA_DEBIL,RECHAZO_VENDEDOR_CONFIRMADO,MERCADO_NORMAL+MERCADO_RANGO+SCORE_MERCADO_ALTO+TENDENCIA_DEBIL,,
CLAVE_ESPECIFICA,CLAVE_ESPECIFICA|NZDJPY-OTC|CALL|REACCIÓN_ZONA|RANGO|BAJISTA_DEBIL,1,1,0,100.0,0.0,MUESTRA_INSUFICIENTE,INSUFICIENTE,NZDJPY-OTC,call,REACCIÓN_ZONA,RANGO,BAJISTA_DEBIL,IMPULSO_ALCISTA_MEDIO+RECHAZO_COMPRADOR_CONFIRMADO,MERCADO_NORMAL+MERCADO_RANGO+TENDENCIA_DEBIL,,
FIRMA_EVIDENCIAS_EXACTA,FIRMA_EVIDENCIAS_EXACTA|BAJISTA_DEBIL+CALL+IMPULSO_ALCISTA_MEDIO+MERCADO_NORMAL+MERCADO_RANGO+RANGO+REACCIÓN_ZONA+RECHAZO_COMPRADOR_CONFIRMADO+TENDENCIA_DEBIL,1,1,0,100.0,0.0,MUESTRA_INSUFICIENTE,INSUFICIENTE,NZDJPY-OTC,call,REACCIÓN_ZONA,RANGO,BAJISTA_DEBIL,IMPULSO_ALCISTA_MEDIO+RECHAZO_COMPRADOR_CONFIRMADO,MERCADO_NORMAL+MERCADO_RANGO+TENDENCIA_DEBIL,,
FAMILIA,FAMILIA|REVERSIÓN_ESTRUCTURAL,1,1,0,100.0,0.0,MUESTRA_INSUFICIENTE,INSUFICIENTE,COFFEE-OTC,put,REVERSIÓN_ESTRUCTURAL,TENDENCIA,BAJISTA_NORMAL,IMPULSO_BAJISTA_MEDIO+RECHAZO_VENDEDOR_CONFIRMADO,MERCADO_NORMAL+TENDENCIA_BAJISTA+TENDENCIA_LIMPIA,,
FAMILIA_DIRECCION,FAMILIA_DIRECCION|REVERSIÓN_ESTRUCTURAL|PUT,1,1,0,100.0,0.0,MUESTRA_INSUFICIENTE,INSUFICIENTE,COFFEE-OTC,put,REVERSIÓN_ESTRUCTURAL,TENDENCIA,BAJISTA_NORMAL,IMPULSO_BAJISTA_MEDIO+RECHAZO_VENDEDOR_CONFIRMADO,MERCADO_NORMAL+TENDENCIA_BAJISTA+TENDENCIA_LIMPIA,,
FAMILIA_MERCADO,FAMILIA_MERCADO|REVERSIÓN_ESTRUCTURAL|TENDENCIA,1,1,0,100.0,0.0,MUESTRA_INSUFICIENTE,INSUFICIENTE,COFFEE-OTC,put,REVERSIÓN_ESTRUCTURAL,TENDENCIA,BAJISTA_NORMAL,IMPULSO_BAJISTA_MEDIO+RECHAZO_VENDEDOR_CONFIRMADO,MERCADO_NORMAL+TENDENCIA_BAJISTA+TENDENCIA_LIMPIA,,
FAMILIA_TENDENCIA,FAMILIA_TENDENCIA|REVERSIÓN_ESTRUCTURAL|BAJISTA_NORMAL,1,1,0,100.0,0.0,MUESTRA_INSUFICIENTE,INSUFICIENTE,COFFEE-OTC,put,REVERSIÓN_ESTRUCTURAL,TENDENCIA,BAJISTA_NORMAL,IMPULSO_BAJISTA_MEDIO+RECHAZO_VENDEDOR_CONFIRMADO,MERCADO_NORMAL+TENDENCIA_BAJISTA+TENDENCIA_LIMPIA,,
ACTIVO_FAMILIA,ACTIVO_FAMILIA|COFFEE-OTC|REVERSIÓN_ESTRUCTURAL,1,1,0,100.0,0.0,MUESTRA_INSUFICIENTE,INSUFICIENTE,COFFEE-OTC,put,REVERSIÓN_ESTRUCTURAL,TENDENCIA,BAJISTA_NORMAL,IMPULSO_BAJISTA_MEDIO+RECHAZO_VENDEDOR_CONFIRMADO,MERCADO_NORMAL+TENDENCIA_BAJISTA+TENDENCIA_LIMPIA,,
CLAVE_ESPECIFICA,CLAVE_ESPECIFICA|COFFEE-OTC|PUT|REVERSIÓN_ESTRUCTURAL|TENDENCIA|BAJISTA_NORMAL,1,1,0,100.0,0.0,MUESTRA_INSUFICIENTE,INSUFICIENTE,COFFEE-OTC,put,REVERSIÓN_ESTRUCTURAL,TENDENCIA,BAJISTA_NORMAL,IMPULSO_BAJISTA_MEDIO+RECHAZO_VENDEDOR_CONFIRMADO,MERCADO_NORMAL+TENDENCIA_BAJISTA+TENDENCIA_LIMPIA,,
SETUP_EVIDENCIAS,SETUP_EVIDENCIAS|CHOCH_BAJISTA+CHOCH_CON_PA_A_FAVOR+REVERSIÓN_ESTRUCTURAL,1,1,0,100.0,0.0,MUESTRA_INSUFICIENTE,INSUFICIENTE,COFFEE-OTC,put,REVERSIÓN_ESTRUCTURAL,TENDENCIA,BAJISTA_NORMAL,IMPULSO_BAJISTA_MEDIO+RECHAZO_VENDEDOR_CONFIRMADO,MERCADO_NORMAL+TENDENCIA_BAJISTA+TENDENCIA_LIMPIA,,
PA_MERCADO,PA_MERCADO|IMPULSO_BAJISTA_MEDIO+RECHAZO_VENDEDOR_CONFIRMADO|MERCADO_NORMAL+TENDENCIA_BAJISTA+TENDENCIA_LIMPIA,1,1,0,100.0,0.0,MUESTRA_INSUFICIENTE,INSUFICIENTE,COFFEE-OTC,put,REVERSIÓN_ESTRUCTURAL,TENDENCIA,BAJISTA_NORMAL,IMPULSO_BAJISTA_MEDIO+RECHAZO_VENDEDOR_CONFIRMADO,MERCADO_NORMAL+TENDENCIA_BAJISTA+TENDENCIA_LIMPIA,,
PA_SETUP,PA_SETUP|IMPULSO_BAJISTA_MEDIO+RECHAZO_VENDEDOR_CONFIRMADO|CHOCH_BAJISTA+CHOCH_CON_PA_A_FAVOR+REVERSIÓN_ESTRUCTURAL,1,1,0,100.0,0.0,MUESTRA_INSUFICIENTE,INSUFICIENTE,COFFEE-OTC,put,REVERSIÓN_ESTRUCTURAL,TENDENCIA,BAJISTA_NORMAL,IMPULSO_BAJISTA_MEDIO+RECHAZO_VENDEDOR_CONFIRMADO,MERCADO_NORMAL+TENDENCIA_BAJISTA+TENDENCIA_LIMPIA,,
SETUP_MERCADO,SETUP_MERCADO|CHOCH_BAJISTA+CHOCH_CON_PA_A_FAVOR+REVERSIÓN_ESTRUCTURAL|MERCADO_NORMAL+TENDENCIA_BAJISTA+TENDENCIA_LIMPIA,1,1,0,100.0,0.0,MUESTRA_INSUFICIENTE,INSUFICIENTE,COFFEE-OTC,put,REVERSIÓN_ESTRUCTURAL,TENDENCIA,BAJISTA_NORMAL,IMPULSO_BAJISTA_MEDIO+RECHAZO_VENDEDOR_CONFIRMADO,MERCADO_NORMAL+TENDENCIA_BAJISTA+TENDENCIA_LIMPIA,,
PA_SETUP_MERCADO,PA_SETUP_MERCADO|IMPULSO_BAJISTA_MEDIO+RECHAZO_VENDEDOR_CONFIRMADO|CHOCH_BAJISTA+CHOCH_CON_PA_A_FAVOR+REVERSIÓN_ESTRUCTURAL|MERCADO_NORMAL+TENDENCIA_BAJISTA+TENDENCIA_LIMPIA,1,1,0,100.0,0.0,MUESTRA_INSUFICIENTE,INSUFICIENTE,COFFEE-OTC,put,REVERSIÓN_ESTRUCTURAL,TENDENCIA,BAJISTA_NORMAL,IMPULSO_BAJISTA_MEDIO+RECHAZO_VENDEDOR_CONFIRMADO,MERCADO_NORMAL+TENDENCIA_BAJISTA+TENDENCIA_LIMPIA,,
FIRMA_EVIDENCIAS_EXACTA,FIRMA_EVIDENCIAS_EXACTA|BAJISTA_NORMAL+IMPULSO_BAJISTA_MEDIO+MERCADO_NORMAL+PUT+RECHAZO_VENDEDOR_CONFIRMADO+REVERSIÓN_ESTRUCTURAL+TENDENCIA+TENDENCIA_BAJISTA+TENDENCIA_LIMPIA,1,1,0,100.0,0.0,MUESTRA_INSUFICIENTE,INSUFICIENTE,COFFEE-OTC,put,REVERSIÓN_ESTRUCTURAL,TENDENCIA,BAJISTA_NORMAL,IMPULSO_BAJISTA_MEDIO+RECHAZO_VENDEDOR_CONFIRMADO,MERCADO_NORMAL+TENDENCIA_BAJISTA+TENDENCIA_LIMPIA,,
CLAVE_ESPECIFICA,CLAVE_ESPECIFICA|COFFEE-OTC|PUT|CONTINUACIÓN|TENDENCIA|BAJISTA_DEBIL,1,1,0,100.0,0.0,MUESTRA_INSUFICIENTE,INSUFICIENTE,COFFEE-OTC,put,CONTINUACIÓN,TENDENCIA,BAJISTA_DEBIL,IMPULSO_BAJISTA_MEDIO+RECHAZO_VENDEDOR_HISTORICO,MERCADO_NORMAL+TENDENCIA_BAJISTA+TENDENCIA_DEBIL,,
CLAVE_ESPECIFICA,CLAVE_ESPECIFICA|COFFEE-OTC|PUT|CONTINUACIÓN|TENDENCIA|BAJISTA_NORMAL,1,1,0,100.0,0.0,MUESTRA_INSUFICIENTE,INSUFICIENTE,COFFEE-OTC,put,CONTINUACIÓN,TENDENCIA,BAJISTA_NORMAL,IMPULSO_BAJISTA_MEDIO+RECHAZO_VENDEDOR_HISTORICO,MERCADO_NORMAL+TENDENCIA_BAJISTA,,
FAMILIA_DIRECCION,FAMILIA_DIRECCION|CONTINUACIÓN|CALL,1,1,0,100.0,0.0,MUESTRA_INSUFICIENTE,INSUFICIENTE,NZDJPY-OTC,call,CONTINUACIÓN,TENDENCIA,ALCISTA_NORMAL,IMPULSO_ALCISTA_MEDIO+RECHAZO_COMPRADOR_HISTORICO,MERCADO_NORMAL+TENDENCIA_ALCISTA,,
FAMILIA_TENDENCIA,FAMILIA_TENDENCIA|CONTINUACIÓN|ALCISTA_NORMAL,1,1,0,100.0,0.0,MUESTRA_INSUFICIENTE,INSUFICIENTE,NZDJPY-OTC,call,CONTINUACIÓN,TENDENCIA,ALCISTA_NORMAL,IMPULSO_ALCISTA_MEDIO+RECHAZO_COMPRADOR_HISTORICO,MERCADO_NORMAL+TENDENCIA_ALCISTA,,
ACTIVO_FAMILIA,ACTIVO_FAMILIA|NZDJPY-OTC|CONTINUACIÓN,1,1,0,100.0,0.0,MUESTRA_INSUFICIENTE,INSUFICIENTE,NZDJPY-OTC,call,CONTINUACIÓN,TENDENCIA,ALCISTA_NORMAL,IMPULSO_ALCISTA_MEDIO+RECHAZO_COMPRADOR_HISTORICO,MERCADO_NORMAL+TENDENCIA_ALCISTA,,
CLAVE_ESPECIFICA,CLAVE_ESPECIFICA|NZDJPY-OTC|CALL|CONTINUACIÓN|TENDENCIA|ALCISTA_NORMAL,1,1,0,100.0,0.0,MUESTRA_INSUFICIENTE,INSUFICIENTE,NZDJPY-OTC,call,CONTINUACIÓN,TENDENCIA,ALCISTA_NORMAL,IMPULSO_ALCISTA_MEDIO+RECHAZO_COMPRADOR_HISTORICO,MERCADO_NORMAL+TENDENCIA_ALCISTA,,
PA_MERCADO,PA_MERCADO|IMPULSO_ALCISTA_MEDIO+RECHAZO_COMPRADOR_HISTORICO|MERCADO_NORMAL+TENDENCIA_ALCISTA,1,1,0,100.0,0.0,MUESTRA_INSUFICIENTE,INSUFICIENTE,NZDJPY-OTC,call,CONTINUACIÓN,TENDENCIA,ALCISTA_NORMAL,IMPULSO_ALCISTA_MEDIO+RECHAZO_COMPRADOR_HISTORICO,MERCADO_NORMAL+TENDENCIA_ALCISTA,,
PA_SETUP,PA_SETUP|IMPULSO_ALCISTA_MEDIO+RECHAZO_COMPRADOR_HISTORICO|CONTINUACION+CONTINUACIÓN+PULLBACK_GENERICO,1,1,0,100.0,0.0,MUESTRA_INSUFICIENTE,INSUFICIENTE,NZDJPY-OTC,call,CONTINUACIÓN,TENDENCIA,ALCISTA_NORMAL,IMPULSO_ALCISTA_MEDIO+RECHAZO_COMPRADOR_HISTORICO,MERCADO_NORMAL+TENDENCIA_ALCISTA,,
SETUP_MERCADO,SETUP_MERCADO|CONTINUACION+CONTINUACIÓN+PULLBACK_GENERICO|MERCADO_NORMAL+TENDENCIA_ALCISTA,1,1,0,100.0,0.0,MUESTRA_INSUFICIENTE,INSUFICIENTE,NZDJPY-OTC,call,CONTINUACIÓN,TENDENCIA,ALCISTA_NORMAL,IMPULSO_ALCISTA_MEDIO+RECHAZO_COMPRADOR_HISTORICO,MERCADO_NORMAL+TENDENCIA_ALCISTA,,
PA_SETUP_MERCADO,PA_SETUP_MERCADO|IMPULSO_ALCISTA_MEDIO+RECHAZO_COMPRADOR_HISTORICO|CONTINUACION+CONTINUACIÓN+PULLBACK_GENERICO|MERCADO_NORMAL+TENDENCIA_ALCISTA,1,1,0,100.0,0.0,MUESTRA_INSUFICIENTE,INSUFICIENTE,NZDJPY-OTC,call,CONTINUACIÓN,TENDENCIA,ALCISTA_NORMAL,IMPULSO_ALCISTA_MEDIO+RECHAZO_COMPRADOR_HISTORICO,MERCADO_NORMAL+TENDENCIA_ALCISTA,,
FIRMA_EVIDENCIAS_EXACTA,FIRMA_EVIDENCIAS_EXACTA|ALCISTA_NORMAL+CALL+CONTINUACIÓN+IMPULSO_ALCISTA_MEDIO+MERCADO_NORMAL+RECHAZO_COMPRADOR_HISTORICO+TENDENCIA+TENDENCIA_ALCISTA,1,1,0,100.0,0.0,MUESTRA_INSUFICIENTE,INSUFICIENTE,NZDJPY-OTC,call,CONTINUACIÓN,TENDENCIA,ALCISTA_NORMAL,IMPULSO_ALCISTA_MEDIO+RECHAZO_COMPRADOR_HISTORICO,MERCADO_NORMAL+TENDENCIA_ALCISTA,,
ACTIVO_FAMILIA,ACTIVO_FAMILIA|US2000-OTC|REACCIÓN_ZONA,1,1,0,100.0,0.0,MUESTRA_INSUFICIENTE,INSUFICIENTE,US2000-OTC,put,REACCIÓN_ZONA,RANGO,BAJISTA_DEBIL,RECHAZO_VENDEDOR_CONFIRMADO,MERCADO_NORMAL+MERCADO_RANGO+TENDENCIA_DEBIL,,
CLAVE_ESPECIFICA,CLAVE_ESPECIFICA|US2000-OTC|PUT|REACCIÓN_ZONA|RANGO|BAJISTA_DEBIL,1,1,0,100.0,0.0,MUESTRA_INSUFICIENTE,INSUFICIENTE,US2000-OTC,put,REACCIÓN_ZONA,RANGO,BAJISTA_DEBIL,RECHAZO_VENDEDOR_CONFIRMADO,MERCADO_NORMAL+MERCADO_RANGO+TENDENCIA_DEBIL,,
FIRMA_EVIDENCIAS_EXACTA,FIRMA_EVIDENCIAS_EXACTA|BAJISTA_DEBIL+MERCADO_NORMAL+MERCADO_RANGO+PUT+RANGO+REACCIÓN_ZONA+RECHAZO_VENDEDOR_CONFIRMADO+TENDENCIA_DEBIL,1,1,0,100.0,0.0,MUESTRA_INSUFICIENTE,INSUFICIENTE,US2000-OTC,put,REACCIÓN_ZONA,RANGO,BAJISTA_DEBIL,RECHAZO_VENDEDOR_CONFIRMADO,MERCADO_NORMAL+MERCADO_RANGO+TENDENCIA_DEBIL,,
MERCADO_EVIDENCIAS,MERCADO_EVIDENCIAS|MERCADO_NORMAL+SCORE_MERCADO_ALTO+TENDENCIA_BAJISTA+TENDENCIA_FUERTE+TENDENCIA_LIMPIA,1,1,0,100.0,0.0,MUESTRA_INSUFICIENTE,INSUFICIENTE,EURCAD-OTC,put,CONTINUACIÓN,TENDENCIA,BAJISTA_FUERTE,IMPULSO_BAJISTA_MEDIO+RECHAZO_VENDEDOR_HISTORICO,MERCADO_NORMAL+SCORE_MERCADO_ALTO+TENDENCIA_BAJISTA+TENDENCIA_FUERTE+TENDENCIA_LIMPIA,,
PA_MERCADO,PA_MERCADO|IMPULSO_BAJISTA_MEDIO+RECHAZO_VENDEDOR_HISTORICO|MERCADO_NORMAL+SCORE_MERCADO_ALTO+TENDENCIA_BAJISTA+TENDENCIA_FUERTE+TENDENCIA_LIMPIA,1,1,0,100.0,0.0,MUESTRA_INSUFICIENTE,INSUFICIENTE,EURCAD-OTC,put,CONTINUACIÓN,TENDENCIA,BAJISTA_FUERTE,IMPULSO_BAJISTA_MEDIO+RECHAZO_VENDEDOR_HISTORICO,MERCADO_NORMAL+SCORE_MERCADO_ALTO+TENDENCIA_BAJISTA+TENDENCIA_FUERTE+TENDENCIA_LIMPIA,,
SETUP_MERCADO,SETUP_MERCADO|CONTINUACION+CONTINUACIÓN+PULLBACK_GENERICO|MERCADO_NORMAL+SCORE_MERCADO_ALTO+TENDENCIA_BAJISTA+TENDENCIA_FUERTE+TENDENCIA_LIMPIA,1,1,0,100.0,0.0,MUESTRA_INSUFICIENTE,INSUFICIENTE,EURCAD-OTC,put,CONTINUACIÓN,TENDENCIA,BAJISTA_FUERTE,IMPULSO_BAJISTA_MEDIO+RECHAZO_VENDEDOR_HISTORICO,MERCADO_NORMAL+SCORE_MERCADO_ALTO+TENDENCIA_BAJISTA+TENDENCIA_FUERTE+TENDENCIA_LIMPIA,,
PA_SETUP_MERCADO,PA_SETUP_MERCADO|IMPULSO_BAJISTA_MEDIO+RECHAZO_VENDEDOR_HISTORICO|CONTINUACION+CONTINUACIÓN+PULLBACK_GENERICO|MERCADO_NORMAL+SCORE_MERCADO_ALTO+TENDENCIA_BAJISTA+TENDENCIA_FUERTE+TENDENCIA_LIMPIA,1,1,0,100.0,0.0,MUESTRA_INSUFICIENTE,INSUFICIENTE,EURCAD-OTC,put,CONTINUACIÓN,TENDENCIA,BAJISTA_FUERTE,IMPULSO_BAJISTA_MEDIO+RECHAZO_VENDEDOR_HISTORICO,MERCADO_NORMAL+SCORE_MERCADO_ALTO+TENDENCIA_BAJISTA+TENDENCIA_FUERTE+TENDENCIA_LIMPIA,,
FIRMA_EVIDENCIAS_EXACTA,FIRMA_EVIDENCIAS_EXACTA|BAJISTA_FUERTE+CONTINUACIÓN+IMPULSO_BAJISTA_MEDIO+MERCADO_NORMAL+PUT+RECHAZO_VENDEDOR_HISTORICO+SCORE_MERCADO_ALTO+TENDENCIA+TENDENCIA_BAJISTA+TENDENCIA_FUERTE+TENDENCIA_LIMPIA,1,1,0,100.0,0.0,MUESTRA_INSUFICIENTE,INSUFICIENTE,EURCAD-OTC,put,CONTINUACIÓN,TENDENCIA,BAJISTA_FUERTE,IMPULSO_BAJISTA_MEDIO+RECHAZO_VENDEDOR_HISTORICO,MERCADO_NORMAL+SCORE_MERCADO_ALTO+TENDENCIA_BAJISTA+TENDENCIA_FUERTE+TENDENCIA_LIMPIA,,
CLAVE_ESPECIFICA,CLAVE_ESPECIFICA|COFFEE-OTC|CALL|REACCIÓN_ZONA|TENDENCIA|ALCISTA_DEBIL,1,1,0,100.0,0.0,MUESTRA_INSUFICIENTE,INSUFICIENTE,COFFEE-OTC,call,REACCIÓN_ZONA,TENDENCIA,ALCISTA_DEBIL,RECHAZO_COMPRADOR_CONFIRMADO+RECHAZO_COMPRADOR_OBSERVADO,MERCADO_NORMAL+TENDENCIA_ALCISTA+TENDENCIA_DEBIL,,
PA,PA|RECHAZO_COMPRADOR_CONFIRMADO+RECHAZO_COMPRADOR_OBSERVADO,1,1,0,100.0,0.0,MUESTRA_INSUFICIENTE,INSUFICIENTE,COFFEE-OTC,call,REACCIÓN_ZONA,TENDENCIA,ALCISTA_DEBIL,RECHAZO_COMPRADOR_CONFIRMADO+RECHAZO_COMPRADOR_OBSERVADO,MERCADO_NORMAL+TENDENCIA_ALCISTA+TENDENCIA_DEBIL,,
SETUP_EVIDENCIAS,SETUP_EVIDENCIAS|REACCIÓN_ZONA+RECHAZO_ALCISTA+ZONA_RECHAZO_CONFIRMADO,1,1,0,100.0,0.0,MUESTRA_INSUFICIENTE,INSUFICIENTE,COFFEE-OTC,call,REACCIÓN_ZONA,TENDENCIA,ALCISTA_DEBIL,RECHAZO_COMPRADOR_CONFIRMADO+RECHAZO_COMPRADOR_OBSERVADO,MERCADO_NORMAL+TENDENCIA_ALCISTA+TENDENCIA_DEBIL,,
PA_MERCADO,PA_MERCADO|RECHAZO_COMPRADOR_CONFIRMADO+RECHAZO_COMPRADOR_OBSERVADO|MERCADO_NORMAL+TENDENCIA_ALCISTA+TENDENCIA_DEBIL,1,1,0,100.0,0.0,MUESTRA_INSUFICIENTE,INSUFICIENTE,COFFEE-OTC,call,REACCIÓN_ZONA,TENDENCIA,ALCISTA_DEBIL,RECHAZO_COMPRADOR_CONFIRMADO+RECHAZO_COMPRADOR_OBSERVADO,MERCADO_NORMAL+TENDENCIA_ALCISTA+TENDENCIA_DEBIL,,
PA_SETUP,PA_SETUP|RECHAZO_COMPRADOR_CONFIRMADO+RECHAZO_COMPRADOR_OBSERVADO|REACCIÓN_ZONA+RECHAZO_ALCISTA+ZONA_RECHAZO_CONFIRMADO,1,1,0,100.0,0.0,MUESTRA_INSUFICIENTE,INSUFICIENTE,COFFEE-OTC,call,REACCIÓN_ZONA,TENDENCIA,ALCISTA_DEBIL,RECHAZO_COMPRADOR_CONFIRMADO+RECHAZO_COMPRADOR_OBSERVADO,MERCADO_NORMAL+TENDENCIA_ALCISTA+TENDENCIA_DEBIL,,
SETUP_MERCADO,SETUP_MERCADO|REACCIÓN_ZONA+RECHAZO_ALCISTA+ZONA_RECHAZO_CONFIRMADO|MERCADO_NORMAL+TENDENCIA_ALCISTA+TENDENCIA_DEBIL,1,1,0,100.0,0.0,MUESTRA_INSUFICIENTE,INSUFICIENTE,COFFEE-OTC,call,REACCIÓN_ZONA,TENDENCIA,ALCISTA_DEBIL,RECHAZO_COMPRADOR_CONFIRMADO+RECHAZO_COMPRADOR_OBSERVADO,MERCADO_NORMAL+TENDENCIA_ALCISTA+TENDENCIA_DEBIL,,
PA_SETUP_MERCADO,PA_SETUP_MERCADO|RECHAZO_COMPRADOR_CONFIRMADO+RECHAZO_COMPRADOR_OBSERVADO|REACCIÓN_ZONA+RECHAZO_ALCISTA+ZONA_RECHAZO_CONFIRMADO|MERCADO_NORMAL+TENDENCIA_ALCISTA+TENDENCIA_DEBIL,1,1,0,100.0,0.0,MUESTRA_INSUFICIENTE,INSUFICIENTE,COFFEE-OTC,call,REACCIÓN_ZONA,TENDENCIA,ALCISTA_DEBIL,RECHAZO_COMPRADOR_CONFIRMADO+RECHAZO_COMPRADOR_OBSERVADO,MERCADO_NORMAL+TENDENCIA_ALCISTA+TENDENCIA_DEBIL,,
FIRMA_EVIDENCIAS_EXACTA,FIRMA_EVIDENCIAS_EXACTA|ALCISTA_DEBIL+CALL+MERCADO_NORMAL+REACCIÓN_ZONA+RECHAZO_COMPRADOR_CONFIRMADO+RECHAZO_COMPRADOR_OBSERVADO+TENDENCIA+TENDENCIA_ALCISTA+TENDENCIA_DEBIL,1,1,0,100.0,0.0,MUESTRA_INSUFICIENTE,INSUFICIENTE,COFFEE-OTC,call,REACCIÓN_ZONA,TENDENCIA,ALCISTA_DEBIL,RECHAZO_COMPRADOR_CONFIRMADO+RECHAZO_COMPRADOR_OBSERVADO,MERCADO_NORMAL+TENDENCIA_ALCISTA+TENDENCIA_DEBIL,,
ACTIVO_FAMILIA,ACTIVO_FAMILIA|USDNOK-OTC|CONTINUACIÓN,1,1,0,100.0,0.0,MUESTRA_INSUFICIENTE,INSUFICIENTE,USDNOK-OTC,put,CONTINUACIÓN,TENDENCIA,BAJISTA_DEBIL,IMPULSO_BAJISTA_MEDIO+RECHAZO_VENDEDOR_HISTORICO,MERCADO_NORMAL+TENDENCIA_BAJISTA+TENDENCIA_DEBIL,,
CLAVE_ESPECIFICA,CLAVE_ESPECIFICA|USDNOK-OTC|PUT|CONTINUACIÓN|TENDENCIA|BAJISTA_DEBIL,1,1,0,100.0,0.0,MUESTRA_INSUFICIENTE,INSUFICIENTE,USDNOK-OTC,put,CONTINUACIÓN,TENDENCIA,BAJISTA_DEBIL,IMPULSO_BAJISTA_MEDIO+RECHAZO_VENDEDOR_HISTORICO,MERCADO_NORMAL+TENDENCIA_BAJISTA+TENDENCIA_DEBIL,,
ACTIVO_FAMILIA,ACTIVO_FAMILIA|USDSGD-OTC|REACCIÓN_ZONA,1,1,0,100.0,0.0,MUESTRA_INSUFICIENTE,INSUFICIENTE,USDSGD-OTC,put,REACCIÓN_ZONA,RANGO,BAJISTA_DEBIL,IMPULSO_BAJISTA_MEDIO+RECHAZO_VENDEDOR_CONFIRMADO,MERCADO_NORMAL+MERCADO_RANGO+SCORE_MERCADO_ALTO+TENDENCIA_DEBIL,,
ACTIVO_DIRECCION,ACTIVO_DIRECCION|USDSGD-OTC|PUT,1,1,0,100.0,0.0,MUESTRA_INSUFICIENTE,INSUFICIENTE,USDSGD-OTC,put,REACCIÓN_ZONA,RANGO,BAJISTA_DEBIL,IMPULSO_BAJISTA_MEDIO+RECHAZO_VENDEDOR_CONFIRMADO,MERCADO_NORMAL+MERCADO_RANGO+SCORE_MERCADO_ALTO+TENDENCIA_DEBIL,,
CLAVE_ESPECIFICA,CLAVE_ESPECIFICA|USDSGD-OTC|PUT|REACCIÓN_ZONA|RANGO|BAJISTA_DEBIL,1,1,0,100.0,0.0,MUESTRA_INSUFICIENTE,INSUFICIENTE,USDSGD-OTC,put,REACCIÓN_ZONA,RANGO,BAJISTA_DEBIL,IMPULSO_BAJISTA_MEDIO+RECHAZO_VENDEDOR_CONFIRMADO,MERCADO_NORMAL+MERCADO_RANGO+SCORE_MERCADO_ALTO+TENDENCIA_DEBIL,,
FIRMA_EVIDENCIAS_EXACTA,FIRMA_EVIDENCIAS_EXACTA|BAJISTA_DEBIL+IMPULSO_BAJISTA_MEDIO+MERCADO_NORMAL+MERCADO_RANGO+PUT+RANGO+REACCIÓN_ZONA+RECHAZO_VENDEDOR_CONFIRMADO+SCORE_MERCADO_ALTO+TENDENCIA_DEBIL,1,1,0,100.0,0.0,MUESTRA_INSUFICIENTE,INSUFICIENTE,USDSGD-OTC,put,REACCIÓN_ZONA,RANGO,BAJISTA_DEBIL,IMPULSO_BAJISTA_MEDIO+RECHAZO_VENDEDOR_CONFIRMADO,MERCADO_NORMAL+MERCADO_RANGO+SCORE_MERCADO_ALTO+TENDENCIA_DEBIL,,
ACTIVO_DIRECCION,ACTIVO_DIRECCION|USDMXN-OTC|CALL,1,1,0,100.0,0.0,MUESTRA_INSUFICIENTE,INSUFICIENTE,USDMXN-OTC,call,REACCIÓN_ZONA,RANGO,ALCISTA_DEBIL,IMPULSO_ALCISTA_MEDIO+RECHAZO_COMPRADOR_CONFIRMADO,MERCADO_NORMAL+MERCADO_RANGO+TENDENCIA_DEBIL,,
CLAVE_ESPECIFICA,CLAVE_ESPECIFICA|USDMXN-OTC|CALL|REACCIÓN_ZONA|RANGO|ALCISTA_DEBIL,1,1,0,100.0,0.0,MUESTRA_INSUFICIENTE,INSUFICIENTE,USDMXN-OTC,call,REACCIÓN_ZONA,RANGO,ALCISTA_DEBIL,IMPULSO_ALCISTA_MEDIO+RECHAZO_COMPRADOR_CONFIRMADO,MERCADO_NORMAL+MERCADO_RANGO+TENDENCIA_DEBIL,,
FIRMA_EVIDENCIAS_EXACTA,FIRMA_EVIDENCIAS_EXACTA|ALCISTA_DEBIL+CALL+IMPULSO_ALCISTA_MEDIO+MERCADO_NORMAL+MERCADO_RANGO+RANGO+REACCIÓN_ZONA+RECHAZO_COMPRADOR_CONFIRMADO+TENDENCIA_DEBIL,1,1,0,100.0,0.0,MUESTRA_INSUFICIENTE,INSUFICIENTE,USDMXN-OTC,call,REACCIÓN_ZONA,RANGO,ALCISTA_DEBIL,IMPULSO_ALCISTA_MEDIO+RECHAZO_COMPRADOR_CONFIRMADO,MERCADO_NORMAL+MERCADO_RANGO+TENDENCIA_DEBIL,,
PA,PA|IMPULSO_BAJISTA_FUERTE+RECHAZO_VENDEDOR_CONFIRMADO+RECHAZO_VENDEDOR_HISTORICO,1,1,0,100.0,0.0,MUESTRA_INSUFICIENTE,INSUFICIENTE,EURUSD-OTC,put,REACCIÓN_ZONA,RANGO,ALCISTA_DEBIL,IMPULSO_BAJISTA_FUERTE+RECHAZO_VENDEDOR_CONFIRMADO+RECHAZO_VENDEDOR_HISTORICO,MERCADO_NORMAL+MERCADO_RANGO+TENDENCIA_DEBIL,,
PA_MERCADO,PA_MERCADO|IMPULSO_BAJISTA_FUERTE+RECHAZO_VENDEDOR_CONFIRMADO+RECHAZO_VENDEDOR_HISTORICO|MERCADO_NORMAL+MERCADO_RANGO+TENDENCIA_DEBIL,1,1,0,100.0,0.0,MUESTRA_INSUFICIENTE,INSUFICIENTE,EURUSD-OTC,put,REACCIÓN_ZONA,RANGO,ALCISTA_DEBIL,IMPULSO_BAJISTA_FUERTE+RECHAZO_VENDEDOR_CONFIRMADO+RECHAZO_VENDEDOR_HISTORICO,MERCADO_NORMAL+MERCADO_RANGO+TENDENCIA_DEBIL,,
PA_SETUP,PA_SETUP|IMPULSO_BAJISTA_FUERTE+RECHAZO_VENDEDOR_CONFIRMADO+RECHAZO_VENDEDOR_HISTORICO|INDEFINIDO+REACCIÓN_ZONA+ZONA_RECHAZO_CONFIRMADO,1,1,0,100.0,0.0,MUESTRA_INSUFICIENTE,INSUFICIENTE,EURUSD-OTC,put,REACCIÓN_ZONA,RANGO,ALCISTA_DEBIL,IMPULSO_BAJISTA_FUERTE+RECHAZO_VENDEDOR_CONFIRMADO+RECHAZO_VENDEDOR_HISTORICO,MERCADO_NORMAL+MERCADO_RANGO+TENDENCIA_DEBIL,,
PA_SETUP_MERCADO,PA_SETUP_MERCADO|IMPULSO_BAJISTA_FUERTE+RECHAZO_VENDEDOR_CONFIRMADO+RECHAZO_VENDEDOR_HISTORICO|INDEFINIDO+REACCIÓN_ZONA+ZONA_RECHAZO_CONFIRMADO|MERCADO_NORMAL+MERCADO_RANGO+TENDENCIA_DEBIL,1,1,0,100.0,0.0,MUESTRA_INSUFICIENTE,INSUFICIENTE,EURUSD-OTC,put,REACCIÓN_ZONA,RANGO,ALCISTA_DEBIL,IMPULSO_BAJISTA_FUERTE+RECHAZO_VENDEDOR_CONFIRMADO+RECHAZO_VENDEDOR_HISTORICO,MERCADO_NORMAL+MERCADO_RANGO+TENDENCIA_DEBIL,,
FIRMA_EVIDENCIAS_EXACTA,FIRMA_EVIDENCIAS_EXACTA|ALCISTA_DEBIL+IMPULSO_BAJISTA_FUERTE+MERCADO_NORMAL+MERCADO_RANGO+PUT+RANGO+REACCIÓN_ZONA+RECHAZO_VENDEDOR_CONFIRMADO+RECHAZO_VENDEDOR_HISTORICO+TENDENCIA_DEBIL,1,1,0,100.0,0.0,MUESTRA_INSUFICIENTE,INSUFICIENTE,EURUSD-OTC,put,REACCIÓN_ZONA,RANGO,ALCISTA_DEBIL,IMPULSO_BAJISTA_FUERTE+RECHAZO_VENDEDOR_CONFIRMADO+RECHAZO_VENDEDOR_HISTORICO,MERCADO_NORMAL+MERCADO_RANGO+TENDENCIA_DEBIL,,
CLAVE_ESPECIFICA,CLAVE_ESPECIFICA|COFFEE-OTC|PUT|REACCIÓN_ZONA|RANGO|INDEFINIDA,1,0,1,0.0,0.0,MUESTRA_INSUFICIENTE,INSUFICIENTE,COFFEE-OTC,put,REACCIÓN_ZONA,RANGO,INDEFINIDA,IMPULSO_BAJISTA_MEDIO+RECHAZO_VENDEDOR_CONFIRMADO,MERCADO_NORMAL+MERCADO_RANGO+TENDENCIA_INDEFINIDA,,
PA_MERCADO,PA_MERCADO|IMPULSO_BAJISTA_MEDIO+RECHAZO_VENDEDOR_CONFIRMADO|MERCADO_NORMAL+MERCADO_RANGO+TENDENCIA_INDEFINIDA,1,0,1,0.0,0.0,MUESTRA_INSUFICIENTE,INSUFICIENTE,COFFEE-OTC,put,REACCIÓN_ZONA,RANGO,INDEFINIDA,IMPULSO_BAJISTA_MEDIO+RECHAZO_VENDEDOR_CONFIRMADO,MERCADO_NORMAL+MERCADO_RANGO+TENDENCIA_INDEFINIDA,,
PA_SETUP_MERCADO,PA_SETUP_MERCADO|IMPULSO_BAJISTA_MEDIO+RECHAZO_VENDEDOR_CONFIRMADO|INDEFINIDO+REACCIÓN_ZONA+ZONA_RECHAZO_CONFIRMADO|MERCADO_NORMAL+MERCADO_RANGO+TENDENCIA_INDEFINIDA,1,0,1,0.0,0.0,MUESTRA_INSUFICIENTE,INSUFICIENTE,COFFEE-OTC,put,REACCIÓN_ZONA,RANGO,INDEFINIDA,IMPULSO_BAJISTA_MEDIO+RECHAZO_VENDEDOR_CONFIRMADO,MERCADO_NORMAL+MERCADO_RANGO+TENDENCIA_INDEFINIDA,,
FIRMA_EVIDENCIAS_EXACTA,FIRMA_EVIDENCIAS_EXACTA|IMPULSO_BAJISTA_MEDIO+INDEFINIDA+MERCADO_NORMAL+MERCADO_RANGO+PUT+RANGO+REACCIÓN_ZONA+RECHAZO_VENDEDOR_CONFIRMADO+TENDENCIA_INDEFINIDA,1,0,1,0.0,0.0,MUESTRA_INSUFICIENTE,INSUFICIENTE,COFFEE-OTC,put,REACCIÓN_ZONA,RANGO,INDEFINIDA,IMPULSO_BAJISTA_MEDIO+RECHAZO_VENDEDOR_CONFIRMADO,MERCADO_NORMAL+MERCADO_RANGO+TENDENCIA_INDEFINIDA,,
FIRMA_EVIDENCIAS_EXACTA,FIRMA_EVIDENCIAS_EXACTA|ALCISTA_DEBIL+IMPULSO_BAJISTA_MEDIO+MERCADO_NORMAL+MERCADO_RANGO+PUT+RANGO+REACCIÓN_ZONA+RECHAZO_VENDEDOR_CONFIRMADO+SCORE_MERCADO_ALTO+TENDENCIA_DEBIL,1,0,1,0.0,0.0,MUESTRA_INSUFICIENTE,INSUFICIENTE,AIG-OTC,put,REACCIÓN_ZONA,RANGO,ALCISTA_DEBIL,IMPULSO_BAJISTA_MEDIO+RECHAZO_VENDEDOR_CONFIRMADO,MERCADO_NORMAL+MERCADO_RANGO+SCORE_MERCADO_ALTO+TENDENCIA_DEBIL,,
ACTIVO_FAMILIA,ACTIVO_FAMILIA|NZDCHF-OTC|REACCIÓN_ZONA,1,0,1,0.0,0.0,MUESTRA_INSUFICIENTE,INSUFICIENTE,NZDCHF-OTC,put,REACCIÓN_ZONA,RANGO,ALCISTA_DEBIL,IMPULSO_BAJISTA_MEDIO+RECHAZO_VENDEDOR_CONFIRMADO,MERCADO_NORMAL+MERCADO_RANGO+TENDENCIA_DEBIL,,
ACTIVO_DIRECCION,ACTIVO_DIRECCION|NZDCHF-OTC|PUT,1,0,1,0.0,0.0,MUESTRA_INSUFICIENTE,INSUFICIENTE,NZDCHF-OTC,put,REACCIÓN_ZONA,RANGO,ALCISTA_DEBIL,IMPULSO_BAJISTA_MEDIO+RECHAZO_VENDEDOR_CONFIRMADO,MERCADO_NORMAL+MERCADO_RANGO+TENDENCIA_DEBIL,,
CLAVE_ESPECIFICA,CLAVE_ESPECIFICA|NZDCHF-OTC|PUT|REACCIÓN_ZONA|RANGO|ALCISTA_DEBIL,1,0,1,0.0,0.0,MUESTRA_INSUFICIENTE,INSUFICIENTE,NZDCHF-OTC,put,REACCIÓN_ZONA,RANGO,ALCISTA_DEBIL,IMPULSO_BAJISTA_MEDIO+RECHAZO_VENDEDOR_CONFIRMADO,MERCADO_NORMAL+MERCADO_RANGO+TENDENCIA_DEBIL,,
MERCADO_EVIDENCIAS,MERCADO_EVIDENCIAS|MERCADO_NORMAL+TENDENCIA_BAJISTA+TENDENCIA_FUERTE+TENDENCIA_LIMPIA,1,0,1,0.0,0.0,MUESTRA_INSUFICIENTE,INSUFICIENTE,EURCAD-OTC,put,CONTINUACIÓN,TENDENCIA,BAJISTA_FUERTE,IMPULSO_BAJISTA_MEDIO+RECHAZO_VENDEDOR_HISTORICO,MERCADO_NORMAL+TENDENCIA_BAJISTA+TENDENCIA_FUERTE+TENDENCIA_LIMPIA,,
PA_MERCADO,PA_MERCADO|IMPULSO_BAJISTA_MEDIO+RECHAZO_VENDEDOR_HISTORICO|MERCADO_NORMAL+TENDENCIA_BAJISTA+TENDENCIA_FUERTE+TENDENCIA_LIMPIA,1,0,1,0.0,0.0,MUESTRA_INSUFICIENTE,INSUFICIENTE,EURCAD-OTC,put,CONTINUACIÓN,TENDENCIA,BAJISTA_FUERTE,IMPULSO_BAJISTA_MEDIO+RECHAZO_VENDEDOR_HISTORICO,MERCADO_NORMAL+TENDENCIA_BAJISTA+TENDENCIA_FUERTE+TENDENCIA_LIMPIA,,
SETUP_MERCADO,SETUP_MERCADO|CONTINUACION+CONTINUACIÓN+PULLBACK_GENERICO|MERCADO_NORMAL+TENDENCIA_BAJISTA+TENDENCIA_FUERTE+TENDENCIA_LIMPIA,1,0,1,0.0,0.0,MUESTRA_INSUFICIENTE,INSUFICIENTE,EURCAD-OTC,put,CONTINUACIÓN,TENDENCIA,BAJISTA_FUERTE,IMPULSO_BAJISTA_MEDIO+RECHAZO_VENDEDOR_HISTORICO,MERCADO_NORMAL+TENDENCIA_BAJISTA+TENDENCIA_FUERTE+TENDENCIA_LIMPIA,,
PA_SETUP_MERCADO,PA_SETUP_MERCADO|IMPULSO_BAJISTA_MEDIO+RECHAZO_VENDEDOR_HISTORICO|CONTINUACION+CONTINUACIÓN+PULLBACK_GENERICO|MERCADO_NORMAL+TENDENCIA_BAJISTA+TENDENCIA_FUERTE+TENDENCIA_LIMPIA,1,0,1,0.0,0.0,MUESTRA_INSUFICIENTE,INSUFICIENTE,EURCAD-OTC,put,CONTINUACIÓN,TENDENCIA,BAJISTA_FUERTE,IMPULSO_BAJISTA_MEDIO+RECHAZO_VENDEDOR_HISTORICO,MERCADO_NORMAL+TENDENCIA_BAJISTA+TENDENCIA_FUERTE+TENDENCIA_LIMPIA,,
FIRMA_EVIDENCIAS_EXACTA,FIRMA_EVIDENCIAS_EXACTA|BAJISTA_FUERTE+CONTINUACIÓN+IMPULSO_BAJISTA_MEDIO+MERCADO_NORMAL+PUT+RECHAZO_VENDEDOR_HISTORICO+TENDENCIA+TENDENCIA_BAJISTA+TENDENCIA_FUERTE+TENDENCIA_LIMPIA,1,0,1,0.0,0.0,MUESTRA_INSUFICIENTE,INSUFICIENTE,EURCAD-OTC,put,CONTINUACIÓN,TENDENCIA,BAJISTA_FUERTE,IMPULSO_BAJISTA_MEDIO+RECHAZO_VENDEDOR_HISTORICO,MERCADO_NORMAL+TENDENCIA_BAJISTA+TENDENCIA_FUERTE+TENDENCIA_LIMPIA,,
ACTIVO_FAMILIA,ACTIVO_FAMILIA|LTCUSD-OTC|CONTINUACIÓN,1,0,1,0.0,0.0,MUESTRA_INSUFICIENTE,INSUFICIENTE,LTCUSD-OTC,put,CONTINUACIÓN,TENDENCIA,BAJISTA_FUERTE,IMPULSO_BAJISTA_MEDIO+RECHAZO_VENDEDOR_HISTORICO,MERCADO_NORMAL+TENDENCIA_BAJISTA+TENDENCIA_FUERTE,,
CLAVE_ESPECIFICA,CLAVE_ESPECIFICA|LTCUSD-OTC|PUT|CONTINUACIÓN|TENDENCIA|BAJISTA_FUERTE,1,0,1,0.0,0.0,MUESTRA_INSUFICIENTE,INSUFICIENTE,LTCUSD-OTC,put,CONTINUACIÓN,TENDENCIA,BAJISTA_FUERTE,IMPULSO_BAJISTA_MEDIO+RECHAZO_VENDEDOR_HISTORICO,MERCADO_NORMAL+TENDENCIA_BAJISTA+TENDENCIA_FUERTE,,
PA_MERCADO,PA_MERCADO|IMPULSO_BAJISTA_MEDIO+RECHAZO_VENDEDOR_HISTORICO|MERCADO_NORMAL+TENDENCIA_BAJISTA+TENDENCIA_FUERTE,1,0,1,0.0,0.0,MUESTRA_INSUFICIENTE,INSUFICIENTE,LTCUSD-OTC,put,CONTINUACIÓN,TENDENCIA,BAJISTA_FUERTE,IMPULSO_BAJISTA_MEDIO+RECHAZO_VENDEDOR_HISTORICO,MERCADO_NORMAL+TENDENCIA_BAJISTA+TENDENCIA_FUERTE,,
PA_SETUP_MERCADO,PA_SETUP_MERCADO|IMPULSO_BAJISTA_MEDIO+RECHAZO_VENDEDOR_HISTORICO|CONTINUACION+CONTINUACIÓN+PULLBACK_GENERICO|MERCADO_NORMAL+TENDENCIA_BAJISTA+TENDENCIA_FUERTE,1,0,1,0.0,0.0,MUESTRA_INSUFICIENTE,INSUFICIENTE,LTCUSD-OTC,put,CONTINUACIÓN,TENDENCIA,BAJISTA_FUERTE,IMPULSO_BAJISTA_MEDIO+RECHAZO_VENDEDOR_HISTORICO,MERCADO_NORMAL+TENDENCIA_BAJISTA+TENDENCIA_FUERTE,,
FIRMA_EVIDENCIAS_EXACTA,FIRMA_EVIDENCIAS_EXACTA|BAJISTA_FUERTE+CONTINUACIÓN+IMPULSO_BAJISTA_MEDIO+MERCADO_NORMAL+PUT+RECHAZO_VENDEDOR_HISTORICO+TENDENCIA+TENDENCIA_BAJISTA+TENDENCIA_FUERTE,1,0,1,0.0,0.0,MUESTRA_INSUFICIENTE,INSUFICIENTE,LTCUSD-OTC,put,CONTINUACIÓN,TENDENCIA,BAJISTA_FUERTE,IMPULSO_BAJISTA_MEDIO+RECHAZO_VENDEDOR_HISTORICO,MERCADO_NORMAL+TENDENCIA_BAJISTA+TENDENCIA_FUERTE,,
ACTIVO_DIRECCION,ACTIVO_DIRECCION|EURUSD-OTC|CALL,1,0,1,0.0,0.0,MUESTRA_INSUFICIENTE,INSUFICIENTE,EURUSD-OTC,call,REACCIÓN_ZONA,RANGO,INDEFINIDA,IMPULSO_ALCISTA_MEDIO+RECHAZO_COMPRADOR_CONFIRMADO,MERCADO_NORMAL+MERCADO_RANGO+TENDENCIA_INDEFINIDA,,
CLAVE_ESPECIFICA,CLAVE_ESPECIFICA|EURUSD-OTC|CALL|REACCIÓN_ZONA|RANGO|INDEFINIDA,1,0,1,0.0,0.0,MUESTRA_INSUFICIENTE,INSUFICIENTE,EURUSD-OTC,call,REACCIÓN_ZONA,RANGO,INDEFINIDA,IMPULSO_ALCISTA_MEDIO+RECHAZO_COMPRADOR_CONFIRMADO,MERCADO_NORMAL+MERCADO_RANGO+TENDENCIA_INDEFINIDA,,
ACTIVO_FAMILIA,ACTIVO_FAMILIA|LUNA-OTC|CONTINUACIÓN,1,0,1,0.0,0.0,MUESTRA_INSUFICIENTE,INSUFICIENTE,LUNA-OTC,put,CONTINUACIÓN,TENDENCIA,BAJISTA_NORMAL,IMPULSO_BAJISTA_MEDIO+RECHAZO_VENDEDOR_HISTORICO,MERCADO_NORMAL+TENDENCIA_BAJISTA,,
CLAVE_ESPECIFICA,CLAVE_ESPECIFICA|LUNA-OTC|PUT|CONTINUACIÓN|TENDENCIA|BAJISTA_NORMAL,1,0,1,0.0,0.0,MUESTRA_INSUFICIENTE,INSUFICIENTE,LUNA-OTC,put,CONTINUACIÓN,TENDENCIA,BAJISTA_NORMAL,IMPULSO_BAJISTA_MEDIO+RECHAZO_VENDEDOR_HISTORICO,MERCADO_NORMAL+TENDENCIA_BAJISTA,,
ACTIVO_DIRECCION,ACTIVO_DIRECCION|EURCAD-OTC|CALL,1,0,1,0.0,0.0,MUESTRA_INSUFICIENTE,INSUFICIENTE,EURCAD-OTC,call,REACCIÓN_ZONA,RANGO,ALCISTA_DEBIL,IMPULSO_ALCISTA_MEDIO+RECHAZO_COMPRADOR_HISTORICO,MERCADO_NORMAL+MERCADO_RANGO+TENDENCIA_DEBIL,,
CLAVE_ESPECIFICA,CLAVE_ESPECIFICA|EURCAD-OTC|CALL|REACCIÓN_ZONA|RANGO|ALCISTA_DEBIL,1,0,1,0.0,0.0,MUESTRA_INSUFICIENTE,INSUFICIENTE,EURCAD-OTC,call,REACCIÓN_ZONA,RANGO,ALCISTA_DEBIL,IMPULSO_ALCISTA_MEDIO+RECHAZO_COMPRADOR_HISTORICO,MERCADO_NORMAL+MERCADO_RANGO+TENDENCIA_DEBIL,,
PA_MERCADO,PA_MERCADO|IMPULSO_ALCISTA_MEDIO+RECHAZO_COMPRADOR_HISTORICO|MERCADO_NORMAL+MERCADO_RANGO+TENDENCIA_DEBIL,1,0,1,0.0,0.0,MUESTRA_INSUFICIENTE,INSUFICIENTE,EURCAD-OTC,call,REACCIÓN_ZONA,RANGO,ALCISTA_DEBIL,IMPULSO_ALCISTA_MEDIO+RECHAZO_COMPRADOR_HISTORICO,MERCADO_NORMAL+MERCADO_RANGO+TENDENCIA_DEBIL,,
PA_SETUP,PA_SETUP|IMPULSO_ALCISTA_MEDIO+RECHAZO_COMPRADOR_HISTORICO|INDEFINIDO+REACCIÓN_ZONA+ZONA_RECHAZO_CONFIRMADO,1,0,1,0.0,0.0,MUESTRA_INSUFICIENTE,INSUFICIENTE,EURCAD-OTC,call,REACCIÓN_ZONA,RANGO,ALCISTA_DEBIL,IMPULSO_ALCISTA_MEDIO+RECHAZO_COMPRADOR_HISTORICO,MERCADO_NORMAL+MERCADO_RANGO+TENDENCIA_DEBIL,,
PA_SETUP_MERCADO,PA_SETUP_MERCADO|IMPULSO_ALCISTA_MEDIO+RECHAZO_COMPRADOR_HISTORICO|INDEFINIDO+REACCIÓN_ZONA+ZONA_RECHAZO_CONFIRMADO|MERCADO_NORMAL+MERCADO_RANGO+TENDENCIA_DEBIL,1,0,1,0.0,0.0,MUESTRA_INSUFICIENTE,INSUFICIENTE,EURCAD-OTC,call,REACCIÓN_ZONA,RANGO,ALCISTA_DEBIL,IMPULSO_ALCISTA_MEDIO+RECHAZO_COMPRADOR_HISTORICO,MERCADO_NORMAL+MERCADO_RANGO+TENDENCIA_DEBIL,,
FIRMA_EVIDENCIAS_EXACTA,FIRMA_EVIDENCIAS_EXACTA|ALCISTA_DEBIL+CALL+IMPULSO_ALCISTA_MEDIO+MERCADO_NORMAL+MERCADO_RANGO+RANGO+REACCIÓN_ZONA+RECHAZO_COMPRADOR_HISTORICO+TENDENCIA_DEBIL,1,0,1,0.0,0.0,MUESTRA_INSUFICIENTE,INSUFICIENTE,EURCAD-OTC,call,REACCIÓN_ZONA,RANGO,ALCISTA_DEBIL,IMPULSO_ALCISTA_MEDIO+RECHAZO_COMPRADOR_HISTORICO,MERCADO_NORMAL+MERCADO_RANGO+TENDENCIA_DEBIL,,
ACTIVO_DIRECCION,ACTIVO_DIRECCION|AIG-OTC|CALL,1,0,1,0.0,0.0,MUESTRA_INSUFICIENTE,INSUFICIENTE,AIG-OTC,call,REACCIÓN_ZONA,TENDENCIA,ALCISTA_DEBIL,IMPULSO_ALCISTA_MEDIO+RECHAZO_COMPRADOR_CONFIRMADO,MERCADO_NORMAL+TENDENCIA_ALCISTA+TENDENCIA_DEBIL,,
CLAVE_ESPECIFICA,CLAVE_ESPECIFICA|AIG-OTC|CALL|REACCIÓN_ZONA|TENDENCIA|ALCISTA_DEBIL,1,0,1,0.0,0.0,MUESTRA_INSUFICIENTE,INSUFICIENTE,AIG-OTC,call,REACCIÓN_ZONA,TENDENCIA,ALCISTA_DEBIL,IMPULSO_ALCISTA_MEDIO+RECHAZO_COMPRADOR_CONFIRMADO,MERCADO_NORMAL+TENDENCIA_ALCISTA+TENDENCIA_DEBIL,,
CLAVE_ESPECIFICA,CLAVE_ESPECIFICA|NZDJPY-OTC|CALL|REACCIÓN_ZONA|RANGO|INDEFINIDA,1,0,1,0.0,0.0,MUESTRA_INSUFICIENTE,INSUFICIENTE,NZDJPY-OTC,call,REACCIÓN_ZONA,RANGO,INDEFINIDA,IMPULSO_ALCISTA_MEDIO+RECHAZO_COMPRADOR_CONFIRMADO,MERCADO_NORMAL+MERCADO_RANGO+TENDENCIA_INDEFINIDA,,
MERCADO_EVIDENCIAS,MERCADO_EVIDENCIAS|MERCADO_LIMPIO,1,0,1,0.0,0.0,MUESTRA_INSUFICIENTE,INSUFICIENTE,AIG-OTC,put,REACCIÓN_ZONA,RANGO,ALCISTA_DEBIL,IMPULSO_BAJISTA_MEDIO+RECHAZO_VENDEDOR_CONFIRMADO,MERCADO_LIMPIO+MERCADO_RANGO+SCORE_MERCADO_ALTO+TENDENCIA_DEBIL,,
MERCADO_EVIDENCIAS,MERCADO_EVIDENCIAS|MERCADO_LIMPIO+MERCADO_RANGO+SCORE_MERCADO_ALTO+TENDENCIA_DEBIL,1,0,1,0.0,0.0,MUESTRA_INSUFICIENTE,INSUFICIENTE,AIG-OTC,put,REACCIÓN_ZONA,RANGO,ALCISTA_DEBIL,IMPULSO_BAJISTA_MEDIO+RECHAZO_VENDEDOR_CONFIRMADO,MERCADO_LIMPIO+MERCADO_RANGO+SCORE_MERCADO_ALTO+TENDENCIA_DEBIL,,
PA_MERCADO,PA_MERCADO|IMPULSO_BAJISTA_MEDIO+RECHAZO_VENDEDOR_CONFIRMADO|MERCADO_LIMPIO+MERCADO_RANGO+SCORE_MERCADO_ALTO+TENDENCIA_DEBIL,1,0,1,0.0,0.0,MUESTRA_INSUFICIENTE,INSUFICIENTE,AIG-OTC,put,REACCIÓN_ZONA,RANGO,ALCISTA_DEBIL,IMPULSO_BAJISTA_MEDIO+RECHAZO_VENDEDOR_CONFIRMADO,MERCADO_LIMPIO+MERCADO_RANGO+SCORE_MERCADO_ALTO+TENDENCIA_DEBIL,,
SETUP_MERCADO,SETUP_MERCADO|INDEFINIDO+REACCIÓN_ZONA+ZONA_RECHAZO_CONFIRMADO|MERCADO_LIMPIO+MERCADO_RANGO+SCORE_MERCADO_ALTO+TENDENCIA_DEBIL,1,0,1,0.0,0.0,MUESTRA_INSUFICIENTE,INSUFICIENTE,AIG-OTC,put,REACCIÓN_ZONA,RANGO,ALCISTA_DEBIL,IMPULSO_BAJISTA_MEDIO+RECHAZO_VENDEDOR_CONFIRMADO,MERCADO_LIMPIO+MERCADO_RANGO+SCORE_MERCADO_ALTO+TENDENCIA_DEBIL,,
PA_SETUP_MERCADO,PA_SETUP_MERCADO|IMPULSO_BAJISTA_MEDIO+RECHAZO_VENDEDOR_CONFIRMADO|INDEFINIDO+REACCIÓN_ZONA+ZONA_RECHAZO_CONFIRMADO|MERCADO_LIMPIO+MERCADO_RANGO+SCORE_MERCADO_ALTO+TENDENCIA_DEBIL,1,0,1,0.0,0.0,MUESTRA_INSUFICIENTE,INSUFICIENTE,AIG-OTC,put,REACCIÓN_ZONA,RANGO,ALCISTA_DEBIL,IMPULSO_BAJISTA_MEDIO+RECHAZO_VENDEDOR_CONFIRMADO,MERCADO_LIMPIO+MERCADO_RANGO+SCORE_MERCADO_ALTO+TENDENCIA_DEBIL,,
FIRMA_EVIDENCIAS_EXACTA,FIRMA_EVIDENCIAS_EXACTA|ALCISTA_DEBIL+IMPULSO_BAJISTA_MEDIO+MERCADO_LIMPIO+MERCADO_RANGO+PUT+RANGO+REACCIÓN_ZONA+RECHAZO_VENDEDOR_CONFIRMADO+SCORE_MERCADO_ALTO+TENDENCIA_DEBIL,1,0,1,0.0,0.0,MUESTRA_INSUFICIENTE,INSUFICIENTE,AIG-OTC,put,REACCIÓN_ZONA,RANGO,ALCISTA_DEBIL,IMPULSO_BAJISTA_MEDIO+RECHAZO_VENDEDOR_CONFIRMADO,MERCADO_LIMPIO+MERCADO_RANGO+SCORE_MERCADO_ALTO+TENDENCIA_DEBIL,,
CLAVE_ESPECIFICA,CLAVE_ESPECIFICA|USDMXN-OTC|PUT|REACCIÓN_ZONA|TENDENCIA|BAJISTA_DEBIL,1,0,1,0.0,0.0,MUESTRA_INSUFICIENTE,INSUFICIENTE,USDMXN-OTC,put,REACCIÓN_ZONA,TENDENCIA,BAJISTA_DEBIL,IMPULSO_BAJISTA_MEDIO+RECHAZO_VENDEDOR_CONFIRMADO,MERCADO_NORMAL+SCORE_MERCADO_ALTO+TENDENCIA_BAJISTA+TENDENCIA_DEBIL,,
MERCADO_EVIDENCIAS,MERCADO_EVIDENCIAS|MERCADO_NORMAL+SCORE_MERCADO_ALTO+TENDENCIA_BAJISTA+TENDENCIA_DEBIL,1,0,1,0.0,0.0,MUESTRA_INSUFICIENTE,INSUFICIENTE,USDMXN-OTC,put,REACCIÓN_ZONA,TENDENCIA,BAJISTA_DEBIL,IMPULSO_BAJISTA_MEDIO+RECHAZO_VENDEDOR_CONFIRMADO,MERCADO_NORMAL+SCORE_MERCADO_ALTO+TENDENCIA_BAJISTA+TENDENCIA_DEBIL,,
PA_MERCADO,PA_MERCADO|IMPULSO_BAJISTA_MEDIO+RECHAZO_VENDEDOR_CONFIRMADO|MERCADO_NORMAL+SCORE_MERCADO_ALTO+TENDENCIA_BAJISTA+TENDENCIA_DEBIL,1,0,1,0.0,0.0,MUESTRA_INSUFICIENTE,INSUFICIENTE,USDMXN-OTC,put,REACCIÓN_ZONA,TENDENCIA,BAJISTA_DEBIL,IMPULSO_BAJISTA_MEDIO+RECHAZO_VENDEDOR_CONFIRMADO,MERCADO_NORMAL+SCORE_MERCADO_ALTO+TENDENCIA_BAJISTA+TENDENCIA_DEBIL,,
SETUP_MERCADO,SETUP_MERCADO|INDEFINIDO+REACCIÓN_ZONA+ZONA_RECHAZO_CONFIRMADO|MERCADO_NORMAL+SCORE_MERCADO_ALTO+TENDENCIA_BAJISTA+TENDENCIA_DEBIL,1,0,1,0.0,0.0,MUESTRA_INSUFICIENTE,INSUFICIENTE,USDMXN-OTC,put,REACCIÓN_ZONA,TENDENCIA,BAJISTA_DEBIL,IMPULSO_BAJISTA_MEDIO+RECHAZO_VENDEDOR_CONFIRMADO,MERCADO_NORMAL+SCORE_MERCADO_ALTO+TENDENCIA_BAJISTA+TENDENCIA_DEBIL,,
PA_SETUP_MERCADO,PA_SETUP_MERCADO|IMPULSO_BAJISTA_MEDIO+RECHAZO_VENDEDOR_CONFIRMADO|INDEFINIDO+REACCIÓN_ZONA+ZONA_RECHAZO_CONFIRMADO|MERCADO_NORMAL+SCORE_MERCADO_ALTO+TENDENCIA_BAJISTA+TENDENCIA_DEBIL,1,0,1,0.0,0.0,MUESTRA_INSUFICIENTE,INSUFICIENTE,USDMXN-OTC,put,REACCIÓN_ZONA,TENDENCIA,BAJISTA_DEBIL,IMPULSO_BAJISTA_MEDIO+RECHAZO_VENDEDOR_CONFIRMADO,MERCADO_NORMAL+SCORE_MERCADO_ALTO+TENDENCIA_BAJISTA+TENDENCIA_DEBIL,,
FIRMA_EVIDENCIAS_EXACTA,FIRMA_EVIDENCIAS_EXACTA|BAJISTA_DEBIL+IMPULSO_BAJISTA_MEDIO+MERCADO_NORMAL+PUT+REACCIÓN_ZONA+RECHAZO_VENDEDOR_CONFIRMADO+SCORE_MERCADO_ALTO+TENDENCIA+TENDENCIA_BAJISTA+TENDENCIA_DEBIL,1,0,1,0.0,0.0,MUESTRA_INSUFICIENTE,INSUFICIENTE,USDMXN-OTC,put,REACCIÓN_ZONA,TENDENCIA,BAJISTA_DEBIL,IMPULSO_BAJISTA_MEDIO+RECHAZO_VENDEDOR_CONFIRMADO,MERCADO_NORMAL+SCORE_MERCADO_ALTO+TENDENCIA_BAJISTA+TENDENCIA_DEBIL,,
CLAVE_ESPECIFICA,CLAVE_ESPECIFICA|NZDJPY-OTC|CALL|REACCIÓN_ZONA|TENDENCIA|ALCISTA_NORMAL,1,0,1,0.0,0.0,MUESTRA_INSUFICIENTE,INSUFICIENTE,NZDJPY-OTC,call,REACCIÓN_ZONA,TENDENCIA,ALCISTA_NORMAL,IMPULSO_ALCISTA_MEDIO+RECHAZO_COMPRADOR_CONFIRMADO+RECHAZO_COMPRADOR_OBSERVADO,MERCADO_NORMAL+TENDENCIA_ALCISTA,,
PA,PA|IMPULSO_ALCISTA_MEDIO+RECHAZO_COMPRADOR_CONFIRMADO+RECHAZO_COMPRADOR_OBSERVADO,1,0,1,0.0,0.0,MUESTRA_INSUFICIENTE,INSUFICIENTE,NZDJPY-OTC,call,REACCIÓN_ZONA,TENDENCIA,ALCISTA_NORMAL,IMPULSO_ALCISTA_MEDIO+RECHAZO_COMPRADOR_CONFIRMADO+RECHAZO_COMPRADOR_OBSERVADO,MERCADO_NORMAL+TENDENCIA_ALCISTA,,
PA_MERCADO,PA_MERCADO|IMPULSO_ALCISTA_MEDIO+RECHAZO_COMPRADOR_CONFIRMADO+RECHAZO_COMPRADOR_OBSERVADO|MERCADO_NORMAL+TENDENCIA_ALCISTA,1,0,1,0.0,0.0,MUESTRA_INSUFICIENTE,INSUFICIENTE,NZDJPY-OTC,call,REACCIÓN_ZONA,TENDENCIA,ALCISTA_NORMAL,IMPULSO_ALCISTA_MEDIO+RECHAZO_COMPRADOR_CONFIRMADO+RECHAZO_COMPRADOR_OBSERVADO,MERCADO_NORMAL+TENDENCIA_ALCISTA,,
PA_SETUP,PA_SETUP|IMPULSO_ALCISTA_MEDIO+RECHAZO_COMPRADOR_CONFIRMADO+RECHAZO_COMPRADOR_OBSERVADO|INDEFINIDO+REACCIÓN_ZONA+ZONA_RECHAZO_CONFIRMADO,1,0,1,0.0,0.0,MUESTRA_INSUFICIENTE,INSUFICIENTE,NZDJPY-OTC,call,REACCIÓN_ZONA,TENDENCIA,ALCISTA_NORMAL,IMPULSO_ALCISTA_MEDIO+RECHAZO_COMPRADOR_CONFIRMADO+RECHAZO_COMPRADOR_OBSERVADO,MERCADO_NORMAL+TENDENCIA_ALCISTA,,
PA_SETUP_MERCADO,PA_SETUP_MERCADO|IMPULSO_ALCISTA_MEDIO+RECHAZO_COMPRADOR_CONFIRMADO+RECHAZO_COMPRADOR_OBSERVADO|INDEFINIDO+REACCIÓN_ZONA+ZONA_RECHAZO_CONFIRMADO|MERCADO_NORMAL+TENDENCIA_ALCISTA,1,0,1,0.0,0.0,MUESTRA_INSUFICIENTE,INSUFICIENTE,NZDJPY-OTC,call,REACCIÓN_ZONA,TENDENCIA,ALCISTA_NORMAL,IMPULSO_ALCISTA_MEDIO+RECHAZO_COMPRADOR_CONFIRMADO+RECHAZO_COMPRADOR_OBSERVADO,MERCADO_NORMAL+TENDENCIA_ALCISTA,,
FIRMA_EVIDENCIAS_EXACTA,FIRMA_EVIDENCIAS_EXACTA|ALCISTA_NORMAL+CALL+IMPULSO_ALCISTA_MEDIO+MERCADO_NORMAL+REACCIÓN_ZONA+RECHAZO_COMPRADOR_CONFIRMADO+RECHAZO_COMPRADOR_OBSERVADO+TENDENCIA+TENDENCIA_ALCISTA,1,0,1,0.0,0.0,MUESTRA_INSUFICIENTE,INSUFICIENTE,NZDJPY-OTC,call,REACCIÓN_ZONA,TENDENCIA,ALCISTA_NORMAL,IMPULSO_ALCISTA_MEDIO+RECHAZO_COMPRADOR_CONFIRMADO+RECHAZO_COMPRADOR_OBSERVADO,MERCADO_NORMAL+TENDENCIA_ALCISTA,,
CLAVE_ESPECIFICA,CLAVE_ESPECIFICA|COFFEE-OTC|CALL|REACCIÓN_ZONA|RANGO|INDEFINIDA,1,0,1,0.0,0.0,MUESTRA_INSUFICIENTE,INSUFICIENTE,COFFEE-OTC,call,REACCIÓN_ZONA,RANGO,INDEFINIDA,RECHAZO_COMPRADOR_CONFIRMADO,MERCADO_NORMAL+MERCADO_RANGO+TENDENCIA_INDEFINIDA,,
PA_MERCADO,PA_MERCADO|RECHAZO_COMPRADOR_CONFIRMADO|MERCADO_NORMAL+MERCADO_RANGO+TENDENCIA_INDEFINIDA,1,0,1,0.0,0.0,MUESTRA_INSUFICIENTE,INSUFICIENTE,COFFEE-OTC,call,REACCIÓN_ZONA,RANGO,INDEFINIDA,RECHAZO_COMPRADOR_CONFIRMADO,MERCADO_NORMAL+MERCADO_RANGO+TENDENCIA_INDEFINIDA,,
PA_SETUP,PA_SETUP|RECHAZO_COMPRADOR_CONFIRMADO|INDEFINIDO+REACCIÓN_ZONA+ZONA_RECHAZO_CONFIRMADO,1,0,1,0.0,0.0,MUESTRA_INSUFICIENTE,INSUFICIENTE,COFFEE-OTC,call,REACCIÓN_ZONA,RANGO,INDEFINIDA,RECHAZO_COMPRADOR_CONFIRMADO,MERCADO_NORMAL+MERCADO_RANGO+TENDENCIA_INDEFINIDA,,
PA_SETUP_MERCADO,PA_SETUP_MERCADO|RECHAZO_COMPRADOR_CONFIRMADO|INDEFINIDO+REACCIÓN_ZONA+ZONA_RECHAZO_CONFIRMADO|MERCADO_NORMAL+MERCADO_RANGO+TENDENCIA_INDEFINIDA,1,0,1,0.0,0.0,MUESTRA_INSUFICIENTE,INSUFICIENTE,COFFEE-OTC,call,REACCIÓN_ZONA,RANGO,INDEFINIDA,RECHAZO_COMPRADOR_CONFIRMADO,MERCADO_NORMAL+MERCADO_RANGO+TENDENCIA_INDEFINIDA,,
FIRMA_EVIDENCIAS_EXACTA,FIRMA_EVIDENCIAS_EXACTA|CALL+INDEFINIDA+MERCADO_NORMAL+MERCADO_RANGO+RANGO+REACCIÓN_ZONA+RECHAZO_COMPRADOR_CONFIRMADO+TENDENCIA_INDEFINIDA,1,0,1,0.0,0.0,MUESTRA_INSUFICIENTE,INSUFICIENTE,COFFEE-OTC,call,REACCIÓN_ZONA,RANGO,INDEFINIDA,RECHAZO_COMPRADOR_CONFIRMADO,MERCADO_NORMAL+MERCADO_RANGO+TENDENCIA_INDEFINIDA,,
CLAVE_ESPECIFICA,CLAVE_ESPECIFICA|NZDJPY-OTC|CALL|REACCIÓN_ZONA|TENDENCIA|ALCISTA_DEBIL,1,0,1,0.0,0.0,MUESTRA_INSUFICIENTE,INSUFICIENTE,NZDJPY-OTC,call,REACCIÓN_ZONA,TENDENCIA,ALCISTA_DEBIL,IMPULSO_ALCISTA_MEDIO+RECHAZO_COMPRADOR_CONFIRMADO,MERCADO_NORMAL+TENDENCIA_ALCISTA+TENDENCIA_DEBIL,,
CLAVE_ESPECIFICA,CLAVE_ESPECIFICA|USDMXN-OTC|PUT|REACCIÓN_ZONA|RANGO|ALCISTA_DEBIL,1,0,1,0.0,0.0,MUESTRA_INSUFICIENTE,INSUFICIENTE,USDMXN-OTC,put,REACCIÓN_ZONA,RANGO,ALCISTA_DEBIL,RECHAZO_VENDEDOR_CONFIRMADO,MERCADO_NORMAL+MERCADO_RANGO+TENDENCIA_DEBIL,,
FIRMA_EVIDENCIAS_EXACTA,FIRMA_EVIDENCIAS_EXACTA|ALCISTA_DEBIL+MERCADO_NORMAL+MERCADO_RANGO+PUT+RANGO+REACCIÓN_ZONA+RECHAZO_VENDEDOR_CONFIRMADO+TENDENCIA_DEBIL,1,0,1,0.0,0.0,MUESTRA_INSUFICIENTE,INSUFICIENTE,USDMXN-OTC,put,REACCIÓN_ZONA,RANGO,ALCISTA_DEBIL,RECHAZO_VENDEDOR_CONFIRMADO,MERCADO_NORMAL+MERCADO_RANGO+TENDENCIA_DEBIL,,
ACTIVO_FAMILIA,ACTIVO_FAMILIA|US2000-OTC|CONTINUACIÓN,1,0,1,0.0,0.0,MUESTRA_INSUFICIENTE,INSUFICIENTE,US2000-OTC,put,CONTINUACIÓN,TENDENCIA,BAJISTA_FUERTE,IMPULSO_BAJISTA_MEDIO+RECHAZO_VENDEDOR_CONFIRMADO,MERCADO_NORMAL+TENDENCIA_BAJISTA+TENDENCIA_FUERTE,,
CLAVE_ESPECIFICA,CLAVE_ESPECIFICA|US2000-OTC|PUT|CONTINUACIÓN|TENDENCIA|BAJISTA_FUERTE,1,0,1,0.0,0.0,MUESTRA_INSUFICIENTE,INSUFICIENTE,US2000-OTC,put,CONTINUACIÓN,TENDENCIA,BAJISTA_FUERTE,IMPULSO_BAJISTA_MEDIO+RECHAZO_VENDEDOR_CONFIRMADO,MERCADO_NORMAL+TENDENCIA_BAJISTA+TENDENCIA_FUERTE,,
PA_MERCADO,PA_MERCADO|IMPULSO_BAJISTA_MEDIO+RECHAZO_VENDEDOR_CONFIRMADO|MERCADO_NORMAL+TENDENCIA_BAJISTA+TENDENCIA_FUERTE,1,0,1,0.0,0.0,MUESTRA_INSUFICIENTE,INSUFICIENTE,US2000-OTC,put,CONTINUACIÓN,TENDENCIA,BAJISTA_FUERTE,IMPULSO_BAJISTA_MEDIO+RECHAZO_VENDEDOR_CONFIRMADO,MERCADO_NORMAL+TENDENCIA_BAJISTA+TENDENCIA_FUERTE,,
PA_SETUP,PA_SETUP|IMPULSO_BAJISTA_MEDIO+RECHAZO_VENDEDOR_CONFIRMADO|CONTINUACION+CONTINUACIÓN+PULLBACK_GENERICO,1,0,1,0.0,0.0,MUESTRA_INSUFICIENTE,INSUFICIENTE,US2000-OTC,put,CONTINUACIÓN,TENDENCIA,BAJISTA_FUERTE,IMPULSO_BAJISTA_MEDIO+RECHAZO_VENDEDOR_CONFIRMADO,MERCADO_NORMAL+TENDENCIA_BAJISTA+TENDENCIA_FUERTE,,
PA_SETUP_MERCADO,PA_SETUP_MERCADO|IMPULSO_BAJISTA_MEDIO+RECHAZO_VENDEDOR_CONFIRMADO|CONTINUACION+CONTINUACIÓN+PULLBACK_GENERICO|MERCADO_NORMAL+TENDENCIA_BAJISTA+TENDENCIA_FUERTE,1,0,1,0.0,0.0,MUESTRA_INSUFICIENTE,INSUFICIENTE,US2000-OTC,put,CONTINUACIÓN,TENDENCIA,BAJISTA_FUERTE,IMPULSO_BAJISTA_MEDIO+RECHAZO_VENDEDOR_CONFIRMADO,MERCADO_NORMAL+TENDENCIA_BAJISTA+TENDENCIA_FUERTE,,
FIRMA_EVIDENCIAS_EXACTA,FIRMA_EVIDENCIAS_EXACTA|BAJISTA_FUERTE+CONTINUACIÓN+IMPULSO_BAJISTA_MEDIO+MERCADO_NORMAL+PUT+RECHAZO_VENDEDOR_CONFIRMADO+TENDENCIA+TENDENCIA_BAJISTA+TENDENCIA_FUERTE,1,0,1,0.0,0.0,MUESTRA_INSUFICIENTE,INSUFICIENTE,US2000-OTC,put,CONTINUACIÓN,TENDENCIA,BAJISTA_FUERTE,IMPULSO_BAJISTA_MEDIO+RECHAZO_VENDEDOR_CONFIRMADO,MERCADO_NORMAL+TENDENCIA_BAJISTA+TENDENCIA_FUERTE,,
ACTIVO_FAMILIA,ACTIVO_FAMILIA|USDNOK-OTC|REACCIÓN_ZONA,1,0,1,0.0,0.0,MUESTRA_INSUFICIENTE,INSUFICIENTE,USDNOK-OTC,put,REACCIÓN_ZONA,TENDENCIA,BAJISTA_NORMAL,RECHAZO_VENDEDOR_CONFIRMADO+RECHAZO_VENDEDOR_HISTORICO,MERCADO_NORMAL+TENDENCIA_BAJISTA,,
CLAVE_ESPECIFICA,CLAVE_ESPECIFICA|USDNOK-OTC|PUT|REACCIÓN_ZONA|TENDENCIA|BAJISTA_NORMAL,1,0,1,0.0,0.0,MUESTRA_INSUFICIENTE,INSUFICIENTE,USDNOK-OTC,put,REACCIÓN_ZONA,TENDENCIA,BAJISTA_NORMAL,RECHAZO_VENDEDOR_CONFIRMADO+RECHAZO_VENDEDOR_HISTORICO,MERCADO_NORMAL+TENDENCIA_BAJISTA,,
PA,PA|RECHAZO_VENDEDOR_CONFIRMADO+RECHAZO_VENDEDOR_HISTORICO,1,0,1,0.0,0.0,MUESTRA_INSUFICIENTE,INSUFICIENTE,USDNOK-OTC,put,REACCIÓN_ZONA,TENDENCIA,BAJISTA_NORMAL,RECHAZO_VENDEDOR_CONFIRMADO+RECHAZO_VENDEDOR_HISTORICO,MERCADO_NORMAL+TENDENCIA_BAJISTA,,
PA_MERCADO,PA_MERCADO|RECHAZO_VENDEDOR_CONFIRMADO+RECHAZO_VENDEDOR_HISTORICO|MERCADO_NORMAL+TENDENCIA_BAJISTA,1,0,1,0.0,0.0,MUESTRA_INSUFICIENTE,INSUFICIENTE,USDNOK-OTC,put,REACCIÓN_ZONA,TENDENCIA,BAJISTA_NORMAL,RECHAZO_VENDEDOR_CONFIRMADO+RECHAZO_VENDEDOR_HISTORICO,MERCADO_NORMAL+TENDENCIA_BAJISTA,,
PA_SETUP,PA_SETUP|RECHAZO_VENDEDOR_CONFIRMADO+RECHAZO_VENDEDOR_HISTORICO|INDEFINIDO+REACCIÓN_ZONA+ZONA_RECHAZO_CONFIRMADO,1,0,1,0.0,0.0,MUESTRA_INSUFICIENTE,INSUFICIENTE,USDNOK-OTC,put,REACCIÓN_ZONA,TENDENCIA,BAJISTA_NORMAL,RECHAZO_VENDEDOR_CONFIRMADO+RECHAZO_VENDEDOR_HISTORICO,MERCADO_NORMAL+TENDENCIA_BAJISTA,,
PA_SETUP_MERCADO,PA_SETUP_MERCADO|RECHAZO_VENDEDOR_CONFIRMADO+RECHAZO_VENDEDOR_HISTORICO|INDEFINIDO+REACCIÓN_ZONA+ZONA_RECHAZO_CONFIRMADO|MERCADO_NORMAL+TENDENCIA_BAJISTA,1,0,1,0.0,0.0,MUESTRA_INSUFICIENTE,INSUFICIENTE,USDNOK-OTC,put,REACCIÓN_ZONA,TENDENCIA,BAJISTA_NORMAL,RECHAZO_VENDEDOR_CONFIRMADO+RECHAZO_VENDEDOR_HISTORICO,MERCADO_NORMAL+TENDENCIA_BAJISTA,,
FIRMA_EVIDENCIAS_EXACTA,FIRMA_EVIDENCIAS_EXACTA|BAJISTA_NORMAL+MERCADO_NORMAL+PUT+REACCIÓN_ZONA+RECHAZO_VENDEDOR_CONFIRMADO+RECHAZO_VENDEDOR_HISTORICO+TENDENCIA+TENDENCIA_BAJISTA,1,0,1,0.0,0.0,MUESTRA_INSUFICIENTE,INSUFICIENTE,USDNOK-OTC,put,REACCIÓN_ZONA,TENDENCIA,BAJISTA_NORMAL,RECHAZO_VENDEDOR_CONFIRMADO+RECHAZO_VENDEDOR_HISTORICO,MERCADO_NORMAL+TENDENCIA_BAJISTA,,
ACTIVO_DIRECCION,ACTIVO_DIRECCION|LUNA-OTC|CALL,1,0,1,0.0,0.0,MUESTRA_INSUFICIENTE,INSUFICIENTE,LUNA-OTC,call,REACCIÓN_ZONA,TENDENCIA,ALCISTA_NORMAL,IMPULSO_ALCISTA_FUERTE+RECHAZO_COMPRADOR_CONFIRMADO,MERCADO_NORMAL+TENDENCIA_ALCISTA,,
CLAVE_ESPECIFICA,CLAVE_ESPECIFICA|LUNA-OTC|CALL|REACCIÓN_ZONA|TENDENCIA|ALCISTA_NORMAL,1,0,1,0.0,0.0,MUESTRA_INSUFICIENTE,INSUFICIENTE,LUNA-OTC,call,REACCIÓN_ZONA,TENDENCIA,ALCISTA_NORMAL,IMPULSO_ALCISTA_FUERTE+RECHAZO_COMPRADOR_CONFIRMADO,MERCADO_NORMAL+TENDENCIA_ALCISTA,,
PA,PA|IMPULSO_ALCISTA_FUERTE,1,0,1,0.0,0.0,MUESTRA_INSUFICIENTE,INSUFICIENTE,LUNA-OTC,call,REACCIÓN_ZONA,TENDENCIA,ALCISTA_NORMAL,IMPULSO_ALCISTA_FUERTE+RECHAZO_COMPRADOR_CONFIRMADO,MERCADO_NORMAL+TENDENCIA_ALCISTA,,
PA_DIRECCION,PA_DIRECCION|IMPULSO_ALCISTA_FUERTE|CALL,1,0,1,0.0,0.0,MUESTRA_INSUFICIENTE,INSUFICIENTE,LUNA-OTC,call,REACCIÓN_ZONA,TENDENCIA,ALCISTA_NORMAL,IMPULSO_ALCISTA_FUERTE+RECHAZO_COMPRADOR_CONFIRMADO,MERCADO_NORMAL+TENDENCIA_ALCISTA,,
PA,PA|IMPULSO_ALCISTA_FUERTE+RECHAZO_COMPRADOR_CONFIRMADO,1,0,1,0.0,0.0,MUESTRA_INSUFICIENTE,INSUFICIENTE,LUNA-OTC,call,REACCIÓN_ZONA,TENDENCIA,ALCISTA_NORMAL,IMPULSO_ALCISTA_FUERTE+RECHAZO_COMPRADOR_CONFIRMADO,MERCADO_NORMAL+TENDENCIA_ALCISTA,,
PA_MERCADO,PA_MERCADO|IMPULSO_ALCISTA_FUERTE+RECHAZO_COMPRADOR_CONFIRMADO|MERCADO_NORMAL+TENDENCIA_ALCISTA,1,0,1,0.0,0.0,MUESTRA_INSUFICIENTE,INSUFICIENTE,LUNA-OTC,call,REACCIÓN_ZONA,TENDENCIA,ALCISTA_NORMAL,IMPULSO_ALCISTA_FUERTE+RECHAZO_COMPRADOR_CONFIRMADO,MERCADO_NORMAL+TENDENCIA_ALCISTA,,
PA_SETUP,PA_SETUP|IMPULSO_ALCISTA_FUERTE+RECHAZO_COMPRADOR_CONFIRMADO|INDEFINIDO+REACCIÓN_ZONA+ZONA_RECHAZO_CONFIRMADO,1,0,1,0.0,0.0,MUESTRA_INSUFICIENTE,INSUFICIENTE,LUNA-OTC,call,REACCIÓN_ZONA,TENDENCIA,ALCISTA_NORMAL,IMPULSO_ALCISTA_FUERTE+RECHAZO_COMPRADOR_CONFIRMADO,MERCADO_NORMAL+TENDENCIA_ALCISTA,,
PA_SETUP_MERCADO,PA_SETUP_MERCADO|IMPULSO_ALCISTA_FUERTE+RECHAZO_COMPRADOR_CONFIRMADO|INDEFINIDO+REACCIÓN_ZONA+ZONA_RECHAZO_CONFIRMADO|MERCADO_NORMAL+TENDENCIA_ALCISTA,1,0,1,0.0,0.0,MUESTRA_INSUFICIENTE,INSUFICIENTE,LUNA-OTC,call,REACCIÓN_ZONA,TENDENCIA,ALCISTA_NORMAL,IMPULSO_ALCISTA_FUERTE+RECHAZO_COMPRADOR_CONFIRMADO,MERCADO_NORMAL+TENDENCIA_ALCISTA,,
FIRMA_EVIDENCIAS_EXACTA,FIRMA_EVIDENCIAS_EXACTA|ALCISTA_NORMAL+CALL+IMPULSO_ALCISTA_FUERTE+MERCADO_NORMAL+REACCIÓN_ZONA+RECHAZO_COMPRADOR_CONFIRMADO+TENDENCIA+TENDENCIA_ALCISTA,1,0,1,0.0,0.0,MUESTRA_INSUFICIENTE,INSUFICIENTE,LUNA-OTC,call,REACCIÓN_ZONA,TENDENCIA,ALCISTA_NORMAL,IMPULSO_ALCISTA_FUERTE+RECHAZO_COMPRADOR_CONFIRMADO,MERCADO_NORMAL+TENDENCIA_ALCISTA,,
