nivel,clave,total,wins,losses,winrate,ajuste_confianza,decision_aprendizaje,confiabilidad_muestra,probabilidad_ajustada,intervalo_inferior,intervalo_superior,estabilidad_disponible,muestra_estabilidad,wr_inicio,wr_medio,wr_reciente,dispersion_temporal,cambio_inicio_reciente,bloques_mismo_lado_prior,persistencia_direccion,activo,direccion,familia_setup,tipo_mercado,estado_tendencia,firma_pa,firma_mercado,firma_estrategia,firma_evidencias_exacta
FAMILIA,FAMILIA|REVERSIÓN,182,94,88,51.65,0.0,NEUTRO,ALTA,51.41,44.54,58.29,True,182,42.62,55.74,56.67,14.05,14.05,2,0.667,LTCUSD-OTC,call,REVERSIÓN,TENDENCIA,BAJISTA_NORMAL,,,,
FAMILIA_MERCADO,FAMILIA_MERCADO|REVERSIÓN|TENDENCIA,181,94,87,51.93,0.0,NEUTRO,ALTA,51.67,44.78,58.56,True,181,44.26,55.0,56.67,12.41,12.41,2,0.667,LTCUSD-OTC,call,REVERSIÓN,TENDENCIA,BAJISTA_NORMAL,,,,
FAMILIA,FAMILIA|CONTINUACIÓN,154,72,82,46.75,-2.21,DEBIL,ALTA,47.04,39.65,54.44,True,154,42.31,50.98,47.06,8.67,4.75,2,0.667,COFFEE-OTC,call,CONTINUACIÓN,TENDENCIA,ALCISTA_NORMAL,,,,
FAMILIA_MERCADO,FAMILIA_MERCADO|CONTINUACIÓN|TENDENCIA,154,72,82,46.75,-2.21,DEBIL,ALTA,47.04,39.65,54.44,True,154,42.31,50.98,47.06,8.67,4.75,2,0.667,COFFEE-OTC,call,CONTINUACIÓN,TENDENCIA,ALCISTA_NORMAL,,,,
SETUP_EVIDENCIAS,SETUP_EVIDENCIAS|CONTINUACION+CONTINUACIÓN+PULLBACK_GENERICO,152,72,80,47.37,-2.1,DEBIL,ALTA,47.59,40.15,55.03,True,152,43.14,52.94,46.0,9.8,2.86,2,0.667,COFFEE-OTC,call,CONTINUACIÓN,TENDENCIA,ALCISTA_NORMAL,,,,
FAMILIA_DIRECCION,FAMILIA_DIRECCION|CONTINUACIÓN|PUT,125,61,64,48.8,0.0,NEUTRO,ALTA,48.86,40.75,56.97,True,125,42.86,57.14,46.34,14.28,3.48,2,0.667,LTCUSD-OTC,put,CONTINUACIÓN,TENDENCIA,BAJISTA_NORMAL,,,,
CONTEXTO_SETUP,CONTEXTO_SETUP|PUT|CONTINUACIÓN|CONTINUACION|PULLBACK_GENERICO|TENDENCIA,123,61,62,49.59,0.0,NEUTRO,ALTA,49.55,41.38,57.71,True,123,43.9,56.1,48.78,12.2,4.88,1,0.333,LTCUSD-OTC,put,CONTINUACIÓN,TENDENCIA,BAJISTA_NORMAL,,,,
FAMILIA_DIRECCION,FAMILIA_DIRECCION|REVERSIÓN|PUT,98,50,48,51.02,0.0,NEUTRO,ALTA,50.72,41.74,59.7,True,98,33.33,54.55,65.62,32.29,32.29,2,0.667,HK33-OTC,put,REVERSIÓN,RANGO,ALCISTA_NORMAL,,,,
CONTEXTO_TECNICO,CONTEXTO_TECNICO|PUT|CONTINUACIÓN|TENDENCIA|BAJISTA_NORMAL,89,45,44,50.56,0.0,NEUTRO,ALTA,50.32,40.98,59.66,True,89,43.33,60.0,48.28,16.67,4.95,1,0.333,LTCUSD-OTC,put,CONTINUACIÓN,TENDENCIA,BAJISTA_NORMAL,,,,
FAMILIA_TENDENCIA,FAMILIA_TENDENCIA|CONTINUACIÓN|BAJISTA_NORMAL,89,45,44,50.56,0.0,NEUTRO,ALTA,50.32,40.98,59.66,True,89,43.33,60.0,48.28,16.67,4.95,1,0.333,LTCUSD-OTC,put,CONTINUACIÓN,TENDENCIA,BAJISTA_NORMAL,,,,
FIRMA_EVIDENCIAS_EXACTA,FIRMA_EVIDENCIAS_EXACTA|BAJISTA_NORMAL+CONTINUACIÓN+PUT+TENDENCIA,89,45,44,50.56,0.0,NEUTRO,ALTA,50.32,40.98,59.66,True,89,43.33,60.0,48.28,16.67,4.95,1,0.333,LTCUSD-OTC,put,CONTINUACIÓN,TENDENCIA,BAJISTA_NORMAL,,,,
FAMILIA_TENDENCIA,FAMILIA_TENDENCIA|REVERSIÓN|ALCISTA_NORMAL,86,45,41,52.33,0.0,NEUTRO,ALTA,51.75,42.28,61.21,True,86,37.93,55.17,64.29,26.36,26.36,2,0.667,HK33-OTC,put,REVERSIÓN,RANGO,ALCISTA_NORMAL,,,,
FAMILIA_DIRECCION,FAMILIA_DIRECCION|REVERSIÓN|CALL,84,44,40,52.38,0.0,NEUTRO,ALTA,51.78,42.22,61.34,True,84,57.14,57.14,42.86,14.28,-14.28,2,0.667,LTCUSD-OTC,call,REVERSIÓN,TENDENCIA,BAJISTA_NORMAL,,,,
CONTEXTO_TECNICO,CONTEXTO_TECNICO|PUT|REVERSIÓN|TENDENCIA|ALCISTA_NORMAL,68,32,36,47.06,-2.1,DEBIL,ALTA,47.56,37.18,57.93,True,68,34.78,43.48,63.64,28.86,28.86,2,0.667,US2000-OTC,put,REVERSIÓN,TENDENCIA,ALCISTA_NORMAL,,,,
FIRMA_EVIDENCIAS_EXACTA,FIRMA_EVIDENCIAS_EXACTA|ALCISTA_NORMAL+PUT+REVERSIÓN+TENDENCIA,68,32,36,47.06,-2.1,DEBIL,ALTA,47.56,37.18,57.93,True,68,34.78,43.48,63.64,28.86,28.86,2,0.667,US2000-OTC,put,REVERSIÓN,TENDENCIA,ALCISTA_NORMAL,,,,
FAMILIA,FAMILIA|REVERSIÓN_ESTRUCTURAL,62,38,24,61.29,2.45,FAVORABLE,ALTA,58.35,47.75,68.96,True,62,61.9,66.67,55.0,11.67,-6.9,3,1.0,US2000-OTC,put,REVERSIÓN_ESTRUCTURAL,TENDENCIA,BAJISTA_DEBIL,,,,
FAMILIA_MERCADO,FAMILIA_MERCADO|REVERSIÓN_ESTRUCTURAL|TENDENCIA,61,38,23,62.3,2.61,FAVORABLE,ALTA,59.07,48.43,69.72,True,61,61.9,70.0,55.0,15.0,-6.9,3,1.0,US2000-OTC,put,REVERSIÓN_ESTRUCTURAL,TENDENCIA,BAJISTA_DEBIL,,,,
SETUP_EVIDENCIAS,SETUP_EVIDENCIAS|REVERSIÓN+SWEEP_BAJISTA+SWEEP_RUPTURA_CONFIRMABLE,58,32,26,55.17,0.0,NEUTRO,ALTA,53.65,42.66,64.65,True,58,45.0,57.89,63.16,18.16,18.16,2,0.667,HK33-OTC,put,REVERSIÓN,RANGO,ALCISTA_NORMAL,,,,
CONTEXTO_SETUP,CONTEXTO_SETUP|PUT|REVERSIÓN|SWEEP_BAJISTA|SWEEP_RUPTURA_CONFIRMABLE|TENDENCIA,57,32,25,56.14,0.0,NEUTRO,ALTA,54.35,43.3,65.4,True,57,47.37,57.89,63.16,15.79,15.79,2,0.667,USDMXN-OTC,put,REVERSIÓN,TENDENCIA,ALCISTA_NORMAL,,,,
FAMILIA_TENDENCIA,FAMILIA_TENDENCIA|REVERSIÓN|BAJISTA_NORMAL,52,24,28,46.15,-2.16,DEBIL,ALTA,47.01,35.56,58.46,True,52,66.67,35.29,35.29,31.38,-31.38,2,0.667,LTCUSD-OTC,call,REVERSIÓN,TENDENCIA,BAJISTA_NORMAL,,,,
FAMILIA,FAMILIA|REACCIÓN_ZONA,52,22,30,42.31,-2.76,DEBIL,ALTA,44.24,32.84,55.63,True,52,50.0,41.18,35.29,14.71,-14.71,2,0.667,US2000-OTC,put,REACCIÓN_ZONA,TENDENCIA,BAJISTA_NORMAL,,,,
FAMILIA_MERCADO,FAMILIA_MERCADO|REACCIÓN_ZONA|TENDENCIA,51,22,29,43.14,-2.62,DEBIL,ALTA,44.86,33.37,56.35,True,51,52.94,35.29,41.18,17.65,-11.76,2,0.667,US2000-OTC,put,REACCIÓN_ZONA,TENDENCIA,BAJISTA_NORMAL,,,,
FAMILIA_DIRECCION,FAMILIA_DIRECCION|REVERSIÓN_ESTRUCTURAL|PUT,48,27,21,56.25,0.0,NEUTRO,MEDIA,54.19,42.43,65.95,True,48,56.25,62.5,50.0,12.5,-6.25,3,1.0,US2000-OTC,put,REVERSIÓN_ESTRUCTURAL,TENDENCIA,BAJISTA_DEBIL,,,,
CONTEXTO_TECNICO,CONTEXTO_TECNICO|CALL|REVERSIÓN|TENDENCIA|BAJISTA_NORMAL,47,22,25,46.81,-2.01,DEBIL,MEDIA,47.54,35.67,59.41,True,47,68.75,37.5,33.33,35.42,-35.42,2,0.667,LTCUSD-OTC,call,REVERSIÓN,TENDENCIA,BAJISTA_NORMAL,,,,
FIRMA_EVIDENCIAS_EXACTA,FIRMA_EVIDENCIAS_EXACTA|BAJISTA_NORMAL+CALL+REVERSIÓN+TENDENCIA,47,22,25,46.81,-2.01,DEBIL,MEDIA,47.54,35.67,59.41,True,47,68.75,37.5,33.33,35.42,-35.42,2,0.667,LTCUSD-OTC,call,REVERSIÓN,TENDENCIA,BAJISTA_NORMAL,,,,
SETUP_EVIDENCIAS,SETUP_EVIDENCIAS|CHOCH_BAJISTA+CHOCH_CON_PA_A_FAVOR+REVERSIÓN_ESTRUCTURAL,44,26,18,59.09,1.97,FAVORABLE,MEDIA,56.02,43.95,68.08,True,44,53.33,66.67,57.14,13.34,3.81,3,1.0,US2000-OTC,put,REVERSIÓN_ESTRUCTURAL,TENDENCIA,BAJISTA_DEBIL,,,,
CONTEXTO_SETUP,CONTEXTO_SETUP|PUT|REVERSIÓN_ESTRUCTURAL|CHOCH_BAJISTA|CHOCH_CON_PA_A_FAVOR|TENDENCIA,43,26,17,60.47,2.16,FAVORABLE,MEDIA,56.9,44.77,69.04,True,43,53.33,71.43,57.14,18.1,3.81,3,1.0,US2000-OTC,put,REVERSIÓN_ESTRUCTURAL,TENDENCIA,BAJISTA_DEBIL,,,,
CONTEXTO_SETUP,CONTEXTO_SETUP|CALL|REVERSIÓN|SWEEP_ALCISTA|SWEEP_RUPTURA_CONFIRMABLE|TENDENCIA,37,18,19,48.65,0.0,NEUTRO,MEDIA,48.86,35.99,61.72,True,37,53.85,50.0,41.67,12.18,-12.18,1,0.333,US2000-OTC,call,REVERSIÓN,TENDENCIA,BAJISTA_DEBIL,,,,
SETUP_EVIDENCIAS,SETUP_EVIDENCIAS|REVERSIÓN+SWEEP_ALCISTA+SWEEP_RUPTURA_CONFIRMABLE,37,18,19,48.65,0.0,NEUTRO,MEDIA,48.86,35.99,61.72,True,37,53.85,50.0,41.67,12.18,-12.18,1,0.333,US2000-OTC,call,REVERSIÓN,TENDENCIA,BAJISTA_DEBIL,,,,
FAMILIA_TENDENCIA,FAMILIA_TENDENCIA|REVERSIÓN_ESTRUCTURAL|BAJISTA_NORMAL,35,18,17,51.43,0.0,NEUTRO,MEDIA,50.64,37.54,63.73,True,35,50.0,58.33,45.45,12.88,-4.55,2,0.667,NZDCHF-OTC,put,REVERSIÓN_ESTRUCTURAL,TENDENCIA,BAJISTA_NORMAL,,,,
ACTIVO_DIRECCION,ACTIVO_DIRECCION|US2000-OTC|PUT,35,16,19,45.71,-2.0,DEBIL,MEDIA,47.0,33.93,60.07,True,35,50.0,25.0,63.64,38.64,13.64,1,0.333,US2000-OTC,put,CONTINUACIÓN,TENDENCIA,BAJISTA_NORMAL,,,,
ACTIVO_DIRECCION,ACTIVO_DIRECCION|USDMXN-OTC|PUT,34,19,15,55.88,0.0,NEUTRO,MEDIA,53.43,40.24,66.61,True,34,50.0,45.45,72.73,27.28,22.73,2,0.667,USDMXN-OTC,put,REVERSIÓN,TENDENCIA,ALCISTA_NORMAL,,,,
CONTEXTO_TECNICO,CONTEXTO_TECNICO|PUT|REVERSIÓN_ESTRUCTURAL|TENDENCIA|BAJISTA_NORMAL,34,18,16,52.94,0.0,NEUTRO,MEDIA,51.57,38.37,64.78,True,34,50.0,63.64,45.45,18.19,-4.55,2,0.667,NZDCHF-OTC,put,REVERSIÓN_ESTRUCTURAL,TENDENCIA,BAJISTA_NORMAL,,,,
FIRMA_EVIDENCIAS_EXACTA,FIRMA_EVIDENCIAS_EXACTA|BAJISTA_NORMAL+PUT+REVERSIÓN_ESTRUCTURAL+TENDENCIA,34,18,16,52.94,0.0,NEUTRO,MEDIA,51.57,38.37,64.78,True,34,50.0,63.64,45.45,18.19,-4.55,2,0.667,NZDCHF-OTC,put,REVERSIÓN_ESTRUCTURAL,TENDENCIA,BAJISTA_NORMAL,,,,
FAMILIA_DIRECCION,FAMILIA_DIRECCION|REACCIÓN_ZONA|PUT,34,10,24,29.41,-4.17,DEBIL,MEDIA,36.76,24.02,49.5,True,34,41.67,27.27,18.18,23.49,-23.49,3,1.0,US2000-OTC,put,REACCIÓN_ZONA,TENDENCIA,BAJISTA_NORMAL,,,,
ACTIVO_DIRECCION,ACTIVO_DIRECCION|AIG-OTC|PUT,31,14,17,45.16,-1.99,DEBIL,MEDIA,46.76,33.2,60.33,True,31,36.36,60.0,40.0,23.64,3.64,2,0.667,AIG-OTC,put,CONTINUACIÓN,TENDENCIA,BAJISTA_NORMAL,,,,
CONTEXTO_SETUP,CONTEXTO_SETUP|CALL|CONTINUACIÓN|CONTINUACION|PULLBACK_GENERICO|TENDENCIA,29,11,18,37.93,-2.88,DEBIL,MEDIA,42.55,28.85,56.26,True,29,40.0,40.0,33.33,6.67,-6.67,3,1.0,COFFEE-OTC,call,CONTINUACIÓN,TENDENCIA,ALCISTA_NORMAL,,,,
FAMILIA_DIRECCION,FAMILIA_DIRECCION|CONTINUACIÓN|CALL,29,11,18,37.93,-2.88,DEBIL,MEDIA,42.55,28.85,56.26,True,29,40.0,40.0,33.33,6.67,-6.67,3,1.0,COFFEE-OTC,call,CONTINUACIÓN,TENDENCIA,ALCISTA_NORMAL,,,,
ACTIVO_DIRECCION,ACTIVO_DIRECCION|USDTHB-OTC|PUT,27,10,17,37.04,-2.9,DEBIL,MEDIA,42.23,28.26,56.21,True,27,33.33,44.44,33.33,11.11,0.0,3,1.0,USDTHB-OTC,put,CONTINUACIÓN,TENDENCIA,BAJISTA_NORMAL,,,,
ACTIVO_DIRECCION,ACTIVO_DIRECCION|HK33-OTC|PUT,26,15,11,57.69,0.0,NEUTRO,MEDIA,54.02,39.77,68.27,True,26,22.22,77.78,75.0,55.56,52.78,2,0.667,HK33-OTC,put,REVERSIÓN,RANGO,ALCISTA_NORMAL,,,,
ACTIVO_DIRECCION,ACTIVO_DIRECCION|COFFEE-OTC|PUT,26,14,12,53.85,0.0,NEUTRO,MEDIA,51.85,37.56,66.13,True,26,33.33,77.78,50.0,44.45,16.67,2,0.667,COFFEE-OTC,put,CONTINUACIÓN,TENDENCIA,BAJISTA_FUERTE,,,,
CONTEXTO_TECNICO,CONTEXTO_TECNICO|CALL|CONTINUACIÓN|TENDENCIA|ALCISTA_NORMAL,25,8,17,32.0,-3.41,DEBIL,MEDIA,39.67,25.53,53.8,True,25,44.44,25.0,25.0,19.44,-19.44,3,1.0,COFFEE-OTC,call,CONTINUACIÓN,TENDENCIA,ALCISTA_NORMAL,,,,
FAMILIA_TENDENCIA,FAMILIA_TENDENCIA|CONTINUACIÓN|ALCISTA_NORMAL,25,8,17,32.0,-3.41,DEBIL,MEDIA,39.67,25.53,53.8,True,25,44.44,25.0,25.0,19.44,-19.44,3,1.0,COFFEE-OTC,call,CONTINUACIÓN,TENDENCIA,ALCISTA_NORMAL,,,,
FIRMA_EVIDENCIAS_EXACTA,FIRMA_EVIDENCIAS_EXACTA|ALCISTA_NORMAL+CALL+CONTINUACIÓN+TENDENCIA,25,8,17,32.0,-3.41,DEBIL,MEDIA,39.67,25.53,53.8,True,25,44.44,25.0,25.0,19.44,-19.44,3,1.0,COFFEE-OTC,call,CONTINUACIÓN,TENDENCIA,ALCISTA_NORMAL,,,,
ACTIVO_DIRECCION,ACTIVO_DIRECCION|NZDCHF-OTC|PUT,24,15,9,62.5,1.97,FAVORABLE,MEDIA,56.48,41.99,70.96,True,24,50.0,50.0,87.5,37.5,37.5,3,1.0,NZDCHF-OTC,put,CONTINUACIÓN,TENDENCIA,BAJISTA_NORMAL,,,,
CONTEXTO_SETUP,CONTEXTO_SETUP|CALL|REVERSIÓN|SWEEP_ALCISTA|SWEEP_SIMPLE|TENDENCIA,24,12,12,50.0,0.0,NEUTRO,MEDIA,49.66,35.05,64.27,True,24,50.0,62.5,37.5,25.0,-12.5,2,0.667,NZDJPY-OTC,call,REVERSIÓN,TENDENCIA,BAJISTA_FUERTE,,,,
SETUP_EVIDENCIAS,SETUP_EVIDENCIAS|REVERSIÓN+SWEEP_ALCISTA+SWEEP_SIMPLE,24,12,12,50.0,0.0,NEUTRO,MEDIA,49.66,35.05,64.27,True,24,50.0,62.5,37.5,25.0,-12.5,2,0.667,NZDJPY-OTC,call,REVERSIÓN,TENDENCIA,BAJISTA_FUERTE,,,,
ACTIVO_DIRECCION,ACTIVO_DIRECCION|EURCAD-OTC|PUT,24,12,12,50.0,0.0,NEUTRO,MEDIA,49.66,35.05,64.27,True,24,25.0,75.0,50.0,50.0,25.0,2,0.667,EURCAD-OTC,put,REACCIÓN_ZONA,TENDENCIA,BAJISTA_FUERTE,,,,
ACTIVO_DIRECCION,ACTIVO_DIRECCION|USDSGD-OTC|PUT,24,10,14,41.67,-2.19,DEBIL,MEDIA,45.11,30.57,59.65,True,24,37.5,25.0,62.5,37.5,25.0,2,0.667,USDSGD-OTC,put,REVERSIÓN,TENDENCIA,ALCISTA_NORMAL,,,,
ACTIVO_FAMILIA,ACTIVO_FAMILIA|AIG-OTC|REVERSIÓN,23,12,11,52.17,0.0,NEUTRO,MEDIA,50.81,36.04,65.59,True,23,50.0,62.5,42.86,19.64,-7.14,2,0.667,AIG-OTC,call,REVERSIÓN,TENDENCIA,BAJISTA_NORMAL,,,,
ACTIVO_FAMILIA,ACTIVO_FAMILIA|USDMXN-OTC|REVERSIÓN,21,12,9,57.14,0.0,NEUTRO,MEDIA,53.29,38.2,68.38,True,21,42.86,42.86,85.71,42.85,42.85,1,0.333,USDMXN-OTC,put,REVERSIÓN,TENDENCIA,ALCISTA_NORMAL,,,,
FAMILIA_TENDENCIA,FAMILIA_TENDENCIA|REACCIÓN_ZONA|ALCISTA_NORMAL,21,12,9,57.14,0.0,NEUTRO,MEDIA,53.29,38.2,68.38,True,21,71.43,28.57,71.43,42.86,0.0,2,0.667,LTCUSD-OTC,call,REACCIÓN_ZONA,TENDENCIA,ALCISTA_NORMAL,,,,
ACTIVO_DIRECCION,ACTIVO_DIRECCION|LTCUSD-OTC|PUT,21,8,13,38.1,-2.44,DEBIL,MEDIA,43.54,28.54,58.53,True,21,28.57,57.14,28.57,28.57,0.0,2,0.667,LTCUSD-OTC,put,CONTINUACIÓN,TENDENCIA,BAJISTA_NORMAL,,,,
ACTIVO_DIRECCION,ACTIVO_DIRECCION|NZDJPY-OTC|CALL,20,11,9,55.0,0.0,NEUTRO,MEDIA,52.12,36.83,67.42,True,20,71.43,57.14,33.33,38.1,-38.1,2,0.667,NZDJPY-OTC,call,REVERSIÓN,TENDENCIA,BAJISTA_FUERTE,,,,
CONTEXTO_SETUP,CONTEXTO_SETUP|PUT|REVERSIÓN|SWEEP_BAJISTA|SWEEP_SIMPLE|TENDENCIA,20,6,14,30.0,-3.25,DEBIL,MEDIA,39.62,24.65,54.6,True,20,14.29,28.57,50.0,35.71,35.71,2,0.667,US2000-OTC,put,REVERSIÓN,TENDENCIA,ALCISTA_NORMAL,,,,
SETUP_EVIDENCIAS,SETUP_EVIDENCIAS|REVERSIÓN+SWEEP_BAJISTA+SWEEP_SIMPLE,20,6,14,30.0,-3.25,DEBIL,MEDIA,39.62,24.65,54.6,True,20,14.29,28.57,50.0,35.71,35.71,2,0.667,US2000-OTC,put,REVERSIÓN,TENDENCIA,ALCISTA_NORMAL,,,,
ACTIVO_FAMILIA,ACTIVO_FAMILIA|US2000-OTC|REVERSIÓN,19,10,9,52.63,0.0,NEUTRO,BAJA,50.9,35.4,66.39,True,19,42.86,33.33,83.33,50.0,40.47,1,0.333,US2000-OTC,put,REVERSIÓN,TENDENCIA,ALCISTA_NORMAL,,,,
CONTEXTO_TECNICO,CONTEXTO_TECNICO|PUT|CONTINUACIÓN|TENDENCIA|BAJISTA_FUERTE,19,8,11,42.11,-1.88,DEBIL,BAJA,45.77,30.33,61.21,True,19,28.57,66.67,33.33,38.1,4.76,2,0.667,COFFEE-OTC,put,CONTINUACIÓN,TENDENCIA,BAJISTA_FUERTE,,,,
FAMILIA_TENDENCIA,FAMILIA_TENDENCIA|CONTINUACIÓN|BAJISTA_FUERTE,19,8,11,42.11,-1.88,DEBIL,BAJA,45.77,30.33,61.21,True,19,28.57,66.67,33.33,38.1,4.76,2,0.667,COFFEE-OTC,put,CONTINUACIÓN,TENDENCIA,BAJISTA_FUERTE,,,,
FIRMA_EVIDENCIAS_EXACTA,FIRMA_EVIDENCIAS_EXACTA|BAJISTA_FUERTE+CONTINUACIÓN+PUT+TENDENCIA,19,8,11,42.11,-1.88,DEBIL,BAJA,45.77,30.33,61.21,True,19,28.57,66.67,33.33,38.1,4.76,2,0.667,COFFEE-OTC,put,CONTINUACIÓN,TENDENCIA,BAJISTA_FUERTE,,,,
FAMILIA_DIRECCION,FAMILIA_DIRECCION|REACCIÓN_ZONA|CALL,18,12,6,66.67,2.11,FAVORABLE,BAJA,57.5,41.98,73.02,True,18,66.67,50.0,83.33,33.33,16.66,3,1.0,LTCUSD-OTC,call,REACCIÓN_ZONA,TENDENCIA,ALCISTA_NORMAL,,,,
ACTIVO_DIRECCION,ACTIVO_DIRECCION|AIG-OTC|CALL,18,12,6,66.67,2.11,FAVORABLE,BAJA,57.5,41.98,73.02,True,18,66.67,83.33,50.0,33.33,-16.67,3,1.0,AIG-OTC,call,REVERSIÓN,TENDENCIA,BAJISTA_NORMAL,,,,
CONTEXTO_TECNICO,CONTEXTO_TECNICO|CALL|REVERSIÓN|TENDENCIA|ALCISTA_NORMAL,17,13,4,76.47,2.96,FAVORABLE,BAJA,61.76,46.3,77.21,True,17,66.67,83.33,80.0,16.66,13.33,3,1.0,NZDJPY-OTC,call,REVERSIÓN,TENDENCIA,ALCISTA_NORMAL,,,,
FIRMA_EVIDENCIAS_EXACTA,FIRMA_EVIDENCIAS_EXACTA|ALCISTA_NORMAL+CALL+REVERSIÓN+TENDENCIA,17,13,4,76.47,2.96,FAVORABLE,BAJA,61.76,46.3,77.21,True,17,66.67,83.33,80.0,16.66,13.33,3,1.0,NZDJPY-OTC,call,REVERSIÓN,TENDENCIA,ALCISTA_NORMAL,,,,
ACTIVO_FAMILIA,ACTIVO_FAMILIA|EURCAD-OTC|REVERSIÓN,17,11,6,64.71,1.84,FAVORABLE,BAJA,56.35,40.58,72.12,True,17,50.0,83.33,60.0,33.33,10.0,3,1.0,EURCAD-OTC,call,REVERSIÓN,TENDENCIA,BAJISTA_NORMAL,,,,
ACTIVO_FAMILIA,ACTIVO_FAMILIA|USDMXN-OTC|CONTINUACIÓN,17,10,7,58.82,1.26,FAVORABLE,BAJA,53.65,37.79,69.5,True,17,50.0,66.67,60.0,16.67,10.0,3,1.0,USDMXN-OTC,put,CONTINUACIÓN,TENDENCIA,BAJISTA_NORMAL,,,,
ACTIVO_DIRECCION,ACTIVO_DIRECCION|COFFEE-OTC|CALL,17,8,9,47.06,-1.28,DEBIL,BAJA,48.24,32.36,64.13,True,17,66.67,66.67,0.0,66.67,-66.67,1,0.333,COFFEE-OTC,call,CONTINUACIÓN,TENDENCIA,ALCISTA_NORMAL,,,,
ACTIVO_DIRECCION,ACTIVO_DIRECCION|NZDJPY-OTC|PUT,17,5,12,29.41,-2.96,DEBIL,BAJA,40.14,24.55,55.72,True,17,16.67,50.0,20.0,33.33,3.33,2,0.667,NZDJPY-OTC,put,CONTINUACIÓN,TENDENCIA,BAJISTA_NORMAL,,,,
ACTIVO_FAMILIA,ACTIVO_FAMILIA|US2000-OTC|CONTINUACIÓN,17,4,13,23.53,-2.96,DEBIL,BAJA,37.43,22.05,52.82,True,17,33.33,16.67,20.0,16.66,-13.33,3,1.0,US2000-OTC,put,CONTINUACIÓN,TENDENCIA,BAJISTA_NORMAL,,,,
FAMILIA_TENDENCIA,FAMILIA_TENDENCIA|REACCIÓN_ZONA|BAJISTA_NORMAL,17,4,13,23.53,-2.96,DEBIL,BAJA,37.43,22.05,52.82,True,17,33.33,16.67,20.0,16.66,-13.33,3,1.0,US2000-OTC,put,REACCIÓN_ZONA,TENDENCIA,BAJISTA_NORMAL,,,,
ACTIVO_FAMILIA,ACTIVO_FAMILIA|COFFEE-OTC|REVERSIÓN,16,10,6,62.5,1.57,FAVORABLE,BAJA,55.14,39.11,71.16,True,16,50.0,80.0,60.0,30.0,10.0,3,1.0,COFFEE-OTC,put,REVERSIÓN,TENDENCIA,ALCISTA_NORMAL,,,,
ACTIVO_DIRECCION,ACTIVO_DIRECCION|MANAUSD-OTC|PUT,16,10,6,62.5,1.57,FAVORABLE,BAJA,55.14,39.11,71.16,True,16,83.33,60.0,40.0,43.33,-43.33,2,0.667,MANAUSD-OTC,put,CONTINUACIÓN,TENDENCIA,BAJISTA_NORMAL,,,,
ACTIVO_FAMILIA,ACTIVO_FAMILIA|HK33-OTC|CONTINUACIÓN,16,8,8,50.0,0.0,NEUTRO,BAJA,49.58,33.47,65.69,True,16,50.0,60.0,40.0,20.0,-10.0,2,0.667,HK33-OTC,call,CONTINUACIÓN,TENDENCIA,ALCISTA_NORMAL,,,,
ACTIVO_FAMILIA,ACTIVO_FAMILIA|LTCUSD-OTC|REVERSIÓN,16,7,9,43.75,-1.54,DEBIL,BAJA,46.81,30.73,62.88,True,16,50.0,60.0,20.0,40.0,-30.0,1,0.333,LTCUSD-OTC,call,REVERSIÓN,TENDENCIA,BAJISTA_NORMAL,,,,
CONTEXTO_TECNICO,CONTEXTO_TECNICO|PUT|REACCIÓN_ZONA|TENDENCIA|BAJISTA_NORMAL,16,4,12,25.0,-2.85,DEBIL,BAJA,38.47,22.8,54.15,True,16,33.33,20.0,20.0,13.33,-13.33,3,1.0,US2000-OTC,put,REACCIÓN_ZONA,TENDENCIA,BAJISTA_NORMAL,,,,
FIRMA_EVIDENCIAS_EXACTA,FIRMA_EVIDENCIAS_EXACTA|BAJISTA_NORMAL+PUT+REACCIÓN_ZONA+TENDENCIA,16,4,12,25.0,-2.85,DEBIL,BAJA,38.47,22.8,54.15,True,16,33.33,20.0,20.0,13.33,-13.33,3,1.0,US2000-OTC,put,REACCIÓN_ZONA,TENDENCIA,BAJISTA_NORMAL,,,,
CONTEXTO_TECNICO,CONTEXTO_TECNICO|PUT|REVERSIÓN|TENDENCIA|ALCISTA_FUERTE,15,10,5,66.67,1.88,FAVORABLE,BAJA,56.71,40.53,72.9,True,15,60.0,80.0,60.0,20.0,0.0,3,1.0,USDMXN-OTC,put,REVERSIÓN,TENDENCIA,ALCISTA_FUERTE,,,,
FAMILIA_TENDENCIA,FAMILIA_TENDENCIA|REVERSIÓN|ALCISTA_FUERTE,15,10,5,66.67,1.88,FAVORABLE,BAJA,56.71,40.53,72.9,True,15,60.0,80.0,60.0,20.0,0.0,3,1.0,USDMXN-OTC,put,REVERSIÓN,TENDENCIA,ALCISTA_FUERTE,,,,
FIRMA_EVIDENCIAS_EXACTA,FIRMA_EVIDENCIAS_EXACTA|ALCISTA_FUERTE+PUT+REVERSIÓN+TENDENCIA,15,10,5,66.67,1.88,FAVORABLE,BAJA,56.71,40.53,72.9,True,15,60.0,80.0,60.0,20.0,0.0,3,1.0,USDMXN-OTC,put,REVERSIÓN,TENDENCIA,ALCISTA_FUERTE,,,,
ACTIVO_DIRECCION,ACTIVO_DIRECCION|USDMXN-OTC|CALL,15,8,7,53.33,0.0,NEUTRO,BAJA,51.0,34.67,67.33,True,15,40.0,60.0,60.0,20.0,20.0,2,0.667,USDMXN-OTC,call,REVERSIÓN,TENDENCIA,BAJISTA_NORMAL,,,,
CONTEXTO_TECNICO,CONTEXTO_TECNICO|PUT|CONTINUACIÓN|TENDENCIA|BAJISTA_DEBIL,15,8,7,53.33,0.0,NEUTRO,BAJA,51.0,34.67,67.33,True,15,60.0,60.0,40.0,20.0,-20.0,2,0.667,US2000-OTC,put,CONTINUACIÓN,TENDENCIA,BAJISTA_DEBIL,,,,
FAMILIA_TENDENCIA,FAMILIA_TENDENCIA|CONTINUACIÓN|BAJISTA_DEBIL,15,8,7,53.33,0.0,NEUTRO,BAJA,51.0,34.67,67.33,True,15,60.0,60.0,40.0,20.0,-20.0,2,0.667,US2000-OTC,put,CONTINUACIÓN,TENDENCIA,BAJISTA_DEBIL,,,,
FIRMA_EVIDENCIAS_EXACTA,FIRMA_EVIDENCIAS_EXACTA|BAJISTA_DEBIL+CONTINUACIÓN+PUT+TENDENCIA,15,8,7,53.33,0.0,NEUTRO,BAJA,51.0,34.67,67.33,True,15,60.0,60.0,40.0,20.0,-20.0,2,0.667,US2000-OTC,put,CONTINUACIÓN,TENDENCIA,BAJISTA_DEBIL,,,,
ACTIVO_FAMILIA,ACTIVO_FAMILIA|AIG-OTC|CONTINUACIÓN,15,7,8,46.67,-1.21,DEBIL,BAJA,48.14,31.82,64.46,True,15,60.0,40.0,40.0,20.0,-20.0,2,0.667,AIG-OTC,put,CONTINUACIÓN,TENDENCIA,BAJISTA_NORMAL,,,,
ACTIVO_FAMILIA,ACTIVO_FAMILIA|NZDJPY-OTC|REVERSIÓN,15,6,9,40.0,-1.82,DEBIL,BAJA,45.29,29.03,61.55,True,15,60.0,60.0,0.0,60.0,-60.0,1,0.333,NZDJPY-OTC,call,REVERSIÓN,TENDENCIA,BAJISTA_FUERTE,,,,
CONTEXTO_SETUP,CONTEXTO_SETUP|CALL|REVERSIÓN_ESTRUCTURAL|CHOCH_ALCISTA|CHOCH_CON_PA_A_FAVOR|TENDENCIA,14,11,3,78.57,2.61,FAVORABLE,BAJA,61.32,45.19,77.46,False,14,,,,,,0,,COFFEE-OTC,call,REVERSIÓN_ESTRUCTURAL,TENDENCIA,ALCISTA_NORMAL,,,,
FAMILIA_DIRECCION,FAMILIA_DIRECCION|REVERSIÓN_ESTRUCTURAL|CALL,14,11,3,78.57,2.61,FAVORABLE,BAJA,61.32,45.19,77.46,False,14,,,,,,0,,COFFEE-OTC,call,REVERSIÓN_ESTRUCTURAL,TENDENCIA,ALCISTA_NORMAL,,,,
SETUP_EVIDENCIAS,SETUP_EVIDENCIAS|CHOCH_ALCISTA+CHOCH_CON_PA_A_FAVOR+REVERSIÓN_ESTRUCTURAL,14,11,3,78.57,2.61,FAVORABLE,BAJA,61.32,45.19,77.46,False,14,,,,,,0,,COFFEE-OTC,call,REVERSIÓN_ESTRUCTURAL,TENDENCIA,ALCISTA_NORMAL,,,,
SETUP_EVIDENCIAS,SETUP_EVIDENCIAS|INDEFINIDO+REACCIÓN_ZONA+ZONA_RECHAZO_CONFIRMADO,14,9,5,64.29,1.59,FAVORABLE,BAJA,55.44,38.97,71.91,False,14,,,,,,0,,HK33-OTC,put,REACCIÓN_ZONA,TENDENCIA,ALCISTA_NORMAL,,,,
ACTIVO_DIRECCION,ACTIVO_DIRECCION|HK33-OTC|CALL,14,7,7,50.0,0.0,NEUTRO,BAJA,49.56,32.99,66.12,False,14,,,,,,0,,HK33-OTC,call,CONTINUACIÓN,TENDENCIA,ALCISTA_NORMAL,,,,
ACTIVO_FAMILIA,ACTIVO_FAMILIA|EURCAD-OTC|CONTINUACIÓN,14,6,8,42.86,-1.49,DEBIL,BAJA,46.62,30.09,63.14,False,14,,,,,,0,,EURCAD-OTC,put,CONTINUACIÓN,TENDENCIA,BAJISTA_FUERTE,,,,
ACTIVO_FAMILIA,ACTIVO_FAMILIA|NZDJPY-OTC|CONTINUACIÓN,14,5,9,35.71,-2.11,DEBIL,BAJA,43.68,27.24,60.11,False,14,,,,,,0,,NZDJPY-OTC,put,CONTINUACIÓN,TENDENCIA,BAJISTA_NORMAL,,,,
ACTIVO_FAMILIA,ACTIVO_FAMILIA|USDTHB-OTC|CONTINUACIÓN,13,8,5,61.54,1.28,FAVORABLE,BAJA,54.09,37.34,70.84,False,13,,,,,,0,,USDTHB-OTC,put,CONTINUACIÓN,TENDENCIA,BAJISTA_NORMAL,,,,
CONTEXTO_TECNICO,CONTEXTO_TECNICO|CALL|REACCIÓN_ZONA|TENDENCIA|ALCISTA_NORMAL,13,8,5,61.54,1.28,FAVORABLE,BAJA,54.09,37.34,70.84,False,13,,,,,,0,,LTCUSD-OTC,call,REACCIÓN_ZONA,TENDENCIA,ALCISTA_NORMAL,,,,
FIRMA_EVIDENCIAS_EXACTA,FIRMA_EVIDENCIAS_EXACTA|ALCISTA_NORMAL+CALL+REACCIÓN_ZONA+TENDENCIA,13,8,5,61.54,1.28,FAVORABLE,BAJA,54.09,37.34,70.84,False,13,,,,,,0,,LTCUSD-OTC,call,REACCIÓN_ZONA,TENDENCIA,ALCISTA_NORMAL,,,,
ACTIVO_FAMILIA,ACTIVO_FAMILIA|USDTHB-OTC|REVERSIÓN,13,2,11,15.38,-2.48,DEBIL,BAJA,35.91,19.78,52.03,False,13,,,,,,0,,USDTHB-OTC,put,REVERSIÓN,TENDENCIA,ALCISTA_NORMAL,,,,
ACTIVO_FAMILIA,ACTIVO_FAMILIA|HK33-OTC|REVERSIÓN,12,9,3,75.0,2.26,FAVORABLE,BAJA,58.91,42.12,75.69,False,12,,,,,,0,,HK33-OTC,put,REVERSIÓN,RANGO,ALCISTA_NORMAL,,,,
ACTIVO_DIRECCION,ACTIVO_DIRECCION|EURCAD-OTC|CALL,12,7,5,58.33,0.96,FAVORABLE,BAJA,52.66,35.62,69.69,False,12,,,,,,0,,EURCAD-OTC,call,REVERSIÓN,TENDENCIA,BAJISTA_NORMAL,,,,
CONTEXTO_TECNICO,CONTEXTO_TECNICO|CALL|REVERSIÓN_ESTRUCTURAL|TENDENCIA|ALCISTA_NORMAL,11,8,3,72.73,1.96,FAVORABLE,MUY_BAJA,57.58,40.46,74.7,False,11,,,,,,0,,COFFEE-OTC,call,REVERSIÓN_ESTRUCTURAL,TENDENCIA,ALCISTA_NORMAL,,,,
FAMILIA_TENDENCIA,FAMILIA_TENDENCIA|REVERSIÓN_ESTRUCTURAL|ALCISTA_NORMAL,11,8,3,72.73,1.96,FAVORABLE,MUY_BAJA,57.58,40.46,74.7,False,11,,,,,,0,,COFFEE-OTC,call,REVERSIÓN_ESTRUCTURAL,TENDENCIA,ALCISTA_NORMAL,,,,
FIRMA_EVIDENCIAS_EXACTA,FIRMA_EVIDENCIAS_EXACTA|ALCISTA_NORMAL+CALL+REVERSIÓN_ESTRUCTURAL+TENDENCIA,11,8,3,72.73,1.96,FAVORABLE,MUY_BAJA,57.58,40.46,74.7,False,11,,,,,,0,,COFFEE-OTC,call,REVERSIÓN_ESTRUCTURAL,TENDENCIA,ALCISTA_NORMAL,,,,
ACTIVO_DIRECCION,ACTIVO_DIRECCION|USDSGD-OTC|CALL,11,7,4,63.64,1.29,FAVORABLE,MUY_BAJA,54.35,37.1,71.61,False,11,,,,,,0,,USDSGD-OTC,call,REVERSIÓN,TENDENCIA,ALCISTA_DEBIL,,,,
ACTIVO_FAMILIA,ACTIVO_FAMILIA|COFFEE-OTC|CONTINUACIÓN,11,5,6,45.45,-1.07,DEBIL,MUY_BAJA,47.9,30.59,65.21,False,11,,,,,,0,,COFFEE-OTC,call,CONTINUACIÓN,TENDENCIA,ALCISTA_NORMAL,,,,
ACTIVO_FAMILIA,ACTIVO_FAMILIA|NZDCHF-OTC|CONTINUACIÓN,11,4,7,36.36,-1.73,DEBIL,MUY_BAJA,44.68,27.45,61.9,False,11,,,,,,0,,NZDCHF-OTC,put,CONTINUACIÓN,TENDENCIA,BAJISTA_NORMAL,,,,
ACTIVO_FAMILIA,ACTIVO_FAMILIA|USDSGD-OTC|REVERSIÓN,11,3,8,27.27,-2.2,DEBIL,MUY_BAJA,41.45,24.38,58.52,False,11,,,,,,0,,USDSGD-OTC,put,REVERSIÓN,TENDENCIA,ALCISTA_NORMAL,,,,
SETUP_EVIDENCIAS,SETUP_EVIDENCIAS|CONTINUACION+REACCIÓN_ZONA+ZONA_GENERICA,11,1,10,9.09,-2.2,DEBIL,MUY_BAJA,35.0,18.47,51.53,False,11,,,,,,0,,COFFEE-OTC,call,REACCIÓN_ZONA,TENDENCIA,ALCISTA_NORMAL,,,,
ACTIVO_FAMILIA,ACTIVO_FAMILIA|NZDCHF-OTC|REVERSIÓN,10,7,3,70.0,1.64,FAVORABLE,MUY_BAJA,56.17,38.7,73.63,False,10,,,,,,0,,NZDCHF-OTC,call,REVERSIÓN,TENDENCIA,BAJISTA_NORMAL,,,,
ACTIVO_FAMILIA,ACTIVO_FAMILIA|USDSGD-OTC|REVERSIÓN_ESTRUCTURAL,10,7,3,70.0,1.64,FAVORABLE,MUY_BAJA,56.17,38.7,73.63,False,10,,,,,,0,,USDSGD-OTC,put,REVERSIÓN_ESTRUCTURAL,TENDENCIA,BAJISTA_NORMAL,,,,
FAMILIA_TENDENCIA,FAMILIA_TENDENCIA|REVERSIÓN|ALCISTA_DEBIL,10,7,3,70.0,1.64,FAVORABLE,MUY_BAJA,56.17,38.7,73.63,False,10,,,,,,0,,USDSGD-OTC,call,REVERSIÓN,TENDENCIA,ALCISTA_DEBIL,,,,
ACTIVO_FAMILIA,ACTIVO_FAMILIA|USDSGD-OTC|CONTINUACIÓN,10,5,5,50.0,0.0,NEUTRO,MUY_BAJA,49.5,31.9,67.1,False,10,,,,,,0,,USDSGD-OTC,call,CONTINUACIÓN,TENDENCIA,ALCISTA_NORMAL,,,,
CLAVE_ESPECIFICA,CLAVE_ESPECIFICA|AIG-OTC|PUT|CONTINUACIÓN|TENDENCIA|BAJISTA_NORMAL,10,4,6,40.0,-1.36,DEBIL,MUY_BAJA,46.17,28.62,63.72,False,10,,,,,,0,,AIG-OTC,put,CONTINUACIÓN,TENDENCIA,BAJISTA_NORMAL,,,,
CONTEXTO_TECNICO,CONTEXTO_TECNICO|CALL|REVERSIÓN|TENDENCIA|BAJISTA_FUERTE,10,2,8,20.0,-2.05,DEBIL,MUY_BAJA,39.5,22.29,56.71,False,10,,,,,,0,,NZDJPY-OTC,call,REVERSIÓN,TENDENCIA,BAJISTA_FUERTE,,,,
FAMILIA_TENDENCIA,FAMILIA_TENDENCIA|REVERSIÓN|BAJISTA_FUERTE,10,2,8,20.0,-2.05,DEBIL,MUY_BAJA,39.5,22.29,56.71,False,10,,,,,,0,,NZDJPY-OTC,call,REVERSIÓN,TENDENCIA,BAJISTA_FUERTE,,,,
FIRMA_EVIDENCIAS_EXACTA,FIRMA_EVIDENCIAS_EXACTA|BAJISTA_FUERTE+CALL+REVERSIÓN+TENDENCIA,10,2,8,20.0,-2.05,DEBIL,MUY_BAJA,39.5,22.29,56.71,False,10,,,,,,0,,NZDJPY-OTC,call,REVERSIÓN,TENDENCIA,BAJISTA_FUERTE,,,,
ACTIVO_DIRECCION,ACTIVO_DIRECCION|LTCUSD-OTC|CALL,9,7,2,77.78,1.89,FAVORABLE,MUY_BAJA,58.1,40.45,75.76,False,9,,,,,,0,,LTCUSD-OTC,call,REVERSIÓN,TENDENCIA,BAJISTA_NORMAL,,,,
FAMILIA_TENDENCIA,FAMILIA_TENDENCIA|REVERSIÓN|BAJISTA_DEBIL,9,6,3,66.67,1.3,FAVORABLE,MUY_BAJA,54.66,36.84,72.47,False,9,,,,,,0,,US2000-OTC,call,REVERSIÓN,TENDENCIA,BAJISTA_DEBIL,,,,
ACTIVO_DIRECCION,ACTIVO_DIRECCION|MANAUSD-OTC|CALL,9,6,3,66.67,1.3,FAVORABLE,MUY_BAJA,54.66,36.84,72.47,False,9,,,,,,0,,MANAUSD-OTC,call,REACCIÓN_ZONA,TENDENCIA,ALCISTA_NORMAL,,,,
ACTIVO_FAMILIA,ACTIVO_FAMILIA|LTCUSD-OTC|CONTINUACIÓN,9,5,4,55.56,0.0,NEUTRO,MUY_BAJA,51.21,33.32,69.09,False,9,,,,,,0,,LTCUSD-OTC,put,CONTINUACIÓN,TENDENCIA,BAJISTA_NORMAL,,,,
ACTIVO_FAMILIA,ACTIVO_FAMILIA|USDMXN-OTC|REVERSIÓN_ESTRUCTURAL,9,5,4,55.56,0.0,NEUTRO,MUY_BAJA,51.21,33.32,69.09,False,9,,,,,,0,,USDMXN-OTC,put,REVERSIÓN_ESTRUCTURAL,TENDENCIA,BAJISTA_NORMAL,,,,
CLAVE_ESPECIFICA,CLAVE_ESPECIFICA|AIG-OTC|PUT|REVERSIÓN|TENDENCIA|ALCISTA_NORMAL,9,5,4,55.56,0.0,NEUTRO,MUY_BAJA,51.21,33.32,69.09,False,9,,,,,,0,,AIG-OTC,put,REVERSIÓN,TENDENCIA,ALCISTA_NORMAL,,,,
CLAVE_ESPECIFICA,CLAVE_ESPECIFICA|HK33-OTC|PUT|CONTINUACIÓN|TENDENCIA|BAJISTA_NORMAL,9,5,4,55.56,0.0,NEUTRO,MUY_BAJA,51.21,33.32,69.09,False,9,,,,,,0,,HK33-OTC,put,CONTINUACIÓN,TENDENCIA,BAJISTA_NORMAL,,,,
ACTIVO_FAMILIA,ACTIVO_FAMILIA|MANAUSD-OTC|REVERSIÓN,9,5,4,55.56,0.0,NEUTRO,MUY_BAJA,51.21,33.32,69.09,False,9,,,,,,0,,MANAUSD-OTC,put,REVERSIÓN,TENDENCIA,ALCISTA_NORMAL,,,,
CLAVE_ESPECIFICA,CLAVE_ESPECIFICA|COFFEE-OTC|PUT|CONTINUACIÓN|TENDENCIA|BAJISTA_NORMAL,9,4,5,44.44,-0.98,DEBIL,MUY_BAJA,47.76,29.88,65.63,False,9,,,,,,0,,COFFEE-OTC,put,CONTINUACIÓN,TENDENCIA,BAJISTA_NORMAL,,,,
CLAVE_ESPECIFICA,CLAVE_ESPECIFICA|USDMXN-OTC|PUT|REVERSIÓN|TENDENCIA|ALCISTA_NORMAL,9,4,5,44.44,-0.98,DEBIL,MUY_BAJA,47.76,29.88,65.63,False,9,,,,,,0,,USDMXN-OTC,put,REVERSIÓN,TENDENCIA,ALCISTA_NORMAL,,,,
CONTEXTO_SETUP,CONTEXTO_SETUP|PUT|REVERSIÓN|REVERSION_BAJISTA|SWEEP_RUPTURA_CONFIRMABLE|TENDENCIA,9,4,5,44.44,-0.98,DEBIL,MUY_BAJA,47.76,29.88,65.63,False,9,,,,,,0,,US2000-OTC,put,REVERSIÓN,TENDENCIA,ALCISTA_NORMAL,,,,
SETUP_EVIDENCIAS,SETUP_EVIDENCIAS|REVERSION_BAJISTA+REVERSIÓN+SWEEP_RUPTURA_CONFIRMABLE,9,4,5,44.44,-0.98,DEBIL,MUY_BAJA,47.76,29.88,65.63,False,9,,,,,,0,,US2000-OTC,put,REVERSIÓN,TENDENCIA,ALCISTA_NORMAL,,,,
CLAVE_ESPECIFICA,CLAVE_ESPECIFICA|NZDJPY-OTC|PUT|CONTINUACIÓN|TENDENCIA|BAJISTA_NORMAL,9,3,6,33.33,-1.68,DEBIL,MUY_BAJA,44.31,26.53,62.09,False,9,,,,,,0,,NZDJPY-OTC,put,CONTINUACIÓN,TENDENCIA,BAJISTA_NORMAL,,,,
ACTIVO_DIRECCION,ACTIVO_DIRECCION|US2000-OTC|CALL,9,3,6,33.33,-1.68,DEBIL,MUY_BAJA,44.31,26.53,62.09,False,9,,,,,,0,,US2000-OTC,call,REVERSIÓN,TENDENCIA,BAJISTA_DEBIL,,,,
CLAVE_ESPECIFICA,CLAVE_ESPECIFICA|LTCUSD-OTC|PUT|REVERSIÓN|TENDENCIA|ALCISTA_NORMAL,9,3,6,33.33,-1.68,DEBIL,MUY_BAJA,44.31,26.53,62.09,False,9,,,,,,0,,LTCUSD-OTC,put,REVERSIÓN,TENDENCIA,ALCISTA_NORMAL,,,,
CLAVE_ESPECIFICA,CLAVE_ESPECIFICA|US2000-OTC|PUT|CONTINUACIÓN|TENDENCIA|BAJISTA_NORMAL,9,2,7,22.22,-1.89,DEBIL,MUY_BAJA,40.86,23.27,58.45,False,9,,,,,,0,,US2000-OTC,put,CONTINUACIÓN,TENDENCIA,BAJISTA_NORMAL,,,,
CONTEXTO_SETUP,CONTEXTO_SETUP|CALL|REVERSIÓN|REVERSION_ALCISTA|SWEEP_RUPTURA_CONFIRMABLE|TENDENCIA,8,6,2,75.0,1.66,FAVORABLE,MUY_BAJA,56.61,38.57,74.65,False,8,,,,,,0,,NZDJPY-OTC,call,REVERSIÓN,TENDENCIA,ALCISTA_NORMAL,,,,
SETUP_EVIDENCIAS,SETUP_EVIDENCIAS|REVERSION_ALCISTA+REVERSIÓN+SWEEP_RUPTURA_CONFIRMABLE,8,6,2,75.0,1.66,FAVORABLE,MUY_BAJA,56.61,38.57,74.65,False,8,,,,,,0,,NZDJPY-OTC,call,REVERSIÓN,TENDENCIA,ALCISTA_NORMAL,,,,
CLAVE_ESPECIFICA,CLAVE_ESPECIFICA|US2000-OTC|PUT|REVERSIÓN|TENDENCIA|ALCISTA_NORMAL,8,5,3,62.5,0.94,FAVORABLE,MUY_BAJA,53.04,34.87,71.2,False,8,,,,,,0,,US2000-OTC,put,REVERSIÓN,TENDENCIA,ALCISTA_NORMAL,,,,
CONTEXTO_TECNICO,CONTEXTO_TECNICO|PUT|REVERSIÓN_ESTRUCTURAL|TENDENCIA|BAJISTA_FUERTE,8,5,3,62.5,0.94,FAVORABLE,MUY_BAJA,53.04,34.87,71.2,False,8,,,,,,0,,NZDCHF-OTC,put,REVERSIÓN_ESTRUCTURAL,TENDENCIA,BAJISTA_FUERTE,,,,
FAMILIA_TENDENCIA,FAMILIA_TENDENCIA|REVERSIÓN_ESTRUCTURAL|BAJISTA_FUERTE,8,5,3,62.5,0.94,FAVORABLE,MUY_BAJA,53.04,34.87,71.2,False,8,,,,,,0,,NZDCHF-OTC,put,REVERSIÓN_ESTRUCTURAL,TENDENCIA,BAJISTA_FUERTE,,,,
FIRMA_EVIDENCIAS_EXACTA,FIRMA_EVIDENCIAS_EXACTA|BAJISTA_FUERTE+PUT+REVERSIÓN_ESTRUCTURAL+TENDENCIA,8,5,3,62.5,0.94,FAVORABLE,MUY_BAJA,53.04,34.87,71.2,False,8,,,,,,0,,NZDCHF-OTC,put,REVERSIÓN_ESTRUCTURAL,TENDENCIA,BAJISTA_FUERTE,,,,
CONTEXTO_SETUP,CONTEXTO_SETUP|CALL|REVERSIÓN|SWEEP_ALCISTA|SWEEP_CON_RECHAZO_AGOTAMIENTO|TENDENCIA,8,4,4,50.0,0.0,NEUTRO,MUY_BAJA,49.46,31.27,67.66,False,8,,,,,,0,,LTCUSD-OTC,call,REVERSIÓN,TENDENCIA,BAJISTA_NORMAL,,,,
SETUP_EVIDENCIAS,SETUP_EVIDENCIAS|REVERSIÓN+SWEEP_ALCISTA+SWEEP_CON_RECHAZO_AGOTAMIENTO,8,4,4,50.0,0.0,NEUTRO,MUY_BAJA,49.46,31.27,67.66,False,8,,,,,,0,,LTCUSD-OTC,call,REVERSIÓN,TENDENCIA,BAJISTA_NORMAL,,,,
ACTIVO_FAMILIA,ACTIVO_FAMILIA|COFFEE-OTC|REVERSIÓN_ESTRUCTURAL,8,4,4,50.0,0.0,NEUTRO,MUY_BAJA,49.46,31.27,67.66,False,8,,,,,,0,,COFFEE-OTC,call,REVERSIÓN_ESTRUCTURAL,TENDENCIA,ALCISTA_NORMAL,,,,
ACTIVO_FAMILIA,ACTIVO_FAMILIA|HK33-OTC|REVERSIÓN_ESTRUCTURAL,8,4,4,50.0,0.0,NEUTRO,MUY_BAJA,49.46,31.27,67.66,False,8,,,,,,0,,HK33-OTC,put,REVERSIÓN_ESTRUCTURAL,TENDENCIA,BAJISTA_NORMAL,,,,
CONTEXTO_TECNICO,CONTEXTO_TECNICO|PUT|REACCIÓN_ZONA|TENDENCIA|ALCISTA_NORMAL,8,4,4,50.0,0.0,NEUTRO,MUY_BAJA,49.46,31.27,67.66,False,8,,,,,,0,,HK33-OTC,put,REACCIÓN_ZONA,TENDENCIA,ALCISTA_NORMAL,,,,
FIRMA_EVIDENCIAS_EXACTA,FIRMA_EVIDENCIAS_EXACTA|ALCISTA_NORMAL+PUT+REACCIÓN_ZONA+TENDENCIA,8,4,4,50.0,0.0,NEUTRO,MUY_BAJA,49.46,31.27,67.66,False,8,,,,,,0,,HK33-OTC,put,REACCIÓN_ZONA,TENDENCIA,ALCISTA_NORMAL,,,,
ACTIVO_FAMILIA,ACTIVO_FAMILIA|COFFEE-OTC|REACCIÓN_ZONA,8,3,5,37.5,-1.29,DEBIL,MUY_BAJA,45.89,27.76,64.03,False,8,,,,,,0,,COFFEE-OTC,call,REACCIÓN_ZONA,TENDENCIA,ALCISTA_NORMAL,,,,
CONTEXTO_SETUP,CONTEXTO_SETUP|PUT|REACCIÓN_ZONA|INDEFINIDO|ZONA_RECHAZO_CONFIRMADO|TENDENCIA,8,3,5,37.5,-1.29,DEBIL,MUY_BAJA,45.89,27.76,64.03,False,8,,,,,,0,,HK33-OTC,put,REACCIÓN_ZONA,TENDENCIA,ALCISTA_NORMAL,,,,
CONTEXTO_TECNICO,CONTEXTO_TECNICO|CALL|REVERSIÓN|TENDENCIA|BAJISTA_DEBIL,7,6,1,85.71,1.54,FAVORABLE,MUY_BAJA,58.7,40.47,76.94,False,7,,,,,,0,,US2000-OTC,call,REVERSIÓN,TENDENCIA,BAJISTA_DEBIL,,,,
FIRMA_EVIDENCIAS_EXACTA,FIRMA_EVIDENCIAS_EXACTA|BAJISTA_DEBIL+CALL+REVERSIÓN+TENDENCIA,7,6,1,85.71,1.54,FAVORABLE,MUY_BAJA,58.7,40.47,76.94,False,7,,,,,,0,,US2000-OTC,call,REVERSIÓN,TENDENCIA,BAJISTA_DEBIL,,,,
CONTEXTO_TECNICO,CONTEXTO_TECNICO|PUT|REVERSIÓN|TENDENCIA|ALCISTA_DEBIL,7,6,1,85.71,1.54,FAVORABLE,MUY_BAJA,58.7,40.47,76.94,False,7,,,,,,0,,US2000-OTC,put,REVERSIÓN,TENDENCIA,ALCISTA_DEBIL,,,,
FIRMA_EVIDENCIAS_EXACTA,FIRMA_EVIDENCIAS_EXACTA|ALCISTA_DEBIL+PUT+REVERSIÓN+TENDENCIA,7,6,1,85.71,1.54,FAVORABLE,MUY_BAJA,58.7,40.47,76.94,False,7,,,,,,0,,US2000-OTC,put,REVERSIÓN,TENDENCIA,ALCISTA_DEBIL,,,,
CLAVE_ESPECIFICA,CLAVE_ESPECIFICA|USDTHB-OTC|PUT|CONTINUACIÓN|TENDENCIA|BAJISTA_NORMAL,7,5,2,71.43,1.31,FAVORABLE,MUY_BAJA,55.0,36.57,73.43,False,7,,,,,,0,,USDTHB-OTC,put,CONTINUACIÓN,TENDENCIA,BAJISTA_NORMAL,,,,
CLAVE_ESPECIFICA,CLAVE_ESPECIFICA|EURCAD-OTC|CALL|REVERSIÓN|TENDENCIA|BAJISTA_NORMAL,7,5,2,71.43,1.31,FAVORABLE,MUY_BAJA,55.0,36.57,73.43,False,7,,,,,,0,,EURCAD-OTC,call,REVERSIÓN,TENDENCIA,BAJISTA_NORMAL,,,,
CLAVE_ESPECIFICA,CLAVE_ESPECIFICA|USDMXN-OTC|PUT|CONTINUACIÓN|TENDENCIA|BAJISTA_NORMAL,7,5,2,71.43,1.31,FAVORABLE,MUY_BAJA,55.0,36.57,73.43,False,7,,,,,,0,,USDMXN-OTC,put,CONTINUACIÓN,TENDENCIA,BAJISTA_NORMAL,,,,
ACTIVO_FAMILIA,ACTIVO_FAMILIA|MANAUSD-OTC|CONTINUACIÓN,7,5,2,71.43,1.31,FAVORABLE,MUY_BAJA,55.0,36.57,73.43,False,7,,,,,,0,,MANAUSD-OTC,put,CONTINUACIÓN,TENDENCIA,BAJISTA_NORMAL,,,,
CLAVE_ESPECIFICA,CLAVE_ESPECIFICA|LTCUSD-OTC|PUT|CONTINUACIÓN|TENDENCIA|BAJISTA_NORMAL,7,4,3,57.14,0.0,NEUTRO,MUY_BAJA,51.3,32.78,69.81,False,7,,,,,,0,,LTCUSD-OTC,put,CONTINUACIÓN,TENDENCIA,BAJISTA_NORMAL,,,,
CLAVE_ESPECIFICA,CLAVE_ESPECIFICA|USDSGD-OTC|PUT|REVERSIÓN_ESTRUCTURAL|TENDENCIA|BAJISTA_NORMAL,7,4,3,57.14,0.0,NEUTRO,MUY_BAJA,51.3,32.78,69.81,False,7,,,,,,0,,USDSGD-OTC,put,REVERSIÓN_ESTRUCTURAL,TENDENCIA,BAJISTA_NORMAL,,,,
SETUP_EVIDENCIAS,SETUP_EVIDENCIAS|CONTINUACION+REACCIÓN_ZONA+ZONA_SIN_RUPTURA,7,3,4,42.86,-0.88,DEBIL,MUY_BAJA,47.59,29.09,66.09,False,7,,,,,,0,,EURCAD-OTC,put,REACCIÓN_ZONA,TENDENCIA,BAJISTA_FUERTE,,,,
CLAVE_ESPECIFICA,CLAVE_ESPECIFICA|USDSGD-OTC|PUT|CONTINUACIÓN|TENDENCIA|BAJISTA_NORMAL,7,3,4,42.86,-0.88,DEBIL,MUY_BAJA,47.59,29.09,66.09,False,7,,,,,,0,,USDSGD-OTC,put,CONTINUACIÓN,TENDENCIA,BAJISTA_NORMAL,,,,
ACTIVO_DIRECCION,ACTIVO_DIRECCION|USDTHB-OTC|CALL,7,1,6,14.29,-1.54,DEBIL,MUY_BAJA,40.19,22.03,58.35,False,7,,,,,,0,,USDTHB-OTC,call,REVERSIÓN,TENDENCIA,BAJISTA_NORMAL,,,,
CONTEXTO_SETUP,CONTEXTO_SETUP|CALL|REACCIÓN_ZONA|INDEFINIDO|ZONA_RECHAZO_CONFIRMADO|TENDENCIA,6,6,0,100.0,1.35,FAVORABLE,MUY_BAJA,60.96,42.56,79.36,False,6,,,,,,0,,NZDJPY-OTC,call,REACCIÓN_ZONA,TENDENCIA,ALCISTA_NORMAL,,,,
ACTIVO_FAMILIA,ACTIVO_FAMILIA|MANAUSD-OTC|REACCIÓN_ZONA,6,4,2,66.67,0.93,FAVORABLE,MUY_BAJA,53.27,34.45,72.09,False,6,,,,,,0,,MANAUSD-OTC,put,REACCIÓN_ZONA,TENDENCIA,BAJISTA_NORMAL,,,,
ACTIVO_FAMILIA,ACTIVO_FAMILIA|NZDJPY-OTC|REACCIÓN_ZONA,6,4,2,66.67,0.93,FAVORABLE,MUY_BAJA,53.27,34.45,72.09,False,6,,,,,,0,,NZDJPY-OTC,call,REACCIÓN_ZONA,TENDENCIA,ALCISTA_NORMAL,,,,
CLAVE_ESPECIFICA,CLAVE_ESPECIFICA|NZDCHF-OTC|PUT|CONTINUACIÓN|TENDENCIA|BAJISTA_NORMAL,6,3,3,50.0,0.0,NEUTRO,MUY_BAJA,49.42,30.56,68.28,False,6,,,,,,0,,NZDCHF-OTC,put,CONTINUACIÓN,TENDENCIA,BAJISTA_NORMAL,,,,
CONTEXTO_SETUP,CONTEXTO_SETUP|CALL|REVERSIÓN|REVERSION_ALCISTA|SWEEP_SIMPLE|TENDENCIA,6,3,3,50.0,0.0,NEUTRO,MUY_BAJA,49.42,30.56,68.28,False,6,,,,,,0,,NZDCHF-OTC,call,REVERSIÓN,TENDENCIA,BAJISTA_NORMAL,,,,
SETUP_EVIDENCIAS,SETUP_EVIDENCIAS|REVERSION_ALCISTA+REVERSIÓN+SWEEP_SIMPLE,6,3,3,50.0,0.0,NEUTRO,MUY_BAJA,49.42,30.56,68.28,False,6,,,,,,0,,NZDCHF-OTC,call,REVERSIÓN,TENDENCIA,BAJISTA_NORMAL,,,,
CLAVE_ESPECIFICA,CLAVE_ESPECIFICA|USDMXN-OTC|PUT|REVERSIÓN_ESTRUCTURAL|TENDENCIA|BAJISTA_NORMAL,6,3,3,50.0,0.0,NEUTRO,MUY_BAJA,49.42,30.56,68.28,False,6,,,,,,0,,USDMXN-OTC,put,REVERSIÓN_ESTRUCTURAL,TENDENCIA,BAJISTA_NORMAL,,,,
CLAVE_ESPECIFICA,CLAVE_ESPECIFICA|COFFEE-OTC|PUT|REVERSIÓN_ESTRUCTURAL|TENDENCIA|BAJISTA_NORMAL,6,3,3,50.0,0.0,NEUTRO,MUY_BAJA,49.42,30.56,68.28,False,6,,,,,,0,,COFFEE-OTC,put,REVERSIÓN_ESTRUCTURAL,TENDENCIA,BAJISTA_NORMAL,,,,
CLAVE_ESPECIFICA,CLAVE_ESPECIFICA|NZDJPY-OTC|CALL|REVERSIÓN|TENDENCIA|BAJISTA_NORMAL,6,2,4,33.33,-1.2,DEBIL,MUY_BAJA,45.58,26.79,64.36,False,6,,,,,,0,,NZDJPY-OTC,call,REVERSIÓN,TENDENCIA,BAJISTA_NORMAL,,,,
ACTIVO_FAMILIA,ACTIVO_FAMILIA|AIG-OTC|REACCIÓN_ZONA,6,2,4,33.33,-1.2,DEBIL,MUY_BAJA,45.58,26.79,64.36,False,6,,,,,,0,,AIG-OTC,put,REACCIÓN_ZONA,TENDENCIA,BAJISTA_NORMAL,,,,
CONTEXTO_SETUP,CONTEXTO_SETUP|PUT|REACCIÓN_ZONA|CONTINUACION|ZONA_GENERICA|TENDENCIA,6,0,6,0.0,-1.35,DEBIL,MUY_BAJA,37.88,19.59,56.18,False,6,,,,,,0,,AIG-OTC,put,REACCIÓN_ZONA,TENDENCIA,BAJISTA_NORMAL,,,,
CLAVE_ESPECIFICA,CLAVE_ESPECIFICA|USDTHB-OTC|PUT|REVERSIÓN|TENDENCIA|ALCISTA_NORMAL,6,0,6,0.0,-1.35,DEBIL,MUY_BAJA,37.88,19.59,56.18,False,6,,,,,,0,,USDTHB-OTC,put,REVERSIÓN,TENDENCIA,ALCISTA_NORMAL,,,,
ACTIVO_FAMILIA,ACTIVO_FAMILIA|AIG-OTC|REVERSIÓN_ESTRUCTURAL,5,5,0,100.0,1.16,FAVORABLE,MUY_BAJA,59.4,40.52,78.28,False,5,,,,,,0,,AIG-OTC,call,REVERSIÓN_ESTRUCTURAL,TENDENCIA,ALCISTA_FUERTE,,,,
CONTEXTO_SETUP,CONTEXTO_SETUP|PUT|REVERSIÓN|REVERSION_BAJISTA|SWEEP_SIMPLE|TENDENCIA,5,5,0,100.0,1.16,FAVORABLE,MUY_BAJA,59.4,40.52,78.28,False,5,,,,,,0,,LTCUSD-OTC,put,REVERSIÓN,TENDENCIA,ALCISTA_NORMAL,,,,
SETUP_EVIDENCIAS,SETUP_EVIDENCIAS|REVERSION_BAJISTA+REVERSIÓN+SWEEP_SIMPLE,5,5,0,100.0,1.16,FAVORABLE,MUY_BAJA,59.4,40.52,78.28,False,5,,,,,,0,,LTCUSD-OTC,put,REVERSIÓN,TENDENCIA,ALCISTA_NORMAL,,,,
CONTEXTO_TECNICO,CONTEXTO_TECNICO|PUT|REVERSIÓN_ESTRUCTURAL|TENDENCIA|BAJISTA_DEBIL,5,4,1,80.0,1.16,FAVORABLE,MUY_BAJA,55.4,36.29,74.51,False,5,,,,,,0,,US2000-OTC,put,REVERSIÓN_ESTRUCTURAL,TENDENCIA,BAJISTA_DEBIL,,,,
FAMILIA_TENDENCIA,FAMILIA_TENDENCIA|REVERSIÓN_ESTRUCTURAL|BAJISTA_DEBIL,5,4,1,80.0,1.16,FAVORABLE,MUY_BAJA,55.4,36.29,74.51,False,5,,,,,,0,,US2000-OTC,put,REVERSIÓN_ESTRUCTURAL,TENDENCIA,BAJISTA_DEBIL,,,,
FIRMA_EVIDENCIAS_EXACTA,FIRMA_EVIDENCIAS_EXACTA|BAJISTA_DEBIL+PUT+REVERSIÓN_ESTRUCTURAL+TENDENCIA,5,4,1,80.0,1.16,FAVORABLE,MUY_BAJA,55.4,36.29,74.51,False,5,,,,,,0,,US2000-OTC,put,REVERSIÓN_ESTRUCTURAL,TENDENCIA,BAJISTA_DEBIL,,,,
ACTIVO_FAMILIA,ACTIVO_FAMILIA|NZDCHF-OTC|REVERSIÓN_ESTRUCTURAL,5,4,1,80.0,1.16,FAVORABLE,MUY_BAJA,55.4,36.29,74.51,False,5,,,,,,0,,NZDCHF-OTC,put,REVERSIÓN_ESTRUCTURAL,TENDENCIA,BAJISTA_NORMAL,,,,
CLAVE_ESPECIFICA,CLAVE_ESPECIFICA|NZDCHF-OTC|PUT|REVERSIÓN|TENDENCIA|ALCISTA_NORMAL,5,4,1,80.0,1.16,FAVORABLE,MUY_BAJA,55.4,36.29,74.51,False,5,,,,,,0,,NZDCHF-OTC,put,REVERSIÓN,TENDENCIA,ALCISTA_NORMAL,,,,
CLAVE_ESPECIFICA,CLAVE_ESPECIFICA|MANAUSD-OTC|PUT|CONTINUACIÓN|TENDENCIA|BAJISTA_NORMAL,5,4,1,80.0,1.16,FAVORABLE,MUY_BAJA,55.4,36.29,74.51,False,5,,,,,,0,,MANAUSD-OTC,put,CONTINUACIÓN,TENDENCIA,BAJISTA_NORMAL,,,,
CONTEXTO_SETUP,CONTEXTO_SETUP|PUT|REACCIÓN_ZONA|RECHAZO_BAJISTA|ZONA_GENERICA|TENDENCIA,5,3,2,60.0,0.54,FAVORABLE,MUY_BAJA,51.4,32.19,70.61,False,5,,,,,,0,,US2000-OTC,put,REACCIÓN_ZONA,TENDENCIA,BAJISTA_NORMAL,,,,
SETUP_EVIDENCIAS,SETUP_EVIDENCIAS|REACCIÓN_ZONA+RECHAZO_BAJISTA+ZONA_GENERICA,5,3,2,60.0,0.54,FAVORABLE,MUY_BAJA,51.4,32.19,70.61,False,5,,,,,,0,,US2000-OTC,put,REACCIÓN_ZONA,TENDENCIA,BAJISTA_NORMAL,,,,
CLAVE_ESPECIFICA,CLAVE_ESPECIFICA|AIG-OTC|CALL|REVERSIÓN|TENDENCIA|BAJISTA_NORMAL,5,3,2,60.0,0.54,FAVORABLE,MUY_BAJA,51.4,32.19,70.61,False,5,,,,,,0,,AIG-OTC,call,REVERSIÓN,TENDENCIA,BAJISTA_NORMAL,,,,
CONTEXTO_SETUP,CONTEXTO_SETUP|PUT|REVERSIÓN|SWEEP_BAJISTA|SWEEP_CON_RECHAZO_AGOTAMIENTO|TENDENCIA,5,2,3,40.0,-0.77,DEBIL,MUY_BAJA,47.4,28.21,66.59,False,5,,,,,,0,,USDSGD-OTC,put,REVERSIÓN,TENDENCIA,ALCISTA_NORMAL,,,,
SETUP_EVIDENCIAS,SETUP_EVIDENCIAS|REVERSIÓN+SWEEP_BAJISTA+SWEEP_CON_RECHAZO_AGOTAMIENTO,5,2,3,40.0,-0.77,DEBIL,MUY_BAJA,47.4,28.21,66.59,False,5,,,,,,0,,USDSGD-OTC,put,REVERSIÓN,TENDENCIA,ALCISTA_NORMAL,,,,
CONTEXTO_TECNICO,CONTEXTO_TECNICO|PUT|REVERSIÓN|TENDENCIA|BAJISTA_NORMAL,5,2,3,40.0,-0.77,DEBIL,MUY_BAJA,47.4,28.21,66.59,False,5,,,,,,0,,US2000-OTC,put,REVERSIÓN,TENDENCIA,BAJISTA_NORMAL,,,,
FIRMA_EVIDENCIAS_EXACTA,FIRMA_EVIDENCIAS_EXACTA|BAJISTA_NORMAL+PUT+REVERSIÓN+TENDENCIA,5,2,3,40.0,-0.77,DEBIL,MUY_BAJA,47.4,28.21,66.59,False,5,,,,,,0,,US2000-OTC,put,REVERSIÓN,TENDENCIA,BAJISTA_NORMAL,,,,
CLAVE_ESPECIFICA,CLAVE_ESPECIFICA|EURCAD-OTC|PUT|REVERSIÓN|TENDENCIA|ALCISTA_NORMAL,5,2,3,40.0,-0.77,DEBIL,MUY_BAJA,47.4,28.21,66.59,False,5,,,,,,0,,EURCAD-OTC,put,REVERSIÓN,TENDENCIA,ALCISTA_NORMAL,,,,
CLAVE_ESPECIFICA,CLAVE_ESPECIFICA|COFFEE-OTC|CALL|REVERSIÓN|TENDENCIA|BAJISTA_NORMAL,5,2,3,40.0,-0.77,DEBIL,MUY_BAJA,47.4,28.21,66.59,False,5,,,,,,0,,COFFEE-OTC,call,REVERSIÓN,TENDENCIA,BAJISTA_NORMAL,,,,
CLAVE_ESPECIFICA,CLAVE_ESPECIFICA|HK33-OTC|CALL|CONTINUACIÓN|TENDENCIA|ALCISTA_NORMAL,5,1,4,20.0,-1.16,DEBIL,MUY_BAJA,43.4,24.35,62.45,False,5,,,,,,0,,HK33-OTC,call,CONTINUACIÓN,TENDENCIA,ALCISTA_NORMAL,,,,
CLAVE_ESPECIFICA,CLAVE_ESPECIFICA|USDSGD-OTC|PUT|REVERSIÓN|TENDENCIA|ALCISTA_NORMAL,5,1,4,20.0,-1.16,DEBIL,MUY_BAJA,43.4,24.35,62.45,False,5,,,,,,0,,USDSGD-OTC,put,REVERSIÓN,TENDENCIA,ALCISTA_NORMAL,,,,
CONTEXTO_SETUP,CONTEXTO_SETUP|PUT|REACCIÓN_ZONA|CONTINUACION|ZONA_SIN_RUPTURA|TENDENCIA,5,1,4,20.0,-1.16,DEBIL,MUY_BAJA,43.4,24.35,62.45,False,5,,,,,,0,,EURCAD-OTC,put,REACCIÓN_ZONA,TENDENCIA,BAJISTA_FUERTE,,,,
CONTEXTO_SETUP,CONTEXTO_SETUP|CALL|REACCIÓN_ZONA|CONTINUACION|ZONA_GENERICA|TENDENCIA,5,1,4,20.0,-1.16,DEBIL,MUY_BAJA,43.4,24.35,62.45,False,5,,,,,,0,,COFFEE-OTC,call,REACCIÓN_ZONA,TENDENCIA,ALCISTA_NORMAL,,,,
CONTEXTO_SETUP,CONTEXTO_SETUP|PUT|REACCIÓN_ZONA|INDEFINIDO|ZONA_GENERICA|TENDENCIA,5,0,5,0.0,-1.16,DEBIL,MUY_BAJA,39.4,20.62,58.18,False,5,,,,,,0,,US2000-OTC,put,REACCIÓN_ZONA,TENDENCIA,BAJISTA_NORMAL,,,,
SETUP_EVIDENCIAS,SETUP_EVIDENCIAS|INDEFINIDO+REACCIÓN_ZONA+ZONA_GENERICA,5,0,5,0.0,-1.16,DEBIL,MUY_BAJA,39.4,20.62,58.18,False,5,,,,,,0,,US2000-OTC,put,REACCIÓN_ZONA,TENDENCIA,BAJISTA_NORMAL,,,,
CLAVE_ESPECIFICA,CLAVE_ESPECIFICA|HK33-OTC|PUT|REVERSIÓN|TENDENCIA|ALCISTA_NORMAL,4,4,0,100.0,0.0,MUESTRA_INSUFICIENTE,INSUFICIENTE,57.71,38.34,77.07,False,4,,,,,,0,,HK33-OTC,put,REVERSIÓN,TENDENCIA,ALCISTA_NORMAL,,,,
ACTIVO_FAMILIA,ACTIVO_FAMILIA|US2000-OTC|REVERSIÓN_ESTRUCTURAL,4,3,1,75.0,0.0,MUESTRA_INSUFICIENTE,INSUFICIENTE,53.54,33.99,73.09,False,4,,,,,,0,,US2000-OTC,put,REVERSIÓN_ESTRUCTURAL,TENDENCIA,BAJISTA_DEBIL,,,,
CONTEXTO_SETUP,CONTEXTO_SETUP|CALL|REACCIÓN_ZONA|RECHAZO_ALCISTA|ZONA_GENERICA|TENDENCIA,4,3,1,75.0,0.0,MUESTRA_INSUFICIENTE,INSUFICIENTE,53.54,33.99,73.09,False,4,,,,,,0,,LTCUSD-OTC,call,REACCIÓN_ZONA,TENDENCIA,ALCISTA_NORMAL,,,,
SETUP_EVIDENCIAS,SETUP_EVIDENCIAS|REACCIÓN_ZONA+RECHAZO_ALCISTA+ZONA_GENERICA,4,3,1,75.0,0.0,MUESTRA_INSUFICIENTE,INSUFICIENTE,53.54,33.99,73.09,False,4,,,,,,0,,LTCUSD-OTC,call,REACCIÓN_ZONA,TENDENCIA,ALCISTA_NORMAL,,,,
CLAVE_ESPECIFICA,CLAVE_ESPECIFICA|COFFEE-OTC|PUT|REVERSIÓN|TENDENCIA|ALCISTA_NORMAL,4,3,1,75.0,0.0,MUESTRA_INSUFICIENTE,INSUFICIENTE,53.54,33.99,73.09,False,4,,,,,,0,,COFFEE-OTC,put,REVERSIÓN,TENDENCIA,ALCISTA_NORMAL,,,,
CONTEXTO_TECNICO,CONTEXTO_TECNICO|CALL|CONTINUACIÓN|TENDENCIA|ALCISTA_FUERTE,4,3,1,75.0,0.0,MUESTRA_INSUFICIENTE,INSUFICIENTE,53.54,33.99,73.09,False,4,,,,,,0,,USDSGD-OTC,call,CONTINUACIÓN,TENDENCIA,ALCISTA_FUERTE,,,,
FAMILIA_TENDENCIA,FAMILIA_TENDENCIA|CONTINUACIÓN|ALCISTA_FUERTE,4,3,1,75.0,0.0,MUESTRA_INSUFICIENTE,INSUFICIENTE,53.54,33.99,73.09,False,4,,,,,,0,,USDSGD-OTC,call,CONTINUACIÓN,TENDENCIA,ALCISTA_FUERTE,,,,
FIRMA_EVIDENCIAS_EXACTA,FIRMA_EVIDENCIAS_EXACTA|ALCISTA_FUERTE+CALL+CONTINUACIÓN+TENDENCIA,4,3,1,75.0,0.0,MUESTRA_INSUFICIENTE,INSUFICIENTE,53.54,33.99,73.09,False,4,,,,,,0,,USDSGD-OTC,call,CONTINUACIÓN,TENDENCIA,ALCISTA_FUERTE,,,,
CLAVE_ESPECIFICA,CLAVE_ESPECIFICA|EURCAD-OTC|PUT|CONTINUACIÓN|TENDENCIA|BAJISTA_NORMAL,4,3,1,75.0,0.0,MUESTRA_INSUFICIENTE,INSUFICIENTE,53.54,33.99,73.09,False,4,,,,,,0,,EURCAD-OTC,put,CONTINUACIÓN,TENDENCIA,BAJISTA_NORMAL,,,,
FAMILIA_TENDENCIA,FAMILIA_TENDENCIA|REACCIÓN_ZONA|ALCISTA_DEBIL,4,3,1,75.0,0.0,MUESTRA_INSUFICIENTE,INSUFICIENTE,53.54,33.99,73.09,False,4,,,,,,0,,AIG-OTC,call,REACCIÓN_ZONA,TENDENCIA,ALCISTA_DEBIL,,,,
CLAVE_ESPECIFICA,CLAVE_ESPECIFICA|LTCUSD-OTC|CALL|REVERSIÓN|TENDENCIA|BAJISTA_NORMAL,4,2,2,50.0,0.0,MUESTRA_INSUFICIENTE,INSUFICIENTE,49.38,29.78,68.97,False,4,,,,,,0,,LTCUSD-OTC,call,REVERSIÓN,TENDENCIA,BAJISTA_NORMAL,,,,
ACTIVO_FAMILIA,ACTIVO_FAMILIA|US2000-OTC|REACCIÓN_ZONA,4,2,2,50.0,0.0,MUESTRA_INSUFICIENTE,INSUFICIENTE,49.38,29.78,68.97,False,4,,,,,,0,,US2000-OTC,put,REACCIÓN_ZONA,TENDENCIA,BAJISTA_NORMAL,,,,
CLAVE_ESPECIFICA,CLAVE_ESPECIFICA|USDMXN-OTC|CALL|REVERSIÓN|TENDENCIA|BAJISTA_NORMAL,4,2,2,50.0,0.0,MUESTRA_INSUFICIENTE,INSUFICIENTE,49.38,29.78,68.97,False,4,,,,,,0,,USDMXN-OTC,call,REVERSIÓN,TENDENCIA,BAJISTA_NORMAL,,,,
CLAVE_ESPECIFICA,CLAVE_ESPECIFICA|USDMXN-OTC|PUT|CONTINUACIÓN|TENDENCIA|BAJISTA_FUERTE,4,2,2,50.0,0.0,MUESTRA_INSUFICIENTE,INSUFICIENTE,49.38,29.78,68.97,False,4,,,,,,0,,USDMXN-OTC,put,CONTINUACIÓN,TENDENCIA,BAJISTA_FUERTE,,,,
CLAVE_ESPECIFICA,CLAVE_ESPECIFICA|HK33-OTC|CALL|REVERSIÓN|TENDENCIA|BAJISTA_NORMAL,4,2,2,50.0,0.0,MUESTRA_INSUFICIENTE,INSUFICIENTE,49.38,29.78,68.97,False,4,,,,,,0,,HK33-OTC,call,REVERSIÓN,TENDENCIA,BAJISTA_NORMAL,,,,
CLAVE_ESPECIFICA,CLAVE_ESPECIFICA|NZDJPY-OTC|CALL|CONTINUACIÓN|TENDENCIA|ALCISTA_NORMAL,4,2,2,50.0,0.0,MUESTRA_INSUFICIENTE,INSUFICIENTE,49.38,29.78,68.97,False,4,,,,,,0,,NZDJPY-OTC,call,CONTINUACIÓN,TENDENCIA,ALCISTA_NORMAL,,,,
CLAVE_ESPECIFICA,CLAVE_ESPECIFICA|COFFEE-OTC|CALL|REVERSIÓN|TENDENCIA|ALCISTA_NORMAL,4,2,2,50.0,0.0,MUESTRA_INSUFICIENTE,INSUFICIENTE,49.38,29.78,68.97,False,4,,,,,,0,,COFFEE-OTC,call,REVERSIÓN,TENDENCIA,ALCISTA_NORMAL,,,,
ACTIVO_FAMILIA,ACTIVO_FAMILIA|USDSGD-OTC|REACCIÓN_ZONA,4,2,2,50.0,0.0,MUESTRA_INSUFICIENTE,INSUFICIENTE,49.38,29.78,68.97,False,4,,,,,,0,,USDSGD-OTC,put,REACCIÓN_ZONA,TENDENCIA,ALCISTA_NORMAL,,,,
ACTIVO_DIRECCION,ACTIVO_DIRECCION|NZDCHF-OTC|CALL,4,1,3,25.0,0.0,MUESTRA_INSUFICIENTE,INSUFICIENTE,45.21,25.7,64.72,False,4,,,,,,0,,NZDCHF-OTC,call,REVERSIÓN,TENDENCIA,BAJISTA_NORMAL,,,,
CONTEXTO_TECNICO,CONTEXTO_TECNICO|PUT|REACCIÓN_ZONA|TENDENCIA|BAJISTA_FUERTE,4,1,3,25.0,0.0,MUESTRA_INSUFICIENTE,INSUFICIENTE,45.21,25.7,64.72,False,4,,,,,,0,,EURCAD-OTC,put,REACCIÓN_ZONA,TENDENCIA,BAJISTA_FUERTE,,,,
FAMILIA_TENDENCIA,FAMILIA_TENDENCIA|REACCIÓN_ZONA|BAJISTA_FUERTE,4,1,3,25.0,0.0,MUESTRA_INSUFICIENTE,INSUFICIENTE,45.21,25.7,64.72,False,4,,,,,,0,,EURCAD-OTC,put,REACCIÓN_ZONA,TENDENCIA,BAJISTA_FUERTE,,,,
FIRMA_EVIDENCIAS_EXACTA,FIRMA_EVIDENCIAS_EXACTA|BAJISTA_FUERTE+PUT+REACCIÓN_ZONA+TENDENCIA,4,1,3,25.0,0.0,MUESTRA_INSUFICIENTE,INSUFICIENTE,45.21,25.7,64.72,False,4,,,,,,0,,EURCAD-OTC,put,REACCIÓN_ZONA,TENDENCIA,BAJISTA_FUERTE,,,,
CLAVE_ESPECIFICA,CLAVE_ESPECIFICA|HK33-OTC|PUT|REVERSIÓN_ESTRUCTURAL|TENDENCIA|BAJISTA_NORMAL,4,1,3,25.0,0.0,MUESTRA_INSUFICIENTE,INSUFICIENTE,45.21,25.7,64.72,False,4,,,,,,0,,HK33-OTC,put,REVERSIÓN_ESTRUCTURAL,TENDENCIA,BAJISTA_NORMAL,,,,
ACTIVO_FAMILIA,ACTIVO_FAMILIA|HK33-OTC|REACCIÓN_ZONA,4,1,3,25.0,0.0,MUESTRA_INSUFICIENTE,INSUFICIENTE,45.21,25.7,64.72,False,4,,,,,,0,,HK33-OTC,put,REACCIÓN_ZONA,TENDENCIA,ALCISTA_NORMAL,,,,
ACTIVO_FAMILIA,ACTIVO_FAMILIA|USDTHB-OTC|REVERSIÓN_ESTRUCTURAL,4,1,3,25.0,0.0,MUESTRA_INSUFICIENTE,INSUFICIENTE,45.21,25.7,64.72,False,4,,,,,,0,,USDTHB-OTC,put,REVERSIÓN_ESTRUCTURAL,TENDENCIA,BAJISTA_NORMAL,,,,
ACTIVO_FAMILIA,ACTIVO_FAMILIA|USDTHB-OTC|REACCIÓN_ZONA,4,0,4,0.0,0.0,MUESTRA_INSUFICIENTE,INSUFICIENTE,41.04,21.76,60.32,False,4,,,,,,0,,USDTHB-OTC,call,REACCIÓN_ZONA,TENDENCIA,ALCISTA_NORMAL,,,,
CLAVE_ESPECIFICA,CLAVE_ESPECIFICA|NZDJPY-OTC|CALL|REACCIÓN_ZONA|TENDENCIA|ALCISTA_NORMAL,3,3,0,100.0,0.0,MUESTRA_INSUFICIENTE,INSUFICIENTE,55.87,36.0,75.74,False,3,,,,,,0,,NZDJPY-OTC,call,REACCIÓN_ZONA,TENDENCIA,ALCISTA_NORMAL,,,,
CONTEXTO_TECNICO,CONTEXTO_TECNICO|CALL|REACCIÓN_ZONA|TENDENCIA|ALCISTA_DEBIL,3,3,0,100.0,0.0,MUESTRA_INSUFICIENTE,INSUFICIENTE,55.87,36.0,75.74,False,3,,,,,,0,,AIG-OTC,call,REACCIÓN_ZONA,TENDENCIA,ALCISTA_DEBIL,,,,
FIRMA_EVIDENCIAS_EXACTA,FIRMA_EVIDENCIAS_EXACTA|ALCISTA_DEBIL+CALL+REACCIÓN_ZONA+TENDENCIA,3,3,0,100.0,0.0,MUESTRA_INSUFICIENTE,INSUFICIENTE,55.87,36.0,75.74,False,3,,,,,,0,,AIG-OTC,call,REACCIÓN_ZONA,TENDENCIA,ALCISTA_DEBIL,,,,
CLAVE_ESPECIFICA,CLAVE_ESPECIFICA|USDMXN-OTC|PUT|CONTINUACIÓN|TENDENCIA|BAJISTA_DEBIL,3,3,0,100.0,0.0,MUESTRA_INSUFICIENTE,INSUFICIENTE,55.87,36.0,75.74,False,3,,,,,,0,,USDMXN-OTC,put,CONTINUACIÓN,TENDENCIA,BAJISTA_DEBIL,,,,
ACTIVO_FAMILIA,ACTIVO_FAMILIA|LTCUSD-OTC|REACCIÓN_ZONA,3,2,1,66.67,0.0,MUESTRA_INSUFICIENTE,INSUFICIENTE,51.52,31.53,71.52,False,3,,,,,,0,,LTCUSD-OTC,call,REACCIÓN_ZONA,TENDENCIA,ALCISTA_NORMAL,,,,
CLAVE_ESPECIFICA,CLAVE_ESPECIFICA|NZDJPY-OTC|CALL|REVERSIÓN|TENDENCIA|ALCISTA_NORMAL,3,2,1,66.67,0.0,MUESTRA_INSUFICIENTE,INSUFICIENTE,51.52,31.53,71.52,False,3,,,,,,0,,NZDJPY-OTC,call,REVERSIÓN,TENDENCIA,ALCISTA_NORMAL,,,,
CLAVE_ESPECIFICA,CLAVE_ESPECIFICA|AIG-OTC|CALL|REVERSIÓN|TENDENCIA|ALCISTA_NORMAL,3,2,1,66.67,0.0,MUESTRA_INSUFICIENTE,INSUFICIENTE,51.52,31.53,71.52,False,3,,,,,,0,,AIG-OTC,call,REVERSIÓN,TENDENCIA,ALCISTA_NORMAL,,,,
SETUP_EVIDENCIAS,SETUP_EVIDENCIAS|REACCIÓN_ZONA+RECHAZO_BAJISTA+ZONA_RECHAZO_CONFIRMADO,3,2,1,66.67,0.0,MUESTRA_INSUFICIENTE,INSUFICIENTE,51.52,31.53,71.52,False,3,,,,,,0,,USDSGD-OTC,put,REACCIÓN_ZONA,TENDENCIA,ALCISTA_NORMAL,,,,
CLAVE_ESPECIFICA,CLAVE_ESPECIFICA|USDTHB-OTC|PUT|CONTINUACIÓN|TENDENCIA|BAJISTA_FUERTE,3,2,1,66.67,0.0,MUESTRA_INSUFICIENTE,INSUFICIENTE,51.52,31.53,71.52,False,3,,,,,,0,,USDTHB-OTC,put,CONTINUACIÓN,TENDENCIA,BAJISTA_FUERTE,,,,
CLAVE_ESPECIFICA,CLAVE_ESPECIFICA|MANAUSD-OTC|CALL|REVERSIÓN|TENDENCIA|BAJISTA_NORMAL,3,2,1,66.67,0.0,MUESTRA_INSUFICIENTE,INSUFICIENTE,51.52,31.53,71.52,False,3,,,,,,0,,MANAUSD-OTC,call,REVERSIÓN,TENDENCIA,BAJISTA_NORMAL,,,,
ACTIVO_FAMILIA,ACTIVO_FAMILIA|MANAUSD-OTC|REVERSIÓN_ESTRUCTURAL,3,2,1,66.67,0.0,MUESTRA_INSUFICIENTE,INSUFICIENTE,51.52,31.53,71.52,False,3,,,,,,0,,MANAUSD-OTC,put,REVERSIÓN_ESTRUCTURAL,TENDENCIA,BAJISTA_DEBIL,,,,
CLAVE_ESPECIFICA,CLAVE_ESPECIFICA|HK33-OTC|PUT|REVERSIÓN_ESTRUCTURAL|TENDENCIA|BAJISTA_FUERTE,3,2,1,66.67,0.0,MUESTRA_INSUFICIENTE,INSUFICIENTE,51.52,31.53,71.52,False,3,,,,,,0,,HK33-OTC,put,REVERSIÓN_ESTRUCTURAL,TENDENCIA,BAJISTA_FUERTE,,,,
CLAVE_ESPECIFICA,CLAVE_ESPECIFICA|USDMXN-OTC|CALL|REVERSIÓN_ESTRUCTURAL|TENDENCIA|ALCISTA_NORMAL,3,2,1,66.67,0.0,MUESTRA_INSUFICIENTE,INSUFICIENTE,51.52,31.53,71.52,False,3,,,,,,0,,USDMXN-OTC,call,REVERSIÓN_ESTRUCTURAL,TENDENCIA,ALCISTA_NORMAL,,,,
CLAVE_ESPECIFICA,CLAVE_ESPECIFICA|US2000-OTC|PUT|REACCIÓN_ZONA|TENDENCIA|BAJISTA_NORMAL,3,1,2,33.33,0.0,MUESTRA_INSUFICIENTE,INSUFICIENTE,47.17,27.2,67.15,False,3,,,,,,0,,US2000-OTC,put,REACCIÓN_ZONA,TENDENCIA,BAJISTA_NORMAL,,,,
CLAVE_ESPECIFICA,CLAVE_ESPECIFICA|NZDJPY-OTC|CALL|REVERSIÓN|TENDENCIA|BAJISTA_FUERTE,3,1,2,33.33,0.0,MUESTRA_INSUFICIENTE,INSUFICIENTE,47.17,27.2,67.15,False,3,,,,,,0,,NZDJPY-OTC,call,REVERSIÓN,TENDENCIA,BAJISTA_FUERTE,,,,
ACTIVO_FAMILIA,ACTIVO_FAMILIA|EURCAD-OTC|REACCIÓN_ZONA,3,1,2,33.33,0.0,MUESTRA_INSUFICIENTE,INSUFICIENTE,47.17,27.2,67.15,False,3,,,,,,0,,EURCAD-OTC,put,REACCIÓN_ZONA,TENDENCIA,BAJISTA_FUERTE,,,,
CONTEXTO_TECNICO,CONTEXTO_TECNICO|CALL|REVERSIÓN|TENDENCIA|ALCISTA_DEBIL,3,1,2,33.33,0.0,MUESTRA_INSUFICIENTE,INSUFICIENTE,47.17,27.2,67.15,False,3,,,,,,0,,USDSGD-OTC,call,REVERSIÓN,TENDENCIA,ALCISTA_DEBIL,,,,
FIRMA_EVIDENCIAS_EXACTA,FIRMA_EVIDENCIAS_EXACTA|ALCISTA_DEBIL+CALL+REVERSIÓN+TENDENCIA,3,1,2,33.33,0.0,MUESTRA_INSUFICIENTE,INSUFICIENTE,47.17,27.2,67.15,False,3,,,,,,0,,USDSGD-OTC,call,REVERSIÓN,TENDENCIA,ALCISTA_DEBIL,,,,
CLAVE_ESPECIFICA,CLAVE_ESPECIFICA|EURCAD-OTC|PUT|CONTINUACIÓN|TENDENCIA|BAJISTA_FUERTE,3,1,2,33.33,0.0,MUESTRA_INSUFICIENTE,INSUFICIENTE,47.17,27.2,67.15,False,3,,,,,,0,,EURCAD-OTC,put,CONTINUACIÓN,TENDENCIA,BAJISTA_FUERTE,,,,
CLAVE_ESPECIFICA,CLAVE_ESPECIFICA|US2000-OTC|PUT|CONTINUACIÓN|TENDENCIA|BAJISTA_DEBIL,3,1,2,33.33,0.0,MUESTRA_INSUFICIENTE,INSUFICIENTE,47.17,27.2,67.15,False,3,,,,,,0,,US2000-OTC,put,CONTINUACIÓN,TENDENCIA,BAJISTA_DEBIL,,,,
CLAVE_ESPECIFICA,CLAVE_ESPECIFICA|USDTHB-OTC|CALL|REVERSIÓN|TENDENCIA|BAJISTA_NORMAL,3,1,2,33.33,0.0,MUESTRA_INSUFICIENTE,INSUFICIENTE,47.17,27.2,67.15,False,3,,,,,,0,,USDTHB-OTC,call,REVERSIÓN,TENDENCIA,BAJISTA_NORMAL,,,,
CLAVE_ESPECIFICA,CLAVE_ESPECIFICA|US2000-OTC|PUT|CONTINUACIÓN|TENDENCIA|BAJISTA_FUERTE,3,1,2,33.33,0.0,MUESTRA_INSUFICIENTE,INSUFICIENTE,47.17,27.2,67.15,False,3,,,,,,0,,US2000-OTC,put,CONTINUACIÓN,TENDENCIA,BAJISTA_FUERTE,,,,
CLAVE_ESPECIFICA,CLAVE_ESPECIFICA|COFFEE-OTC|PUT|REACCIÓN_ZONA|TENDENCIA|BAJISTA_NORMAL,3,1,2,33.33,0.0,MUESTRA_INSUFICIENTE,INSUFICIENTE,47.17,27.2,67.15,False,3,,,,,,0,,COFFEE-OTC,put,REACCIÓN_ZONA,TENDENCIA,BAJISTA_NORMAL,,,,
FAMILIA_TENDENCIA,FAMILIA_TENDENCIA|REACCIÓN_ZONA|ALCISTA_FUERTE,3,1,2,33.33,0.0,MUESTRA_INSUFICIENTE,INSUFICIENTE,47.17,27.2,67.15,False,3,,,,,,0,,COFFEE-OTC,call,REACCIÓN_ZONA,TENDENCIA,ALCISTA_FUERTE,,,,
CLAVE_ESPECIFICA,CLAVE_ESPECIFICA|MANAUSD-OTC|PUT|REVERSIÓN|TENDENCIA|ALCISTA_NORMAL,3,1,2,33.33,0.0,MUESTRA_INSUFICIENTE,INSUFICIENTE,47.17,27.2,67.15,False,3,,,,,,0,,MANAUSD-OTC,put,REVERSIÓN,TENDENCIA,ALCISTA_NORMAL,,,,
CLAVE_ESPECIFICA,CLAVE_ESPECIFICA|US2000-OTC|CALL|REVERSIÓN|TENDENCIA|BAJISTA_NORMAL,3,1,2,33.33,0.0,MUESTRA_INSUFICIENTE,INSUFICIENTE,47.17,27.2,67.15,False,3,,,,,,0,,US2000-OTC,call,REVERSIÓN,TENDENCIA,BAJISTA_NORMAL,,,,
CLAVE_ESPECIFICA,CLAVE_ESPECIFICA|EURCAD-OTC|CALL|CONTINUACIÓN|TENDENCIA|ALCISTA_NORMAL,3,1,2,33.33,0.0,MUESTRA_INSUFICIENTE,INSUFICIENTE,47.17,27.2,67.15,False,3,,,,,,0,,EURCAD-OTC,call,CONTINUACIÓN,TENDENCIA,ALCISTA_NORMAL,,,,
CLAVE_ESPECIFICA,CLAVE_ESPECIFICA|EURCAD-OTC|PUT|CONTINUACIÓN|TENDENCIA|BAJISTA_DEBIL,3,1,2,33.33,0.0,MUESTRA_INSUFICIENTE,INSUFICIENTE,47.17,27.2,67.15,False,3,,,,,,0,,EURCAD-OTC,put,CONTINUACIÓN,TENDENCIA,BAJISTA_DEBIL,,,,
CLAVE_ESPECIFICA,CLAVE_ESPECIFICA|AIG-OTC|PUT|REACCIÓN_ZONA|TENDENCIA|BAJISTA_NORMAL,3,0,3,0.0,0.0,MUESTRA_INSUFICIENTE,INSUFICIENTE,42.83,23.03,62.62,False,3,,,,,,0,,AIG-OTC,put,REACCIÓN_ZONA,TENDENCIA,BAJISTA_NORMAL,,,,
CONTEXTO_SETUP,CONTEXTO_SETUP|PUT|REVERSIÓN_ESTRUCTURAL|CHOCH_BAJISTA|CHOCH_SIMPLE|TENDENCIA,3,0,3,0.0,0.0,MUESTRA_INSUFICIENTE,INSUFICIENTE,42.83,23.03,62.62,False,3,,,,,,0,,USDMXN-OTC,put,REVERSIÓN_ESTRUCTURAL,TENDENCIA,BAJISTA_NORMAL,,,,
SETUP_EVIDENCIAS,SETUP_EVIDENCIAS|CHOCH_BAJISTA+CHOCH_SIMPLE+REVERSIÓN_ESTRUCTURAL,3,0,3,0.0,0.0,MUESTRA_INSUFICIENTE,INSUFICIENTE,42.83,23.03,62.62,False,3,,,,,,0,,USDMXN-OTC,put,REVERSIÓN_ESTRUCTURAL,TENDENCIA,BAJISTA_NORMAL,,,,
CLAVE_ESPECIFICA,CLAVE_ESPECIFICA|US2000-OTC|PUT|REVERSIÓN_ESTRUCTURAL|TENDENCIA|BAJISTA_DEBIL,2,2,0,100.0,0.0,MUESTRA_INSUFICIENTE,INSUFICIENTE,53.86,33.49,74.24,False,2,,,,,,0,,US2000-OTC,put,REVERSIÓN_ESTRUCTURAL,TENDENCIA,BAJISTA_DEBIL,,,,
CLAVE_ESPECIFICA,CLAVE_ESPECIFICA|LTCUSD-OTC|CALL|REACCIÓN_ZONA|TENDENCIA|ALCISTA_NORMAL,2,2,0,100.0,0.0,MUESTRA_INSUFICIENTE,INSUFICIENTE,53.86,33.49,74.24,False,2,,,,,,0,,LTCUSD-OTC,call,REACCIÓN_ZONA,TENDENCIA,ALCISTA_NORMAL,,,,
CLAVE_ESPECIFICA,CLAVE_ESPECIFICA|HK33-OTC|PUT|CONTINUACIÓN|TENDENCIA|BAJISTA_FUERTE,2,2,0,100.0,0.0,MUESTRA_INSUFICIENTE,INSUFICIENTE,53.86,33.49,74.24,False,2,,,,,,0,,HK33-OTC,put,CONTINUACIÓN,TENDENCIA,BAJISTA_FUERTE,,,,
CONTEXTO_TECNICO,CONTEXTO_TECNICO|CALL|REVERSIÓN_ESTRUCTURAL|TENDENCIA|ALCISTA_FUERTE,2,2,0,100.0,0.0,MUESTRA_INSUFICIENTE,INSUFICIENTE,53.86,33.49,74.24,False,2,,,,,,0,,AIG-OTC,call,REVERSIÓN_ESTRUCTURAL,TENDENCIA,ALCISTA_FUERTE,,,,
FAMILIA_TENDENCIA,FAMILIA_TENDENCIA|REVERSIÓN_ESTRUCTURAL|ALCISTA_FUERTE,2,2,0,100.0,0.0,MUESTRA_INSUFICIENTE,INSUFICIENTE,53.86,33.49,74.24,False,2,,,,,,0,,AIG-OTC,call,REVERSIÓN_ESTRUCTURAL,TENDENCIA,ALCISTA_FUERTE,,,,
FIRMA_EVIDENCIAS_EXACTA,FIRMA_EVIDENCIAS_EXACTA|ALCISTA_FUERTE+CALL+REVERSIÓN_ESTRUCTURAL+TENDENCIA,2,2,0,100.0,0.0,MUESTRA_INSUFICIENTE,INSUFICIENTE,53.86,33.49,74.24,False,2,,,,,,0,,AIG-OTC,call,REVERSIÓN_ESTRUCTURAL,TENDENCIA,ALCISTA_FUERTE,,,,
CONTEXTO_SETUP,CONTEXTO_SETUP|CALL|REACCIÓN_ZONA|CONTINUACION|ZONA_SIN_RUPTURA|TENDENCIA,2,2,0,100.0,0.0,MUESTRA_INSUFICIENTE,INSUFICIENTE,53.86,33.49,74.24,False,2,,,,,,0,,MANAUSD-OTC,call,REACCIÓN_ZONA,TENDENCIA,ALCISTA_NORMAL,,,,
CLAVE_ESPECIFICA,CLAVE_ESPECIFICA|MANAUSD-OTC|CALL|REACCIÓN_ZONA|TENDENCIA|ALCISTA_NORMAL,2,2,0,100.0,0.0,MUESTRA_INSUFICIENTE,INSUFICIENTE,53.86,33.49,74.24,False,2,,,,,,0,,MANAUSD-OTC,call,REACCIÓN_ZONA,TENDENCIA,ALCISTA_NORMAL,,,,
CONTEXTO_SETUP,CONTEXTO_SETUP|PUT|REACCIÓN_ZONA|RECHAZO_BAJISTA|ZONA_RECHAZO_CONFIRMADO|TENDENCIA,2,2,0,100.0,0.0,MUESTRA_INSUFICIENTE,INSUFICIENTE,53.86,33.49,74.24,False,2,,,,,,0,,USDSGD-OTC,put,REACCIÓN_ZONA,TENDENCIA,ALCISTA_NORMAL,,,,
CLAVE_ESPECIFICA,CLAVE_ESPECIFICA|AIG-OTC|PUT|REVERSIÓN_ESTRUCTURAL|TENDENCIA|BAJISTA_FUERTE,2,2,0,100.0,0.0,MUESTRA_INSUFICIENTE,INSUFICIENTE,53.86,33.49,74.24,False,2,,,,,,0,,AIG-OTC,put,REVERSIÓN_ESTRUCTURAL,TENDENCIA,BAJISTA_FUERTE,,,,
CLAVE_ESPECIFICA,CLAVE_ESPECIFICA|AIG-OTC|CALL|REACCIÓN_ZONA|TENDENCIA|ALCISTA_DEBIL,2,2,0,100.0,0.0,MUESTRA_INSUFICIENTE,INSUFICIENTE,53.86,33.49,74.24,False,2,,,,,,0,,AIG-OTC,call,REACCIÓN_ZONA,TENDENCIA,ALCISTA_DEBIL,,,,
CLAVE_ESPECIFICA,CLAVE_ESPECIFICA|US2000-OTC|PUT|REVERSIÓN|TENDENCIA|ALCISTA_FUERTE,2,2,0,100.0,0.0,MUESTRA_INSUFICIENTE,INSUFICIENTE,53.86,33.49,74.24,False,2,,,,,,0,,US2000-OTC,put,REVERSIÓN,TENDENCIA,ALCISTA_FUERTE,,,,
CLAVE_ESPECIFICA,CLAVE_ESPECIFICA|USDMXN-OTC|CALL|REVERSIÓN|TENDENCIA|BAJISTA_DEBIL,2,2,0,100.0,0.0,MUESTRA_INSUFICIENTE,INSUFICIENTE,53.86,33.49,74.24,False,2,,,,,,0,,USDMXN-OTC,call,REVERSIÓN,TENDENCIA,BAJISTA_DEBIL,,,,
CLAVE_ESPECIFICA,CLAVE_ESPECIFICA|COFFEE-OTC|PUT|REVERSIÓN|TENDENCIA|ALCISTA_FUERTE,2,2,0,100.0,0.0,MUESTRA_INSUFICIENTE,INSUFICIENTE,53.86,33.49,74.24,False,2,,,,,,0,,COFFEE-OTC,put,REVERSIÓN,TENDENCIA,ALCISTA_FUERTE,,,,
CLAVE_ESPECIFICA,CLAVE_ESPECIFICA|NZDCHF-OTC|PUT|REVERSIÓN|TENDENCIA|ALCISTA_DEBIL,2,2,0,100.0,0.0,MUESTRA_INSUFICIENTE,INSUFICIENTE,53.86,33.49,74.24,False,2,,,,,,0,,NZDCHF-OTC,put,REVERSIÓN,TENDENCIA,ALCISTA_DEBIL,,,,
CLAVE_ESPECIFICA,CLAVE_ESPECIFICA|COFFEE-OTC|CALL|REVERSIÓN_ESTRUCTURAL|TENDENCIA|ALCISTA_NORMAL,2,1,1,50.0,0.0,MUESTRA_INSUFICIENTE,INSUFICIENTE,49.32,28.89,69.75,False,2,,,,,,0,,COFFEE-OTC,call,REVERSIÓN_ESTRUCTURAL,TENDENCIA,ALCISTA_NORMAL,,,,
CLAVE_ESPECIFICA,CLAVE_ESPECIFICA|EURCAD-OTC|PUT|REACCIÓN_ZONA|TENDENCIA|BAJISTA_FUERTE,2,1,1,50.0,0.0,MUESTRA_INSUFICIENTE,INSUFICIENTE,49.32,28.89,69.75,False,2,,,,,,0,,EURCAD-OTC,put,REACCIÓN_ZONA,TENDENCIA,BAJISTA_FUERTE,,,,
CONTEXTO_SETUP,CONTEXTO_SETUP|PUT|REACCIÓN_ZONA|CONTINUACION|ZONA_RECHAZO_CONFIRMADO|TENDENCIA,2,1,1,50.0,0.0,MUESTRA_INSUFICIENTE,INSUFICIENTE,49.32,28.89,69.75,False,2,,,,,,0,,EURCAD-OTC,put,REACCIÓN_ZONA,TENDENCIA,BAJISTA_FUERTE,,,,
SETUP_EVIDENCIAS,SETUP_EVIDENCIAS|CONTINUACION+REACCIÓN_ZONA+ZONA_RECHAZO_CONFIRMADO,2,1,1,50.0,0.0,MUESTRA_INSUFICIENTE,INSUFICIENTE,49.32,28.89,69.75,False,2,,,,,,0,,EURCAD-OTC,put,REACCIÓN_ZONA,TENDENCIA,BAJISTA_FUERTE,,,,
CLAVE_ESPECIFICA,CLAVE_ESPECIFICA|NZDCHF-OTC|PUT|REVERSIÓN_ESTRUCTURAL|TENDENCIA|BAJISTA_FUERTE,2,1,1,50.0,0.0,MUESTRA_INSUFICIENTE,INSUFICIENTE,49.32,28.89,69.75,False,2,,,,,,0,,NZDCHF-OTC,put,REVERSIÓN_ESTRUCTURAL,TENDENCIA,BAJISTA_FUERTE,,,,
CLAVE_ESPECIFICA,CLAVE_ESPECIFICA|USDMXN-OTC|PUT|REVERSIÓN|TENDENCIA|ALCISTA_FUERTE,2,1,1,50.0,0.0,MUESTRA_INSUFICIENTE,INSUFICIENTE,49.32,28.89,69.75,False,2,,,,,,0,,USDMXN-OTC,put,REVERSIÓN,TENDENCIA,ALCISTA_FUERTE,,,,
CLAVE_ESPECIFICA,CLAVE_ESPECIFICA|AIG-OTC|PUT|CONTINUACIÓN|TENDENCIA|BAJISTA_DEBIL,2,1,1,50.0,0.0,MUESTRA_INSUFICIENTE,INSUFICIENTE,49.32,28.89,69.75,False,2,,,,,,0,,AIG-OTC,put,CONTINUACIÓN,TENDENCIA,BAJISTA_DEBIL,,,,
CLAVE_ESPECIFICA,CLAVE_ESPECIFICA|MANAUSD-OTC|PUT|REACCIÓN_ZONA|TENDENCIA|BAJISTA_NORMAL,2,1,1,50.0,0.0,MUESTRA_INSUFICIENTE,INSUFICIENTE,49.32,28.89,69.75,False,2,,,,,,0,,MANAUSD-OTC,put,REACCIÓN_ZONA,TENDENCIA,BAJISTA_NORMAL,,,,
CLAVE_ESPECIFICA,CLAVE_ESPECIFICA|AIG-OTC|CALL|CONTINUACIÓN|TENDENCIA|ALCISTA_NORMAL,2,1,1,50.0,0.0,MUESTRA_INSUFICIENTE,INSUFICIENTE,49.32,28.89,69.75,False,2,,,,,,0,,AIG-OTC,call,CONTINUACIÓN,TENDENCIA,ALCISTA_NORMAL,,,,
CLAVE_ESPECIFICA,CLAVE_ESPECIFICA|USDTHB-OTC|PUT|REVERSIÓN_ESTRUCTURAL|TENDENCIA|BAJISTA_NORMAL,2,1,1,50.0,0.0,MUESTRA_INSUFICIENTE,INSUFICIENTE,49.32,28.89,69.75,False,2,,,,,,0,,USDTHB-OTC,put,REVERSIÓN_ESTRUCTURAL,TENDENCIA,BAJISTA_NORMAL,,,,
CLAVE_ESPECIFICA,CLAVE_ESPECIFICA|USDSGD-OTC|PUT|REACCIÓN_ZONA|TENDENCIA|ALCISTA_NORMAL,2,1,1,50.0,0.0,MUESTRA_INSUFICIENTE,INSUFICIENTE,49.32,28.89,69.75,False,2,,,,,,0,,USDSGD-OTC,put,REACCIÓN_ZONA,TENDENCIA,ALCISTA_NORMAL,,,,
CLAVE_ESPECIFICA,CLAVE_ESPECIFICA|NZDCHF-OTC|PUT|CONTINUACIÓN|TENDENCIA|BAJISTA_DEBIL,2,1,1,50.0,0.0,MUESTRA_INSUFICIENTE,INSUFICIENTE,49.32,28.89,69.75,False,2,,,,,,0,,NZDCHF-OTC,put,CONTINUACIÓN,TENDENCIA,BAJISTA_DEBIL,,,,
CLAVE_ESPECIFICA,CLAVE_ESPECIFICA|USDSGD-OTC|CALL|REACCIÓN_ZONA|TENDENCIA|ALCISTA_NORMAL,2,1,1,50.0,0.0,MUESTRA_INSUFICIENTE,INSUFICIENTE,49.32,28.89,69.75,False,2,,,,,,0,,USDSGD-OTC,call,REACCIÓN_ZONA,TENDENCIA,ALCISTA_NORMAL,,,,
CONTEXTO_TECNICO,CONTEXTO_TECNICO|CALL|REACCIÓN_ZONA|TENDENCIA|ALCISTA_FUERTE,2,1,1,50.0,0.0,MUESTRA_INSUFICIENTE,INSUFICIENTE,49.32,28.89,69.75,False,2,,,,,,0,,COFFEE-OTC,call,REACCIÓN_ZONA,TENDENCIA,ALCISTA_FUERTE,,,,
CLAVE_ESPECIFICA,CLAVE_ESPECIFICA|COFFEE-OTC|CALL|REACCIÓN_ZONA|TENDENCIA|ALCISTA_FUERTE,2,1,1,50.0,0.0,MUESTRA_INSUFICIENTE,INSUFICIENTE,49.32,28.89,69.75,False,2,,,,,,0,,COFFEE-OTC,call,REACCIÓN_ZONA,TENDENCIA,ALCISTA_FUERTE,,,,
FIRMA_EVIDENCIAS_EXACTA,FIRMA_EVIDENCIAS_EXACTA|ALCISTA_FUERTE+CALL+REACCIÓN_ZONA+TENDENCIA,2,1,1,50.0,0.0,MUESTRA_INSUFICIENTE,INSUFICIENTE,49.32,28.89,69.75,False,2,,,,,,0,,COFFEE-OTC,call,REACCIÓN_ZONA,TENDENCIA,ALCISTA_FUERTE,,,,
ACTIVO_FAMILIA,ACTIVO_FAMILIA|NZDJPY-OTC|REVERSIÓN_ESTRUCTURAL,2,1,1,50.0,0.0,MUESTRA_INSUFICIENTE,INSUFICIENTE,49.32,28.89,69.75,False,2,,,,,,0,,NZDJPY-OTC,put,REVERSIÓN_ESTRUCTURAL,TENDENCIA,BAJISTA_NORMAL,,,,
CLAVE_ESPECIFICA,CLAVE_ESPECIFICA|NZDJPY-OTC|PUT|REVERSIÓN_ESTRUCTURAL|TENDENCIA|BAJISTA_NORMAL,2,1,1,50.0,0.0,MUESTRA_INSUFICIENTE,INSUFICIENTE,49.32,28.89,69.75,False,2,,,,,,0,,NZDJPY-OTC,put,REVERSIÓN_ESTRUCTURAL,TENDENCIA,BAJISTA_NORMAL,,,,
CONTEXTO_TECNICO,CONTEXTO_TECNICO|PUT|REACCIÓN_ZONA|TENDENCIA|BAJISTA_DEBIL,2,1,1,50.0,0.0,MUESTRA_INSUFICIENTE,INSUFICIENTE,49.32,28.89,69.75,False,2,,,,,,0,,COFFEE-OTC,put,REACCIÓN_ZONA,TENDENCIA,BAJISTA_DEBIL,,,,
FAMILIA_TENDENCIA,FAMILIA_TENDENCIA|REACCIÓN_ZONA|BAJISTA_DEBIL,2,1,1,50.0,0.0,MUESTRA_INSUFICIENTE,INSUFICIENTE,49.32,28.89,69.75,False,2,,,,,,0,,COFFEE-OTC,put,REACCIÓN_ZONA,TENDENCIA,BAJISTA_DEBIL,,,,
FIRMA_EVIDENCIAS_EXACTA,FIRMA_EVIDENCIAS_EXACTA|BAJISTA_DEBIL+PUT+REACCIÓN_ZONA+TENDENCIA,2,1,1,50.0,0.0,MUESTRA_INSUFICIENTE,INSUFICIENTE,49.32,28.89,69.75,False,2,,,,,,0,,COFFEE-OTC,put,REACCIÓN_ZONA,TENDENCIA,BAJISTA_DEBIL,,,,
ACTIVO_FAMILIA,ACTIVO_FAMILIA|NZDCHF-OTC|REACCIÓN_ZONA,2,1,1,50.0,0.0,MUESTRA_INSUFICIENTE,INSUFICIENTE,49.32,28.89,69.75,False,2,,,,,,0,,NZDCHF-OTC,put,REACCIÓN_ZONA,TENDENCIA,BAJISTA_NORMAL,,,,
CLAVE_ESPECIFICA,CLAVE_ESPECIFICA|US2000-OTC|PUT|REVERSIÓN|TENDENCIA|ALCISTA_DEBIL,2,1,1,50.0,0.0,MUESTRA_INSUFICIENTE,INSUFICIENTE,49.32,28.89,69.75,False,2,,,,,,0,,US2000-OTC,put,REVERSIÓN,TENDENCIA,ALCISTA_DEBIL,,,,
CLAVE_ESPECIFICA,CLAVE_ESPECIFICA|USDTHB-OTC|PUT|REVERSIÓN|TENDENCIA|ALCISTA_FUERTE,2,1,1,50.0,0.0,MUESTRA_INSUFICIENTE,INSUFICIENTE,49.32,28.89,69.75,False,2,,,,,,0,,USDTHB-OTC,put,REVERSIÓN,TENDENCIA,ALCISTA_FUERTE,,,,
ACTIVO_FAMILIA,ACTIVO_FAMILIA|LTCUSD-OTC|REVERSIÓN_ESTRUCTURAL,2,1,1,50.0,0.0,MUESTRA_INSUFICIENTE,INSUFICIENTE,49.32,28.89,69.75,False,2,,,,,,0,,LTCUSD-OTC,put,REVERSIÓN_ESTRUCTURAL,TENDENCIA,BAJISTA_NORMAL,,,,
CLAVE_ESPECIFICA,CLAVE_ESPECIFICA|LTCUSD-OTC|PUT|REVERSIÓN_ESTRUCTURAL|TENDENCIA|BAJISTA_NORMAL,2,1,1,50.0,0.0,MUESTRA_INSUFICIENTE,INSUFICIENTE,49.32,28.89,69.75,False,2,,,,,,0,,LTCUSD-OTC,put,REVERSIÓN_ESTRUCTURAL,TENDENCIA,BAJISTA_NORMAL,,,,
ACTIVO_FAMILIA,ACTIVO_FAMILIA|EURCAD-OTC|REVERSIÓN_ESTRUCTURAL,2,1,1,50.0,0.0,MUESTRA_INSUFICIENTE,INSUFICIENTE,49.32,28.89,69.75,False,2,,,,,,0,,EURCAD-OTC,put,REVERSIÓN_ESTRUCTURAL,TENDENCIA,BAJISTA_NORMAL,,,,
CLAVE_ESPECIFICA,CLAVE_ESPECIFICA|EURCAD-OTC|PUT|REVERSIÓN_ESTRUCTURAL|TENDENCIA|BAJISTA_NORMAL,2,1,1,50.0,0.0,MUESTRA_INSUFICIENTE,INSUFICIENTE,49.32,28.89,69.75,False,2,,,,,,0,,EURCAD-OTC,put,REVERSIÓN_ESTRUCTURAL,TENDENCIA,BAJISTA_NORMAL,,,,
CLAVE_ESPECIFICA,CLAVE_ESPECIFICA|MANAUSD-OTC|CALL|CONTINUACIÓN|TENDENCIA|ALCISTA_NORMAL,2,1,1,50.0,0.0,MUESTRA_INSUFICIENTE,INSUFICIENTE,49.32,28.89,69.75,False,2,,,,,,0,,MANAUSD-OTC,call,CONTINUACIÓN,TENDENCIA,ALCISTA_NORMAL,,,,
CLAVE_ESPECIFICA,CLAVE_ESPECIFICA|NZDCHF-OTC|CALL|REVERSIÓN|TENDENCIA|BAJISTA_NORMAL,2,0,2,0.0,0.0,MUESTRA_INSUFICIENTE,INSUFICIENTE,44.77,24.45,65.1,False,2,,,,,,0,,NZDCHF-OTC,call,REVERSIÓN,TENDENCIA,BAJISTA_NORMAL,,,,
CONTEXTO_TECNICO,CONTEXTO_TECNICO|PUT|CONTINUACIÓN|TENDENCIA|BAJISTA_AGOTADA,2,0,2,0.0,0.0,MUESTRA_INSUFICIENTE,INSUFICIENTE,44.77,24.45,65.1,False,2,,,,,,0,,NZDCHF-OTC,put,CONTINUACIÓN,TENDENCIA,BAJISTA_AGOTADA,,,,
CONTEXTO_SETUP,CONTEXTO_SETUP|PUT|CONTINUACIÓN|CONTINUACION|PULLBACK_TENDENCIA_AGOTADA|TENDENCIA,2,0,2,0.0,0.0,MUESTRA_INSUFICIENTE,INSUFICIENTE,44.77,24.45,65.1,False,2,,,,,,0,,NZDCHF-OTC,put,CONTINUACIÓN,TENDENCIA,BAJISTA_AGOTADA,,,,
FAMILIA_TENDENCIA,FAMILIA_TENDENCIA|CONTINUACIÓN|BAJISTA_AGOTADA,2,0,2,0.0,0.0,MUESTRA_INSUFICIENTE,INSUFICIENTE,44.77,24.45,65.1,False,2,,,,,,0,,NZDCHF-OTC,put,CONTINUACIÓN,TENDENCIA,BAJISTA_AGOTADA,,,,
SETUP_EVIDENCIAS,SETUP_EVIDENCIAS|CONTINUACION+CONTINUACIÓN+PULLBACK_TENDENCIA_AGOTADA,2,0,2,0.0,0.0,MUESTRA_INSUFICIENTE,INSUFICIENTE,44.77,24.45,65.1,False,2,,,,,,0,,NZDCHF-OTC,put,CONTINUACIÓN,TENDENCIA,BAJISTA_AGOTADA,,,,
FIRMA_EVIDENCIAS_EXACTA,FIRMA_EVIDENCIAS_EXACTA|BAJISTA_AGOTADA+CONTINUACIÓN+PUT+TENDENCIA,2,0,2,0.0,0.0,MUESTRA_INSUFICIENTE,INSUFICIENTE,44.77,24.45,65.1,False,2,,,,,,0,,NZDCHF-OTC,put,CONTINUACIÓN,TENDENCIA,BAJISTA_AGOTADA,,,,
CLAVE_ESPECIFICA,CLAVE_ESPECIFICA|US2000-OTC|CALL|CONTINUACIÓN|TENDENCIA|ALCISTA_NORMAL,2,0,2,0.0,0.0,MUESTRA_INSUFICIENTE,INSUFICIENTE,44.77,24.45,65.1,False,2,,,,,,0,,US2000-OTC,call,CONTINUACIÓN,TENDENCIA,ALCISTA_NORMAL,,,,
CLAVE_ESPECIFICA,CLAVE_ESPECIFICA|COFFEE-OTC|CALL|REACCIÓN_ZONA|TENDENCIA|ALCISTA_NORMAL,2,0,2,0.0,0.0,MUESTRA_INSUFICIENTE,INSUFICIENTE,44.77,24.45,65.1,False,2,,,,,,0,,COFFEE-OTC,call,REACCIÓN_ZONA,TENDENCIA,ALCISTA_NORMAL,,,,
CLAVE_ESPECIFICA,CLAVE_ESPECIFICA|AIG-OTC|CALL|REVERSIÓN|TENDENCIA|BAJISTA_FUERTE,2,0,2,0.0,0.0,MUESTRA_INSUFICIENTE,INSUFICIENTE,44.77,24.45,65.1,False,2,,,,,,0,,AIG-OTC,call,REVERSIÓN,TENDENCIA,BAJISTA_FUERTE,,,,
ACTIVO_FAMILIA,ACTIVO_FAMILIA|USDMXN-OTC|REACCIÓN_ZONA,2,0,2,0.0,0.0,MUESTRA_INSUFICIENTE,INSUFICIENTE,44.77,24.45,65.1,False,2,,,,,,0,,USDMXN-OTC,put,REACCIÓN_ZONA,TENDENCIA,BAJISTA_NORMAL,,,,
CLAVE_ESPECIFICA,CLAVE_ESPECIFICA|USDMXN-OTC|CALL|CONTINUACIÓN|TENDENCIA|ALCISTA_NORMAL,2,0,2,0.0,0.0,MUESTRA_INSUFICIENTE,INSUFICIENTE,44.77,24.45,65.1,False,2,,,,,,0,,USDMXN-OTC,call,CONTINUACIÓN,TENDENCIA,ALCISTA_NORMAL,,,,
CONTEXTO_TECNICO,CONTEXTO_TECNICO|PUT|REVERSIÓN|TENDENCIA|BAJISTA_DEBIL,2,0,2,0.0,0.0,MUESTRA_INSUFICIENTE,INSUFICIENTE,44.77,24.45,65.1,False,2,,,,,,0,,LTCUSD-OTC,put,REVERSIÓN,TENDENCIA,BAJISTA_DEBIL,,,,
FIRMA_EVIDENCIAS_EXACTA,FIRMA_EVIDENCIAS_EXACTA|BAJISTA_DEBIL+PUT+REVERSIÓN+TENDENCIA,2,0,2,0.0,0.0,MUESTRA_INSUFICIENTE,INSUFICIENTE,44.77,24.45,65.1,False,2,,,,,,0,,LTCUSD-OTC,put,REVERSIÓN,TENDENCIA,BAJISTA_DEBIL,,,,
CLAVE_ESPECIFICA,CLAVE_ESPECIFICA|AIG-OTC|PUT|REVERSIÓN|TENDENCIA|ALCISTA_FUERTE,2,0,2,0.0,0.0,MUESTRA_INSUFICIENTE,INSUFICIENTE,44.77,24.45,65.1,False,2,,,,,,0,,AIG-OTC,put,REVERSIÓN,TENDENCIA,ALCISTA_FUERTE,,,,
CLAVE_ESPECIFICA,CLAVE_ESPECIFICA|USDTHB-OTC|CALL|CONTINUACIÓN|TENDENCIA|ALCISTA_NORMAL,2,0,2,0.0,0.0,MUESTRA_INSUFICIENTE,INSUFICIENTE,44.77,24.45,65.1,False,2,,,,,,0,,USDTHB-OTC,call,CONTINUACIÓN,TENDENCIA,ALCISTA_NORMAL,,,,
CLAVE_ESPECIFICA,CLAVE_ESPECIFICA|COFFEE-OTC|CALL|CONTINUACIÓN|TENDENCIA|ALCISTA_NORMAL,1,1,0,100.0,0.0,MUESTRA_INSUFICIENTE,INSUFICIENTE,51.67,30.78,72.55,False,1,,,,,,0,,COFFEE-OTC,call,CONTINUACIÓN,TENDENCIA,ALCISTA_NORMAL,,,,
CLAVE_ESPECIFICA,CLAVE_ESPECIFICA|NZDCHF-OTC|PUT|REVERSIÓN_ESTRUCTURAL|TENDENCIA|BAJISTA_NORMAL,1,1,0,100.0,0.0,MUESTRA_INSUFICIENTE,INSUFICIENTE,51.67,30.78,72.55,False,1,,,,,,0,,NZDCHF-OTC,put,REVERSIÓN_ESTRUCTURAL,TENDENCIA,BAJISTA_NORMAL,,,,
CLAVE_ESPECIFICA,CLAVE_ESPECIFICA|HK33-OTC|CALL|REVERSIÓN|TENDENCIA|BAJISTA_DEBIL,1,1,0,100.0,0.0,MUESTRA_INSUFICIENTE,INSUFICIENTE,51.67,30.78,72.55,False,1,,,,,,0,,HK33-OTC,call,REVERSIÓN,TENDENCIA,BAJISTA_DEBIL,,,,
CLAVE_ESPECIFICA,CLAVE_ESPECIFICA|USDSGD-OTC|CALL|CONTINUACIÓN|TENDENCIA|ALCISTA_NORMAL,1,1,0,100.0,0.0,MUESTRA_INSUFICIENTE,INSUFICIENTE,51.67,30.78,72.55,False,1,,,,,,0,,USDSGD-OTC,call,CONTINUACIÓN,TENDENCIA,ALCISTA_NORMAL,,,,
CLAVE_ESPECIFICA,CLAVE_ESPECIFICA|MANAUSD-OTC|PUT|REACCIÓN_ZONA|TENDENCIA|ALCISTA_NORMAL,1,1,0,100.0,0.0,MUESTRA_INSUFICIENTE,INSUFICIENTE,51.67,30.78,72.55,False,1,,,,,,0,,MANAUSD-OTC,put,REACCIÓN_ZONA,TENDENCIA,ALCISTA_NORMAL,,,,
CLAVE_ESPECIFICA,CLAVE_ESPECIFICA|AIG-OTC|CALL|REVERSIÓN_ESTRUCTURAL|TENDENCIA|ALCISTA_FUERTE,1,1,0,100.0,0.0,MUESTRA_INSUFICIENTE,INSUFICIENTE,51.67,30.78,72.55,False,1,,,,,,0,,AIG-OTC,call,REVERSIÓN_ESTRUCTURAL,TENDENCIA,ALCISTA_FUERTE,,,,
CONTEXTO_TECNICO,CONTEXTO_TECNICO|CALL|REVERSIÓN_ESTRUCTURAL|TENDENCIA|ALCISTA_DEBIL,1,1,0,100.0,0.0,MUESTRA_INSUFICIENTE,INSUFICIENTE,51.67,30.78,72.55,False,1,,,,,,0,,USDSGD-OTC,call,REVERSIÓN_ESTRUCTURAL,TENDENCIA,ALCISTA_DEBIL,,,,
FAMILIA_TENDENCIA,FAMILIA_TENDENCIA|REVERSIÓN_ESTRUCTURAL|ALCISTA_DEBIL,1,1,0,100.0,0.0,MUESTRA_INSUFICIENTE,INSUFICIENTE,51.67,30.78,72.55,False,1,,,,,,0,,USDSGD-OTC,call,REVERSIÓN_ESTRUCTURAL,TENDENCIA,ALCISTA_DEBIL,,,,
CLAVE_ESPECIFICA,CLAVE_ESPECIFICA|USDSGD-OTC|CALL|REVERSIÓN_ESTRUCTURAL|TENDENCIA|ALCISTA_DEBIL,1,1,0,100.0,0.0,MUESTRA_INSUFICIENTE,INSUFICIENTE,51.67,30.78,72.55,False,1,,,,,,0,,USDSGD-OTC,call,REVERSIÓN_ESTRUCTURAL,TENDENCIA,ALCISTA_DEBIL,,,,
FIRMA_EVIDENCIAS_EXACTA,FIRMA_EVIDENCIAS_EXACTA|ALCISTA_DEBIL+CALL+REVERSIÓN_ESTRUCTURAL+TENDENCIA,1,1,0,100.0,0.0,MUESTRA_INSUFICIENTE,INSUFICIENTE,51.67,30.78,72.55,False,1,,,,,,0,,USDSGD-OTC,call,REVERSIÓN_ESTRUCTURAL,TENDENCIA,ALCISTA_DEBIL,,,,
CLAVE_ESPECIFICA,CLAVE_ESPECIFICA|USDSGD-OTC|CALL|CONTINUACIÓN|TENDENCIA|ALCISTA_FUERTE,1,1,0,100.0,0.0,MUESTRA_INSUFICIENTE,INSUFICIENTE,51.67,30.78,72.55,False,1,,,,,,0,,USDSGD-OTC,call,CONTINUACIÓN,TENDENCIA,ALCISTA_FUERTE,,,,
CLAVE_ESPECIFICA,CLAVE_ESPECIFICA|USDSGD-OTC|CALL|REVERSIÓN_ESTRUCTURAL|TENDENCIA|ALCISTA_NORMAL,1,1,0,100.0,0.0,MUESTRA_INSUFICIENTE,INSUFICIENTE,51.67,30.78,72.55,False,1,,,,,,0,,USDSGD-OTC,call,REVERSIÓN_ESTRUCTURAL,TENDENCIA,ALCISTA_NORMAL,,,,
CLAVE_ESPECIFICA,CLAVE_ESPECIFICA|US2000-OTC|CALL|REVERSIÓN_ESTRUCTURAL|TENDENCIA|ALCISTA_NORMAL,1,1,0,100.0,0.0,MUESTRA_INSUFICIENTE,INSUFICIENTE,51.67,30.78,72.55,False,1,,,,,,0,,US2000-OTC,call,REVERSIÓN_ESTRUCTURAL,TENDENCIA,ALCISTA_NORMAL,,,,
CLAVE_ESPECIFICA,CLAVE_ESPECIFICA|EURCAD-OTC|PUT|REVERSIÓN|TENDENCIA|ALCISTA_FUERTE,1,1,0,100.0,0.0,MUESTRA_INSUFICIENTE,INSUFICIENTE,51.67,30.78,72.55,False,1,,,,,,0,,EURCAD-OTC,put,REVERSIÓN,TENDENCIA,ALCISTA_FUERTE,,,,
CLAVE_ESPECIFICA,CLAVE_ESPECIFICA|EURCAD-OTC|CALL|REVERSIÓN|TENDENCIA|ALCISTA_NORMAL,1,1,0,100.0,0.0,MUESTRA_INSUFICIENTE,INSUFICIENTE,51.67,30.78,72.55,False,1,,,,,,0,,EURCAD-OTC,call,REVERSIÓN,TENDENCIA,ALCISTA_NORMAL,,,,
CLAVE_ESPECIFICA,CLAVE_ESPECIFICA|USDMXN-OTC|CALL|REVERSIÓN|TENDENCIA|ALCISTA_NORMAL,1,1,0,100.0,0.0,MUESTRA_INSUFICIENTE,INSUFICIENTE,51.67,30.78,72.55,False,1,,,,,,0,,USDMXN-OTC,call,REVERSIÓN,TENDENCIA,ALCISTA_NORMAL,,,,
CLAVE_ESPECIFICA,CLAVE_ESPECIFICA|AIG-OTC|CALL|REVERSIÓN|TENDENCIA|BAJISTA_DEBIL,1,1,0,100.0,0.0,MUESTRA_INSUFICIENTE,INSUFICIENTE,51.67,30.78,72.55,False,1,,,,,,0,,AIG-OTC,call,REVERSIÓN,TENDENCIA,BAJISTA_DEBIL,,,,
CLAVE_ESPECIFICA,CLAVE_ESPECIFICA|LTCUSD-OTC|CALL|REVERSIÓN|TENDENCIA|ALCISTA_NORMAL,1,1,0,100.0,0.0,MUESTRA_INSUFICIENTE,INSUFICIENTE,51.67,30.78,72.55,False,1,,,,,,0,,LTCUSD-OTC,call,REVERSIÓN,TENDENCIA,ALCISTA_NORMAL,,,,
CLAVE_ESPECIFICA,CLAVE_ESPECIFICA|AIG-OTC|PUT|REVERSIÓN|TENDENCIA|BAJISTA_NORMAL,1,1,0,100.0,0.0,MUESTRA_INSUFICIENTE,INSUFICIENTE,51.67,30.78,72.55,False,1,,,,,,0,,AIG-OTC,put,REVERSIÓN,TENDENCIA,BAJISTA_NORMAL,,,,
CLAVE_ESPECIFICA,CLAVE_ESPECIFICA|COFFEE-OTC|PUT|REACCIÓN_ZONA|TENDENCIA|BAJISTA_DEBIL,1,1,0,100.0,0.0,MUESTRA_INSUFICIENTE,INSUFICIENTE,51.67,30.78,72.55,False,1,,,,,,0,,COFFEE-OTC,put,REACCIÓN_ZONA,TENDENCIA,BAJISTA_DEBIL,,,,
CLAVE_ESPECIFICA,CLAVE_ESPECIFICA|HK33-OTC|CALL|REVERSIÓN|TENDENCIA|BAJISTA_FUERTE,1,1,0,100.0,0.0,MUESTRA_INSUFICIENTE,INSUFICIENTE,51.67,30.78,72.55,False,1,,,,,,0,,HK33-OTC,call,REVERSIÓN,TENDENCIA,BAJISTA_FUERTE,,,,
CLAVE_ESPECIFICA,CLAVE_ESPECIFICA|HK33-OTC|CALL|REVERSIÓN|TENDENCIA|ALCISTA_NORMAL,1,1,0,100.0,0.0,MUESTRA_INSUFICIENTE,INSUFICIENTE,51.67,30.78,72.55,False,1,,,,,,0,,HK33-OTC,call,REVERSIÓN,TENDENCIA,ALCISTA_NORMAL,,,,
CLAVE_ESPECIFICA,CLAVE_ESPECIFICA|COFFEE-OTC|CALL|REVERSIÓN|TENDENCIA|BAJISTA_DEBIL,1,1,0,100.0,0.0,MUESTRA_INSUFICIENTE,INSUFICIENTE,51.67,30.78,72.55,False,1,,,,,,0,,COFFEE-OTC,call,REVERSIÓN,TENDENCIA,BAJISTA_DEBIL,,,,
CLAVE_ESPECIFICA,CLAVE_ESPECIFICA|NZDJPY-OTC|PUT|REVERSIÓN|TENDENCIA|ALCISTA_FUERTE,1,1,0,100.0,0.0,MUESTRA_INSUFICIENTE,INSUFICIENTE,51.67,30.78,72.55,False,1,,,,,,0,,NZDJPY-OTC,put,REVERSIÓN,TENDENCIA,ALCISTA_FUERTE,,,,
CLAVE_ESPECIFICA,CLAVE_ESPECIFICA|MANAUSD-OTC|PUT|REVERSIÓN_ESTRUCTURAL|TENDENCIA|BAJISTA_DEBIL,1,1,0,100.0,0.0,MUESTRA_INSUFICIENTE,INSUFICIENTE,51.67,30.78,72.55,False,1,,,,,,0,,MANAUSD-OTC,put,REVERSIÓN_ESTRUCTURAL,TENDENCIA,BAJISTA_DEBIL,,,,
CLAVE_ESPECIFICA,CLAVE_ESPECIFICA|USDSGD-OTC|CALL|REVERSIÓN_ESTRUCTURAL|TENDENCIA|ALCISTA_FUERTE,1,1,0,100.0,0.0,MUESTRA_INSUFICIENTE,INSUFICIENTE,51.67,30.78,72.55,False,1,,,,,,0,,USDSGD-OTC,call,REVERSIÓN_ESTRUCTURAL,TENDENCIA,ALCISTA_FUERTE,,,,
CLAVE_ESPECIFICA,CLAVE_ESPECIFICA|USDSGD-OTC|PUT|REVERSIÓN|TENDENCIA|ALCISTA_FUERTE,1,1,0,100.0,0.0,MUESTRA_INSUFICIENTE,INSUFICIENTE,51.67,30.78,72.55,False,1,,,,,,0,,USDSGD-OTC,put,REVERSIÓN,TENDENCIA,ALCISTA_FUERTE,,,,
CLAVE_ESPECIFICA,CLAVE_ESPECIFICA|NZDJPY-OTC|CALL|REACCIÓN_ZONA|TENDENCIA|ALCISTA_DEBIL,1,1,0,100.0,0.0,MUESTRA_INSUFICIENTE,INSUFICIENTE,51.67,30.78,72.55,False,1,,,,,,0,,NZDJPY-OTC,call,REACCIÓN_ZONA,TENDENCIA,ALCISTA_DEBIL,,,,
CLAVE_ESPECIFICA,CLAVE_ESPECIFICA|NZDCHF-OTC|PUT|REACCIÓN_ZONA|TENDENCIA|ALCISTA_NORMAL,1,1,0,100.0,0.0,MUESTRA_INSUFICIENTE,INSUFICIENTE,51.67,30.78,72.55,False,1,,,,,,0,,NZDCHF-OTC,put,REACCIÓN_ZONA,TENDENCIA,ALCISTA_NORMAL,,,,
CLAVE_ESPECIFICA,CLAVE_ESPECIFICA|USDMXN-OTC|PUT|REVERSIÓN|TENDENCIA|ALCISTA_DEBIL,1,1,0,100.0,0.0,MUESTRA_INSUFICIENTE,INSUFICIENTE,51.67,30.78,72.55,False,1,,,,,,0,,USDMXN-OTC,put,REVERSIÓN,TENDENCIA,ALCISTA_DEBIL,,,,
CLAVE_ESPECIFICA,CLAVE_ESPECIFICA|MANAUSD-OTC|PUT|REVERSIÓN_ESTRUCTURAL|TENDENCIA|BAJISTA_NORMAL,1,1,0,100.0,0.0,MUESTRA_INSUFICIENTE,INSUFICIENTE,51.67,30.78,72.55,False,1,,,,,,0,,MANAUSD-OTC,put,REVERSIÓN_ESTRUCTURAL,TENDENCIA,BAJISTA_NORMAL,,,,
CONTEXTO_SETUP,CONTEXTO_SETUP|CALL|REVERSIÓN|REVERSION_ALCISTA|SWEEP_CON_RECHAZO_AGOTAMIENTO|TENDENCIA,1,1,0,100.0,0.0,MUESTRA_INSUFICIENTE,INSUFICIENTE,51.67,30.78,72.55,False,1,,,,,,0,,EURCAD-OTC,call,REVERSIÓN,TENDENCIA,BAJISTA_NORMAL,,,,
SETUP_EVIDENCIAS,SETUP_EVIDENCIAS|REVERSION_ALCISTA+REVERSIÓN+SWEEP_CON_RECHAZO_AGOTAMIENTO,1,1,0,100.0,0.0,MUESTRA_INSUFICIENTE,INSUFICIENTE,51.67,30.78,72.55,False,1,,,,,,0,,EURCAD-OTC,call,REVERSIÓN,TENDENCIA,BAJISTA_NORMAL,,,,
CLAVE_ESPECIFICA,CLAVE_ESPECIFICA|USDTHB-OTC|PUT|CONTINUACIÓN|TENDENCIA|BAJISTA_DEBIL,1,1,0,100.0,0.0,MUESTRA_INSUFICIENTE,INSUFICIENTE,51.67,30.78,72.55,False,1,,,,,,0,,USDTHB-OTC,put,CONTINUACIÓN,TENDENCIA,BAJISTA_DEBIL,,,,
CLAVE_ESPECIFICA,CLAVE_ESPECIFICA|NZDCHF-OTC|PUT|REVERSIÓN|TENDENCIA|ALCISTA_FUERTE,1,1,0,100.0,0.0,MUESTRA_INSUFICIENTE,INSUFICIENTE,51.67,30.78,72.55,False,1,,,,,,0,,NZDCHF-OTC,put,REVERSIÓN,TENDENCIA,ALCISTA_FUERTE,,,,
CLAVE_ESPECIFICA,CLAVE_ESPECIFICA|EURCAD-OTC|PUT|REVERSIÓN|TENDENCIA|BAJISTA_NORMAL,1,1,0,100.0,0.0,MUESTRA_INSUFICIENTE,INSUFICIENTE,51.67,30.78,72.55,False,1,,,,,,0,,EURCAD-OTC,put,REVERSIÓN,TENDENCIA,BAJISTA_NORMAL,,,,
CONTEXTO_SETUP,CONTEXTO_SETUP|PUT|REVERSIÓN|REVERSION_BAJISTA|SWEEP_CON_RECHAZO_AGOTAMIENTO|TENDENCIA,1,1,0,100.0,0.0,MUESTRA_INSUFICIENTE,INSUFICIENTE,51.67,30.78,72.55,False,1,,,,,,0,,USDSGD-OTC,put,REVERSIÓN,TENDENCIA,ALCISTA_NORMAL,,,,
SETUP_EVIDENCIAS,SETUP_EVIDENCIAS|REVERSION_BAJISTA+REVERSIÓN+SWEEP_CON_RECHAZO_AGOTAMIENTO,1,1,0,100.0,0.0,MUESTRA_INSUFICIENTE,INSUFICIENTE,51.67,30.78,72.55,False,1,,,,,,0,,USDSGD-OTC,put,REVERSIÓN,TENDENCIA,ALCISTA_NORMAL,,,,
CLAVE_ESPECIFICA,CLAVE_ESPECIFICA|USDSGD-OTC|CALL|REVERSIÓN|TENDENCIA|ALCISTA_NORMAL,1,1,0,100.0,0.0,MUESTRA_INSUFICIENTE,INSUFICIENTE,51.67,30.78,72.55,False,1,,,,,,0,,USDSGD-OTC,call,REVERSIÓN,TENDENCIA,ALCISTA_NORMAL,,,,
CLAVE_ESPECIFICA,CLAVE_ESPECIFICA|MANAUSD-OTC|PUT|REVERSIÓN|TENDENCIA|ALCISTA_DEBIL,1,1,0,100.0,0.0,MUESTRA_INSUFICIENTE,INSUFICIENTE,51.67,30.78,72.55,False,1,,,,,,0,,MANAUSD-OTC,put,REVERSIÓN,TENDENCIA,ALCISTA_DEBIL,,,,
CLAVE_ESPECIFICA,CLAVE_ESPECIFICA|MANAUSD-OTC|CALL|REVERSIÓN|TENDENCIA|ALCISTA_NORMAL,1,1,0,100.0,0.0,MUESTRA_INSUFICIENTE,INSUFICIENTE,51.67,30.78,72.55,False,1,,,,,,0,,MANAUSD-OTC,call,REVERSIÓN,TENDENCIA,ALCISTA_NORMAL,,,,
CLAVE_ESPECIFICA,CLAVE_ESPECIFICA|AIG-OTC|CALL|REVERSIÓN_ESTRUCTURAL|TENDENCIA|ALCISTA_NORMAL,1,1,0,100.0,0.0,MUESTRA_INSUFICIENTE,INSUFICIENTE,51.67,30.78,72.55,False,1,,,,,,0,,AIG-OTC,call,REVERSIÓN_ESTRUCTURAL,TENDENCIA,ALCISTA_NORMAL,,,,
CLAVE_ESPECIFICA,CLAVE_ESPECIFICA|HK33-OTC|CALL|REVERSIÓN_ESTRUCTURAL|TENDENCIA|ALCISTA_NORMAL,1,1,0,100.0,0.0,MUESTRA_INSUFICIENTE,INSUFICIENTE,51.67,30.78,72.55,False,1,,,,,,0,,HK33-OTC,call,REVERSIÓN_ESTRUCTURAL,TENDENCIA,ALCISTA_NORMAL,,,,
CLAVE_ESPECIFICA,CLAVE_ESPECIFICA|LTCUSD-OTC|CALL|CONTINUACIÓN|TENDENCIA|ALCISTA_FUERTE,1,1,0,100.0,0.0,MUESTRA_INSUFICIENTE,INSUFICIENTE,51.67,30.78,72.55,False,1,,,,,,0,,LTCUSD-OTC,call,CONTINUACIÓN,TENDENCIA,ALCISTA_FUERTE,,,,
CLAVE_ESPECIFICA,CLAVE_ESPECIFICA|NZDCHF-OTC|CALL|REVERSIÓN_ESTRUCTURAL|TENDENCIA|ALCISTA_NORMAL,1,1,0,100.0,0.0,MUESTRA_INSUFICIENTE,INSUFICIENTE,51.67,30.78,72.55,False,1,,,,,,0,,NZDCHF-OTC,call,REVERSIÓN_ESTRUCTURAL,TENDENCIA,ALCISTA_NORMAL,,,,
CLAVE_ESPECIFICA,CLAVE_ESPECIFICA|LTCUSD-OTC|CALL|REVERSIÓN|TENDENCIA|BAJISTA_DEBIL,1,1,0,100.0,0.0,MUESTRA_INSUFICIENTE,INSUFICIENTE,51.67,30.78,72.55,False,1,,,,,,0,,LTCUSD-OTC,call,REVERSIÓN,TENDENCIA,BAJISTA_DEBIL,,,,
CLAVE_ESPECIFICA,CLAVE_ESPECIFICA|US2000-OTC|PUT|REACCIÓN_ZONA|TENDENCIA|ALCISTA_NORMAL,1,1,0,100.0,0.0,MUESTRA_INSUFICIENTE,INSUFICIENTE,51.67,30.78,72.55,False,1,,,,,,0,,US2000-OTC,put,REACCIÓN_ZONA,TENDENCIA,ALCISTA_NORMAL,,,,
CLAVE_ESPECIFICA,CLAVE_ESPECIFICA|HK33-OTC|PUT|REACCIÓN_ZONA|TENDENCIA|BAJISTA_NORMAL,1,1,0,100.0,0.0,MUESTRA_INSUFICIENTE,INSUFICIENTE,51.67,30.78,72.55,False,1,,,,,,0,,HK33-OTC,put,REACCIÓN_ZONA,TENDENCIA,BAJISTA_NORMAL,,,,
CONTEXTO_SETUP,CONTEXTO_SETUP|PUT|REVERSIÓN_ESTRUCTURAL|CHOCH_BAJISTA|CHOCH_TENDENCIA_DEBIL|TENDENCIA,1,1,0,100.0,0.0,MUESTRA_INSUFICIENTE,INSUFICIENTE,51.67,30.78,72.55,False,1,,,,,,0,,NZDCHF-OTC,put,REVERSIÓN_ESTRUCTURAL,TENDENCIA,BAJISTA_DEBIL,,,,
CLAVE_ESPECIFICA,CLAVE_ESPECIFICA|NZDCHF-OTC|PUT|REVERSIÓN_ESTRUCTURAL|TENDENCIA|BAJISTA_DEBIL,1,1,0,100.0,0.0,MUESTRA_INSUFICIENTE,INSUFICIENTE,51.67,30.78,72.55,False,1,,,,,,0,,NZDCHF-OTC,put,REVERSIÓN_ESTRUCTURAL,TENDENCIA,BAJISTA_DEBIL,,,,
SETUP_EVIDENCIAS,SETUP_EVIDENCIAS|CHOCH_BAJISTA+CHOCH_TENDENCIA_DEBIL+REVERSIÓN_ESTRUCTURAL,1,1,0,100.0,0.0,MUESTRA_INSUFICIENTE,INSUFICIENTE,51.67,30.78,72.55,False,1,,,,,,0,,NZDCHF-OTC,put,REVERSIÓN_ESTRUCTURAL,TENDENCIA,BAJISTA_DEBIL,,,,
CLAVE_ESPECIFICA,CLAVE_ESPECIFICA|USDMXN-OTC|CALL|REVERSIÓN|TENDENCIA|ALCISTA_DEBIL,1,1,0,100.0,0.0,MUESTRA_INSUFICIENTE,INSUFICIENTE,51.67,30.78,72.55,False,1,,,,,,0,,USDMXN-OTC,call,REVERSIÓN,TENDENCIA,ALCISTA_DEBIL,,,,
CLAVE_ESPECIFICA,CLAVE_ESPECIFICA|US2000-OTC|CALL|REVERSIÓN|TENDENCIA|ALCISTA_NORMAL,1,1,0,100.0,0.0,MUESTRA_INSUFICIENTE,INSUFICIENTE,51.67,30.78,72.55,False,1,,,,,,0,,US2000-OTC,call,REVERSIÓN,TENDENCIA,ALCISTA_NORMAL,,,,
CLAVE_ESPECIFICA,CLAVE_ESPECIFICA|AIG-OTC|CALL|CONTINUACIÓN|TENDENCIA|ALCISTA_FUERTE,1,1,0,100.0,0.0,MUESTRA_INSUFICIENTE,INSUFICIENTE,51.67,30.78,72.55,False,1,,,,,,0,,AIG-OTC,call,CONTINUACIÓN,TENDENCIA,ALCISTA_FUERTE,,,,
CLAVE_ESPECIFICA,CLAVE_ESPECIFICA|AIG-OTC|PUT|REVERSIÓN_ESTRUCTURAL|TENDENCIA|BAJISTA_NORMAL,1,1,0,100.0,0.0,MUESTRA_INSUFICIENTE,INSUFICIENTE,51.67,30.78,72.55,False,1,,,,,,0,,AIG-OTC,put,REVERSIÓN_ESTRUCTURAL,TENDENCIA,BAJISTA_NORMAL,,,,
CLAVE_ESPECIFICA,CLAVE_ESPECIFICA|EURCAD-OTC|PUT|REVERSIÓN|TENDENCIA|ALCISTA_DEBIL,1,1,0,100.0,0.0,MUESTRA_INSUFICIENTE,INSUFICIENTE,51.67,30.78,72.55,False,1,,,,,,0,,EURCAD-OTC,put,REVERSIÓN,TENDENCIA,ALCISTA_DEBIL,,,,
CONTEXTO_TECNICO,CONTEXTO_TECNICO|PUT|REVERSIÓN|RANGO|ALCISTA_NORMAL,1,0,1,0.0,0.0,MUESTRA_INSUFICIENTE,INSUFICIENTE,46.9,26.05,67.76,False,1,,,,,,0,,HK33-OTC,put,REVERSIÓN,RANGO,ALCISTA_NORMAL,,,,
CONTEXTO_SETUP,CONTEXTO_SETUP|PUT|REVERSIÓN|SWEEP_BAJISTA|SWEEP_RUPTURA_CONFIRMABLE|RANGO,1,0,1,0.0,0.0,MUESTRA_INSUFICIENTE,INSUFICIENTE,46.9,26.05,67.76,False,1,,,,,,0,,HK33-OTC,put,REVERSIÓN,RANGO,ALCISTA_NORMAL,,,,
FAMILIA_MERCADO,FAMILIA_MERCADO|REVERSIÓN|RANGO,1,0,1,0.0,0.0,MUESTRA_INSUFICIENTE,INSUFICIENTE,46.9,26.05,67.76,False,1,,,,,,0,,HK33-OTC,put,REVERSIÓN,RANGO,ALCISTA_NORMAL,,,,
CLAVE_ESPECIFICA,CLAVE_ESPECIFICA|HK33-OTC|PUT|REVERSIÓN|RANGO|ALCISTA_NORMAL,1,0,1,0.0,0.0,MUESTRA_INSUFICIENTE,INSUFICIENTE,46.9,26.05,67.76,False,1,,,,,,0,,HK33-OTC,put,REVERSIÓN,RANGO,ALCISTA_NORMAL,,,,
FIRMA_EVIDENCIAS_EXACTA,FIRMA_EVIDENCIAS_EXACTA|ALCISTA_NORMAL+PUT+RANGO+REVERSIÓN,1,0,1,0.0,0.0,MUESTRA_INSUFICIENTE,INSUFICIENTE,46.9,26.05,67.76,False,1,,,,,,0,,HK33-OTC,put,REVERSIÓN,RANGO,ALCISTA_NORMAL,,,,
CLAVE_ESPECIFICA,CLAVE_ESPECIFICA|COFFEE-OTC|PUT|CONTINUACIÓN|TENDENCIA|BAJISTA_FUERTE,1,0,1,0.0,0.0,MUESTRA_INSUFICIENTE,INSUFICIENTE,46.9,26.05,67.76,False,1,,,,,,0,,COFFEE-OTC,put,CONTINUACIÓN,TENDENCIA,BAJISTA_FUERTE,,,,
CLAVE_ESPECIFICA,CLAVE_ESPECIFICA|US2000-OTC|CALL|REVERSIÓN|TENDENCIA|BAJISTA_DEBIL,1,0,1,0.0,0.0,MUESTRA_INSUFICIENTE,INSUFICIENTE,46.9,26.05,67.76,False,1,,,,,,0,,US2000-OTC,call,REVERSIÓN,TENDENCIA,BAJISTA_DEBIL,,,,
CLAVE_ESPECIFICA,CLAVE_ESPECIFICA|NZDCHF-OTC|PUT|CONTINUACIÓN|TENDENCIA|BAJISTA_AGOTADA,1,0,1,0.0,0.0,MUESTRA_INSUFICIENTE,INSUFICIENTE,46.9,26.05,67.76,False,1,,,,,,0,,NZDCHF-OTC,put,CONTINUACIÓN,TENDENCIA,BAJISTA_AGOTADA,,,,
CLAVE_ESPECIFICA,CLAVE_ESPECIFICA|USDSGD-OTC|CALL|REVERSIÓN|TENDENCIA|ALCISTA_DEBIL,1,0,1,0.0,0.0,MUESTRA_INSUFICIENTE,INSUFICIENTE,46.9,26.05,67.76,False,1,,,,,,0,,USDSGD-OTC,call,REVERSIÓN,TENDENCIA,ALCISTA_DEBIL,,,,
CLAVE_ESPECIFICA,CLAVE_ESPECIFICA|EURCAD-OTC|CALL|REVERSIÓN|TENDENCIA|ALCISTA_DEBIL,1,0,1,0.0,0.0,MUESTRA_INSUFICIENTE,INSUFICIENTE,46.9,26.05,67.76,False,1,,,,,,0,,EURCAD-OTC,call,REVERSIÓN,TENDENCIA,ALCISTA_DEBIL,,,,
CLAVE_ESPECIFICA,CLAVE_ESPECIFICA|USDMXN-OTC|PUT|REACCIÓN_ZONA|TENDENCIA|BAJISTA_NORMAL,1,0,1,0.0,0.0,MUESTRA_INSUFICIENTE,INSUFICIENTE,46.9,26.05,67.76,False,1,,,,,,0,,USDMXN-OTC,put,REACCIÓN_ZONA,TENDENCIA,BAJISTA_NORMAL,,,,
CLAVE_ESPECIFICA,CLAVE_ESPECIFICA|LTCUSD-OTC|PUT|CONTINUACIÓN|TENDENCIA|BAJISTA_FUERTE,1,0,1,0.0,0.0,MUESTRA_INSUFICIENTE,INSUFICIENTE,46.9,26.05,67.76,False,1,,,,,,0,,LTCUSD-OTC,put,CONTINUACIÓN,TENDENCIA,BAJISTA_FUERTE,,,,
CLAVE_ESPECIFICA,CLAVE_ESPECIFICA|HK33-OTC|PUT|REACCIÓN_ZONA|TENDENCIA|ALCISTA_NORMAL,1,0,1,0.0,0.0,MUESTRA_INSUFICIENTE,INSUFICIENTE,46.9,26.05,67.76,False,1,,,,,,0,,HK33-OTC,put,REACCIÓN_ZONA,TENDENCIA,ALCISTA_NORMAL,,,,
CLAVE_ESPECIFICA,CLAVE_ESPECIFICA|NZDJPY-OTC|PUT|REVERSIÓN|TENDENCIA|ALCISTA_NORMAL,1,0,1,0.0,0.0,MUESTRA_INSUFICIENTE,INSUFICIENTE,46.9,26.05,67.76,False,1,,,,,,0,,NZDJPY-OTC,put,REVERSIÓN,TENDENCIA,ALCISTA_NORMAL,,,,
CLAVE_ESPECIFICA,CLAVE_ESPECIFICA|NZDCHF-OTC|CALL|CONTINUACIÓN|TENDENCIA|ALCISTA_NORMAL,1,0,1,0.0,0.0,MUESTRA_INSUFICIENTE,INSUFICIENTE,46.9,26.05,67.76,False,1,,,,,,0,,NZDCHF-OTC,call,CONTINUACIÓN,TENDENCIA,ALCISTA_NORMAL,,,,
CLAVE_ESPECIFICA,CLAVE_ESPECIFICA|USDTHB-OTC|CALL|REVERSIÓN|TENDENCIA|BAJISTA_FUERTE,1,0,1,0.0,0.0,MUESTRA_INSUFICIENTE,INSUFICIENTE,46.9,26.05,67.76,False,1,,,,,,0,,USDTHB-OTC,call,REVERSIÓN,TENDENCIA,BAJISTA_FUERTE,,,,
CLAVE_ESPECIFICA,CLAVE_ESPECIFICA|US2000-OTC|PUT|REVERSIÓN|TENDENCIA|BAJISTA_NORMAL,1,0,1,0.0,0.0,MUESTRA_INSUFICIENTE,INSUFICIENTE,46.9,26.05,67.76,False,1,,,,,,0,,US2000-OTC,put,REVERSIÓN,TENDENCIA,BAJISTA_NORMAL,,,,
CLAVE_ESPECIFICA,CLAVE_ESPECIFICA|LTCUSD-OTC|PUT|REVERSIÓN|TENDENCIA|BAJISTA_DEBIL,1,0,1,0.0,0.0,MUESTRA_INSUFICIENTE,INSUFICIENTE,46.9,26.05,67.76,False,1,,,,,,0,,LTCUSD-OTC,put,REVERSIÓN,TENDENCIA,BAJISTA_DEBIL,,,,
CONTEXTO_TECNICO,CONTEXTO_TECNICO|PUT|REACCIÓN_ZONA|TENDENCIA|BAJISTA_AGOTADA,1,0,1,0.0,0.0,MUESTRA_INSUFICIENTE,INSUFICIENTE,46.9,26.05,67.76,False,1,,,,,,0,,MANAUSD-OTC,put,REACCIÓN_ZONA,TENDENCIA,BAJISTA_AGOTADA,,,,
FAMILIA_TENDENCIA,FAMILIA_TENDENCIA|REACCIÓN_ZONA|BAJISTA_AGOTADA,1,0,1,0.0,0.0,MUESTRA_INSUFICIENTE,INSUFICIENTE,46.9,26.05,67.76,False,1,,,,,,0,,MANAUSD-OTC,put,REACCIÓN_ZONA,TENDENCIA,BAJISTA_AGOTADA,,,,
CLAVE_ESPECIFICA,CLAVE_ESPECIFICA|MANAUSD-OTC|PUT|REACCIÓN_ZONA|TENDENCIA|BAJISTA_AGOTADA,1,0,1,0.0,0.0,MUESTRA_INSUFICIENTE,INSUFICIENTE,46.9,26.05,67.76,False,1,,,,,,0,,MANAUSD-OTC,put,REACCIÓN_ZONA,TENDENCIA,BAJISTA_AGOTADA,,,,
FIRMA_EVIDENCIAS_EXACTA,FIRMA_EVIDENCIAS_EXACTA|BAJISTA_AGOTADA+PUT+REACCIÓN_ZONA+TENDENCIA,1,0,1,0.0,0.0,MUESTRA_INSUFICIENTE,INSUFICIENTE,46.9,26.05,67.76,False,1,,,,,,0,,MANAUSD-OTC,put,REACCIÓN_ZONA,TENDENCIA,BAJISTA_AGOTADA,,,,
CLAVE_ESPECIFICA,CLAVE_ESPECIFICA|AIG-OTC|PUT|REACCIÓN_ZONA|TENDENCIA|ALCISTA_NORMAL,1,0,1,0.0,0.0,MUESTRA_INSUFICIENTE,INSUFICIENTE,46.9,26.05,67.76,False,1,,,,,,0,,AIG-OTC,put,REACCIÓN_ZONA,TENDENCIA,ALCISTA_NORMAL,,,,
CLAVE_ESPECIFICA,CLAVE_ESPECIFICA|HK33-OTC|CALL|REACCIÓN_ZONA|TENDENCIA|ALCISTA_NORMAL,1,0,1,0.0,0.0,MUESTRA_INSUFICIENTE,INSUFICIENTE,46.9,26.05,67.76,False,1,,,,,,0,,HK33-OTC,call,REACCIÓN_ZONA,TENDENCIA,ALCISTA_NORMAL,,,,
CLAVE_ESPECIFICA,CLAVE_ESPECIFICA|USDTHB-OTC|CALL|REACCIÓN_ZONA|TENDENCIA|ALCISTA_NORMAL,1,0,1,0.0,0.0,MUESTRA_INSUFICIENTE,INSUFICIENTE,46.9,26.05,67.76,False,1,,,,,,0,,USDTHB-OTC,call,REACCIÓN_ZONA,TENDENCIA,ALCISTA_NORMAL,,,,
CLAVE_ESPECIFICA,CLAVE_ESPECIFICA|USDSGD-OTC|PUT|REVERSIÓN|TENDENCIA|BAJISTA_DEBIL,1,0,1,0.0,0.0,MUESTRA_INSUFICIENTE,INSUFICIENTE,46.9,26.05,67.76,False,1,,,,,,0,,USDSGD-OTC,put,REVERSIÓN,TENDENCIA,BAJISTA_DEBIL,,,,
CLAVE_ESPECIFICA,CLAVE_ESPECIFICA|USDTHB-OTC|PUT|REVERSIÓN|TENDENCIA|BAJISTA_NORMAL,1,0,1,0.0,0.0,MUESTRA_INSUFICIENTE,INSUFICIENTE,46.9,26.05,67.76,False,1,,,,,,0,,USDTHB-OTC,put,REVERSIÓN,TENDENCIA,BAJISTA_NORMAL,,,,
CONTEXTO_SETUP,CONTEXTO_SETUP|CALL|REACCIÓN_ZONA|RECHAZO_ALCISTA|ZONA_RECHAZO_CONFIRMADO|TENDENCIA,1,0,1,0.0,0.0,MUESTRA_INSUFICIENTE,INSUFICIENTE,46.9,26.05,67.76,False,1,,,,,,0,,USDSGD-OTC,call,REACCIÓN_ZONA,TENDENCIA,ALCISTA_NORMAL,,,,
SETUP_EVIDENCIAS,SETUP_EVIDENCIAS|REACCIÓN_ZONA+RECHAZO_ALCISTA+ZONA_RECHAZO_CONFIRMADO,1,0,1,0.0,0.0,MUESTRA_INSUFICIENTE,INSUFICIENTE,46.9,26.05,67.76,False,1,,,,,,0,,USDSGD-OTC,call,REACCIÓN_ZONA,TENDENCIA,ALCISTA_NORMAL,,,,
CLAVE_ESPECIFICA,CLAVE_ESPECIFICA|NZDCHF-OTC|PUT|REACCIÓN_ZONA|TENDENCIA|BAJISTA_NORMAL,1,0,1,0.0,0.0,MUESTRA_INSUFICIENTE,INSUFICIENTE,46.9,26.05,67.76,False,1,,,,,,0,,NZDCHF-OTC,put,REACCIÓN_ZONA,TENDENCIA,BAJISTA_NORMAL,,,,
CLAVE_ESPECIFICA,CLAVE_ESPECIFICA|NZDCHF-OTC|PUT|CONTINUACIÓN|TENDENCIA|BAJISTA_FUERTE,1,0,1,0.0,0.0,MUESTRA_INSUFICIENTE,INSUFICIENTE,46.9,26.05,67.76,False,1,,,,,,0,,NZDCHF-OTC,put,CONTINUACIÓN,TENDENCIA,BAJISTA_FUERTE,,,,
CONTEXTO_TECNICO,CONTEXTO_TECNICO|PUT|REVERSIÓN_ESTRUCTURAL|RANGO|BAJISTA_NORMAL,1,0,1,0.0,0.0,MUESTRA_INSUFICIENTE,INSUFICIENTE,46.9,26.05,67.76,False,1,,,,,,0,,USDTHB-OTC,put,REVERSIÓN_ESTRUCTURAL,RANGO,BAJISTA_NORMAL,,,,
CONTEXTO_SETUP,CONTEXTO_SETUP|PUT|REVERSIÓN_ESTRUCTURAL|CHOCH_BAJISTA|CHOCH_CON_PA_A_FAVOR|RANGO,1,0,1,0.0,0.0,MUESTRA_INSUFICIENTE,INSUFICIENTE,46.9,26.05,67.76,False,1,,,,,,0,,USDTHB-OTC,put,REVERSIÓN_ESTRUCTURAL,RANGO,BAJISTA_NORMAL,,,,
FAMILIA_MERCADO,FAMILIA_MERCADO|REVERSIÓN_ESTRUCTURAL|RANGO,1,0,1,0.0,0.0,MUESTRA_INSUFICIENTE,INSUFICIENTE,46.9,26.05,67.76,False,1,,,,,,0,,USDTHB-OTC,put,REVERSIÓN_ESTRUCTURAL,RANGO,BAJISTA_NORMAL,,,,
CLAVE_ESPECIFICA,CLAVE_ESPECIFICA|USDTHB-OTC|PUT|REVERSIÓN_ESTRUCTURAL|RANGO|BAJISTA_NORMAL,1,0,1,0.0,0.0,MUESTRA_INSUFICIENTE,INSUFICIENTE,46.9,26.05,67.76,False,1,,,,,,0,,USDTHB-OTC,put,REVERSIÓN_ESTRUCTURAL,RANGO,BAJISTA_NORMAL,,,,
FIRMA_EVIDENCIAS_EXACTA,FIRMA_EVIDENCIAS_EXACTA|BAJISTA_NORMAL+PUT+RANGO+REVERSIÓN_ESTRUCTURAL,1,0,1,0.0,0.0,MUESTRA_INSUFICIENTE,INSUFICIENTE,46.9,26.05,67.76,False,1,,,,,,0,,USDTHB-OTC,put,REVERSIÓN_ESTRUCTURAL,RANGO,BAJISTA_NORMAL,,,,
CLAVE_ESPECIFICA,CLAVE_ESPECIFICA|USDSGD-OTC|CALL|REVERSIÓN|TENDENCIA|BAJISTA_NORMAL,1,0,1,0.0,0.0,MUESTRA_INSUFICIENTE,INSUFICIENTE,46.9,26.05,67.76,False,1,,,,,,0,,USDSGD-OTC,call,REVERSIÓN,TENDENCIA,BAJISTA_NORMAL,,,,
CLAVE_ESPECIFICA,CLAVE_ESPECIFICA|USDTHB-OTC|PUT|REACCIÓN_ZONA|TENDENCIA|BAJISTA_FUERTE,1,0,1,0.0,0.0,MUESTRA_INSUFICIENTE,INSUFICIENTE,46.9,26.05,67.76,False,1,,,,,,0,,USDTHB-OTC,put,REACCIÓN_ZONA,TENDENCIA,BAJISTA_FUERTE,,,,
CLAVE_ESPECIFICA,CLAVE_ESPECIFICA|USDMXN-OTC|CALL|REVERSIÓN|TENDENCIA|BAJISTA_FUERTE,1,0,1,0.0,0.0,MUESTRA_INSUFICIENTE,INSUFICIENTE,46.9,26.05,67.76,False,1,,,,,,0,,USDMXN-OTC,call,REVERSIÓN,TENDENCIA,BAJISTA_FUERTE,,,,
CLAVE_ESPECIFICA,CLAVE_ESPECIFICA|USDSGD-OTC|PUT|CONTINUACIÓN|TENDENCIA|BAJISTA_DEBIL,1,0,1,0.0,0.0,MUESTRA_INSUFICIENTE,INSUFICIENTE,46.9,26.05,67.76,False,1,,,,,,0,,USDSGD-OTC,put,CONTINUACIÓN,TENDENCIA,BAJISTA_DEBIL,,,,
CLAVE_ESPECIFICA,CLAVE_ESPECIFICA|EURCAD-OTC|PUT|CONTINUACIÓN|TENDENCIA|BAJISTA_AGOTADA,1,0,1,0.0,0.0,MUESTRA_INSUFICIENTE,INSUFICIENTE,46.9,26.05,67.76,False,1,,,,,,0,,EURCAD-OTC,put,CONTINUACIÓN,TENDENCIA,BAJISTA_AGOTADA,,,,
CLAVE_ESPECIFICA,CLAVE_ESPECIFICA|USDMXN-OTC|PUT|REACCIÓN_ZONA|TENDENCIA|BAJISTA_DEBIL,1,0,1,0.0,0.0,MUESTRA_INSUFICIENTE,INSUFICIENTE,46.9,26.05,67.76,False,1,,,,,,0,,USDMXN-OTC,put,REACCIÓN_ZONA,TENDENCIA,BAJISTA_DEBIL,,,,
CONTEXTO_TECNICO,CONTEXTO_TECNICO|PUT|REACCIÓN_ZONA|RANGO|BAJISTA_NORMAL,1,0,1,0.0,0.0,MUESTRA_INSUFICIENTE,INSUFICIENTE,46.9,26.05,67.76,False,1,,,,,,0,,EURCAD-OTC,put,REACCIÓN_ZONA,RANGO,BAJISTA_NORMAL,,,,
CONTEXTO_SETUP,CONTEXTO_SETUP|PUT|REACCIÓN_ZONA|RECHAZO_BAJISTA|ZONA_RECHAZO_CONFIRMADO|RANGO,1,0,1,0.0,0.0,MUESTRA_INSUFICIENTE,INSUFICIENTE,46.9,26.05,67.76,False,1,,,,,,0,,EURCAD-OTC,put,REACCIÓN_ZONA,RANGO,BAJISTA_NORMAL,,,,
FAMILIA_MERCADO,FAMILIA_MERCADO|REACCIÓN_ZONA|RANGO,1,0,1,0.0,0.0,MUESTRA_INSUFICIENTE,INSUFICIENTE,46.9,26.05,67.76,False,1,,,,,,0,,EURCAD-OTC,put,REACCIÓN_ZONA,RANGO,BAJISTA_NORMAL,,,,
CLAVE_ESPECIFICA,CLAVE_ESPECIFICA|EURCAD-OTC|PUT|REACCIÓN_ZONA|RANGO|BAJISTA_NORMAL,1,0,1,0.0,0.0,MUESTRA_INSUFICIENTE,INSUFICIENTE,46.9,26.05,67.76,False,1,,,,,,0,,EURCAD-OTC,put,REACCIÓN_ZONA,RANGO,BAJISTA_NORMAL,,,,
FIRMA_EVIDENCIAS_EXACTA,FIRMA_EVIDENCIAS_EXACTA|BAJISTA_NORMAL+PUT+RANGO+REACCIÓN_ZONA,1,0,1,0.0,0.0,MUESTRA_INSUFICIENTE,INSUFICIENTE,46.9,26.05,67.76,False,1,,,,,,0,,EURCAD-OTC,put,REACCIÓN_ZONA,RANGO,BAJISTA_NORMAL,,,,
CONTEXTO_TECNICO,CONTEXTO_TECNICO|PUT|REACCIÓN_ZONA|TENDENCIA|ALCISTA_DEBIL,1,0,1,0.0,0.0,MUESTRA_INSUFICIENTE,INSUFICIENTE,46.9,26.05,67.76,False,1,,,,,,0,,USDTHB-OTC,put,REACCIÓN_ZONA,TENDENCIA,ALCISTA_DEBIL,,,,
CLAVE_ESPECIFICA,CLAVE_ESPECIFICA|USDTHB-OTC|PUT|REACCIÓN_ZONA|TENDENCIA|ALCISTA_DEBIL,1,0,1,0.0,0.0,MUESTRA_INSUFICIENTE,INSUFICIENTE,46.9,26.05,67.76,False,1,,,,,,0,,USDTHB-OTC,put,REACCIÓN_ZONA,TENDENCIA,ALCISTA_DEBIL,,,,
FIRMA_EVIDENCIAS_EXACTA,FIRMA_EVIDENCIAS_EXACTA|ALCISTA_DEBIL+PUT+REACCIÓN_ZONA+TENDENCIA,1,0,1,0.0,0.0,MUESTRA_INSUFICIENTE,INSUFICIENTE,46.9,26.05,67.76,False,1,,,,,,0,,USDTHB-OTC,put,REACCIÓN_ZONA,TENDENCIA,ALCISTA_DEBIL,,,,
CLAVE_ESPECIFICA,CLAVE_ESPECIFICA|US2000-OTC|PUT|REVERSIÓN_ESTRUCTURAL|TENDENCIA|BAJISTA_FUERTE,1,0,1,0.0,0.0,MUESTRA_INSUFICIENTE,INSUFICIENTE,46.9,26.05,67.76,False,1,,,,,,0,,US2000-OTC,put,REVERSIÓN_ESTRUCTURAL,TENDENCIA,BAJISTA_FUERTE,,,,
CLAVE_ESPECIFICA,CLAVE_ESPECIFICA|USDTHB-OTC|PUT|REACCIÓN_ZONA|TENDENCIA|BAJISTA_NORMAL,1,0,1,0.0,0.0,MUESTRA_INSUFICIENTE,INSUFICIENTE,46.9,26.05,67.76,False,1,,,,,,0,,USDTHB-OTC,put,REACCIÓN_ZONA,TENDENCIA,BAJISTA_NORMAL,,,,
CLAVE_ESPECIFICA,CLAVE_ESPECIFICA|NZDJPY-OTC|PUT|REACCIÓN_ZONA|TENDENCIA|ALCISTA_NORMAL,1,0,1,0.0,0.0,MUESTRA_INSUFICIENTE,INSUFICIENTE,46.9,26.05,67.76,False,1,,,,,,0,,NZDJPY-OTC,put,REACCIÓN_ZONA,TENDENCIA,ALCISTA_NORMAL,,,,
CLAVE_ESPECIFICA,CLAVE_ESPECIFICA|MANAUSD-OTC|PUT|REVERSIÓN|TENDENCIA|ALCISTA_FUERTE,1,0,1,0.0,0.0,MUESTRA_INSUFICIENTE,INSUFICIENTE,46.9,26.05,67.76,False,1,,,,,,0,,MANAUSD-OTC,put,REVERSIÓN,TENDENCIA,ALCISTA_FUERTE,,,,
CLAVE_ESPECIFICA,CLAVE_ESPECIFICA|LTCUSD-OTC|PUT|REACCIÓN_ZONA|TENDENCIA|BAJISTA_NORMAL,1,0,1,0.0,0.0,MUESTRA_INSUFICIENTE,INSUFICIENTE,46.9,26.05,67.76,False,1,,,,,,0,,LTCUSD-OTC,put,REACCIÓN_ZONA,TENDENCIA,BAJISTA_NORMAL,,,,
CLAVE_ESPECIFICA,CLAVE_ESPECIFICA|MANAUSD-OTC|CALL|REVERSIÓN_ESTRUCTURAL|TENDENCIA|ALCISTA_NORMAL,1,0,1,0.0,0.0,MUESTRA_INSUFICIENTE,INSUFICIENTE,46.9,26.05,67.76,False,1,,,,,,0,,MANAUSD-OTC,call,REVERSIÓN_ESTRUCTURAL,TENDENCIA,ALCISTA_NORMAL,,,,
CLAVE_ESPECIFICA,CLAVE_ESPECIFICA|NZDJPY-OTC|PUT|REVERSIÓN|TENDENCIA|BAJISTA_NORMAL,1,0,1,0.0,0.0,MUESTRA_INSUFICIENTE,INSUFICIENTE,46.9,26.05,67.76,False,1,,,,,,0,,NZDJPY-OTC,put,REVERSIÓN,TENDENCIA,BAJISTA_NORMAL,,,,
CLAVE_ESPECIFICA,CLAVE_ESPECIFICA|USDSGD-OTC|CALL|REVERSIÓN|TENDENCIA|BAJISTA_FUERTE,1,0,1,0.0,0.0,MUESTRA_INSUFICIENTE,INSUFICIENTE,46.9,26.05,67.76,False,1,,,,,,0,,USDSGD-OTC,call,REVERSIÓN,TENDENCIA,BAJISTA_FUERTE,,,,
CONTEXTO_TECNICO,CONTEXTO_TECNICO|PUT|REACCIÓN_ZONA|TENDENCIA|ALCISTA_FUERTE,1,0,1,0.0,0.0,MUESTRA_INSUFICIENTE,INSUFICIENTE,46.9,26.05,67.76,False,1,,,,,,0,,NZDJPY-OTC,put,REACCIÓN_ZONA,TENDENCIA,ALCISTA_FUERTE,,,,
CLAVE_ESPECIFICA,CLAVE_ESPECIFICA|NZDJPY-OTC|PUT|REACCIÓN_ZONA|TENDENCIA|ALCISTA_FUERTE,1,0,1,0.0,0.0,MUESTRA_INSUFICIENTE,INSUFICIENTE,46.9,26.05,67.76,False,1,,,,,,0,,NZDJPY-OTC,put,REACCIÓN_ZONA,TENDENCIA,ALCISTA_FUERTE,,,,
FIRMA_EVIDENCIAS_EXACTA,FIRMA_EVIDENCIAS_EXACTA|ALCISTA_FUERTE+PUT+REACCIÓN_ZONA+TENDENCIA,1,0,1,0.0,0.0,MUESTRA_INSUFICIENTE,INSUFICIENTE,46.9,26.05,67.76,False,1,,,,,,0,,NZDJPY-OTC,put,REACCIÓN_ZONA,TENDENCIA,ALCISTA_FUERTE,,,,
CLAVE_ESPECIFICA,CLAVE_ESPECIFICA|USDMXN-OTC|CALL|CONTINUACIÓN|TENDENCIA|ALCISTA_FUERTE,1,0,1,0.0,0.0,MUESTRA_INSUFICIENTE,INSUFICIENTE,46.9,26.05,67.76,False,1,,,,,,0,,USDMXN-OTC,call,CONTINUACIÓN,TENDENCIA,ALCISTA_FUERTE,,,,
CLAVE_ESPECIFICA,CLAVE_ESPECIFICA|USDTHB-OTC|PUT|REVERSIÓN_ESTRUCTURAL|TENDENCIA|BAJISTA_DEBIL,1,0,1,0.0,0.0,MUESTRA_INSUFICIENTE,INSUFICIENTE,46.9,26.05,67.76,False,1,,,,,,0,,USDTHB-OTC,put,REVERSIÓN_ESTRUCTURAL,TENDENCIA,BAJISTA_DEBIL,,,,
CLAVE_ESPECIFICA,CLAVE_ESPECIFICA|NZDJPY-OTC|PUT|CONTINUACIÓN|TENDENCIA|BAJISTA_FUERTE,1,0,1,0.0,0.0,MUESTRA_INSUFICIENTE,INSUFICIENTE,46.9,26.05,67.76,False,1,,,,,,0,,NZDJPY-OTC,put,CONTINUACIÓN,TENDENCIA,BAJISTA_FUERTE,,,,
CLAVE_ESPECIFICA,CLAVE_ESPECIFICA|HK33-OTC|PUT|REACCIÓN_ZONA|TENDENCIA|BAJISTA_FUERTE,1,0,1,0.0,0.0,MUESTRA_INSUFICIENTE,INSUFICIENTE,46.9,26.05,67.76,False,1,,,,,,0,,HK33-OTC,put,REACCIÓN_ZONA,TENDENCIA,BAJISTA_FUERTE,,,,
CLAVE_ESPECIFICA,CLAVE_ESPECIFICA|US2000-OTC|CALL|REVERSIÓN|TENDENCIA|BAJISTA_FUERTE,1,0,1,0.0,0.0,MUESTRA_INSUFICIENTE,INSUFICIENTE,46.9,26.05,67.76,False,1,,,,,,0,,US2000-OTC,call,REVERSIÓN,TENDENCIA,BAJISTA_FUERTE,,,,
